ISO-10303-21;
HEADER;
/* Generated by software containing ST-Developer
 * from STEP Tools, Inc. (www.steptools.com) 
 */

FILE_DESCRIPTION(
/* description */ (''),
/* implementation_level */ '2;1');

FILE_NAME(
/* name */ 'Field Outline v12.step',
/* time_stamp */ '2025-10-24T17:52:56-05:00',
/* author */ (''),
/* organization */ (''),
/* preprocessor_version */ 'ST-DEVELOPER v20.1',
/* originating_system */ 'Autodesk Translation Framework v14.17.0.0',
/* authorisation */ '');

FILE_SCHEMA (('AUTOMOTIVE_DESIGN { 1 0 10303 214 3 1 1 }'));
ENDSEC;

DATA;
#10=MECHANICAL_DESIGN_GEOMETRIC_PRESENTATION_REPRESENTATION('',(#449,#450,
#451,#452,#453,#454,#455,#456,#457,#458,#459,#460,#461,#462,#463,#464,#465,
#466,#467,#468,#469,#470,#471,#472),#8802);
#11=ITEM_DEFINED_TRANSFORMATION($,$,#5281,#5751);
#12=(
REPRESENTATION_RELATIONSHIP($,$,#8816,#8815)
REPRESENTATION_RELATIONSHIP_WITH_TRANSFORMATION(#11)
SHAPE_REPRESENTATION_RELATIONSHIP()
);
#13=CONTEXT_DEPENDENT_SHAPE_REPRESENTATION(#12,#8814);
#14=NEXT_ASSEMBLY_USAGE_OCCURRENCE('Component43:1','Component43:1',
'Component43:1',#8818,#8819,'Component43:1');
#15=FACE_BOUND('',#874,.T.);
#16=FACE_BOUND('',#892,.T.);
#17=FACE_BOUND('',#904,.T.);
#18=FACE_BOUND('',#917,.T.);
#19=FACE_BOUND('',#926,.T.);
#20=FACE_BOUND('',#934,.T.);
#21=FACE_BOUND('',#936,.T.);
#22=FACE_BOUND('',#954,.T.);
#23=FACE_BOUND('',#999,.T.);
#24=FACE_BOUND('',#1000,.T.);
#25=FACE_BOUND('',#1001,.T.);
#26=FACE_BOUND('',#1002,.T.);
#27=FACE_BOUND('',#1003,.T.);
#28=FACE_BOUND('',#1004,.T.);
#29=FACE_BOUND('',#1005,.T.);
#30=FACE_BOUND('',#1006,.T.);
#31=FACE_BOUND('',#1007,.T.);
#32=FACE_BOUND('',#1008,.T.);
#33=FACE_BOUND('',#1009,.T.);
#34=FACE_BOUND('',#1010,.T.);
#35=FACE_BOUND('',#1011,.T.);
#36=FACE_BOUND('',#1012,.T.);
#37=FACE_BOUND('',#1013,.T.);
#38=FACE_BOUND('',#1014,.T.);
#39=FACE_BOUND('',#1015,.T.);
#40=FACE_BOUND('',#1016,.T.);
#41=FACE_BOUND('',#1017,.T.);
#42=FACE_BOUND('',#1018,.T.);
#43=FACE_BOUND('',#1019,.T.);
#44=FACE_BOUND('',#1020,.T.);
#45=FACE_BOUND('',#1021,.T.);
#46=FACE_BOUND('',#1022,.T.);
#47=FACE_BOUND('',#1023,.T.);
#48=FACE_BOUND('',#1024,.T.);
#49=FACE_BOUND('',#1025,.T.);
#50=FACE_BOUND('',#1026,.T.);
#51=FACE_BOUND('',#1027,.T.);
#52=FACE_BOUND('',#1028,.T.);
#53=FACE_BOUND('',#1029,.T.);
#54=FACE_BOUND('',#1030,.T.);
#55=FACE_BOUND('',#1031,.T.);
#56=FACE_BOUND('',#1032,.T.);
#57=FACE_BOUND('',#1033,.T.);
#58=FACE_BOUND('',#1034,.T.);
#59=FACE_BOUND('',#1035,.T.);
#60=FACE_BOUND('',#1036,.T.);
#61=FACE_BOUND('',#1037,.T.);
#62=FACE_BOUND('',#1038,.T.);
#63=FACE_BOUND('',#1039,.T.);
#64=FACE_BOUND('',#1040,.T.);
#65=FACE_BOUND('',#1041,.T.);
#66=FACE_BOUND('',#1042,.T.);
#67=FACE_BOUND('',#1043,.T.);
#68=FACE_BOUND('',#1044,.T.);
#69=FACE_BOUND('',#1045,.T.);
#70=FACE_BOUND('',#1046,.T.);
#71=FACE_BOUND('',#1047,.T.);
#72=FACE_BOUND('',#1048,.T.);
#73=FACE_BOUND('',#1049,.T.);
#74=FACE_BOUND('',#1050,.T.);
#75=FACE_BOUND('',#1051,.T.);
#76=FACE_BOUND('',#1052,.T.);
#77=FACE_BOUND('',#1053,.T.);
#78=FACE_BOUND('',#1054,.T.);
#79=FACE_BOUND('',#1055,.T.);
#80=FACE_BOUND('',#1056,.T.);
#81=FACE_BOUND('',#1057,.T.);
#82=FACE_BOUND('',#1058,.T.);
#83=FACE_BOUND('',#1059,.T.);
#84=FACE_BOUND('',#1060,.T.);
#85=FACE_BOUND('',#1061,.T.);
#86=FACE_BOUND('',#1062,.T.);
#87=FACE_BOUND('',#1128,.T.);
#88=FACE_BOUND('',#1129,.T.);
#89=FACE_BOUND('',#1130,.T.);
#90=FACE_BOUND('',#1131,.T.);
#91=FACE_BOUND('',#1132,.T.);
#92=FACE_BOUND('',#1133,.T.);
#93=FACE_BOUND('',#1134,.T.);
#94=FACE_BOUND('',#1135,.T.);
#95=FACE_BOUND('',#1136,.T.);
#96=FACE_BOUND('',#1137,.T.);
#97=FACE_BOUND('',#1138,.T.);
#98=FACE_BOUND('',#1139,.T.);
#99=FACE_BOUND('',#1140,.T.);
#100=FACE_BOUND('',#1141,.T.);
#101=FACE_BOUND('',#1142,.T.);
#102=FACE_BOUND('',#1143,.T.);
#103=FACE_BOUND('',#1144,.T.);
#104=FACE_BOUND('',#1145,.T.);
#105=FACE_BOUND('',#1146,.T.);
#106=FACE_BOUND('',#1147,.T.);
#107=FACE_BOUND('',#1148,.T.);
#108=FACE_BOUND('',#1149,.T.);
#109=FACE_BOUND('',#1150,.T.);
#110=FACE_BOUND('',#1151,.T.);
#111=FACE_BOUND('',#1152,.T.);
#112=FACE_BOUND('',#1153,.T.);
#113=FACE_BOUND('',#1154,.T.);
#114=FACE_BOUND('',#1155,.T.);
#115=FACE_BOUND('',#1156,.T.);
#116=FACE_BOUND('',#1157,.T.);
#117=FACE_BOUND('',#1158,.T.);
#118=FACE_BOUND('',#1159,.T.);
#119=FACE_BOUND('',#1160,.T.);
#120=FACE_BOUND('',#1161,.T.);
#121=FACE_BOUND('',#1162,.T.);
#122=FACE_BOUND('',#1163,.T.);
#123=FACE_BOUND('',#1164,.T.);
#124=FACE_BOUND('',#1165,.T.);
#125=FACE_BOUND('',#1166,.T.);
#126=FACE_BOUND('',#1167,.T.);
#127=FACE_BOUND('',#1168,.T.);
#128=FACE_BOUND('',#1169,.T.);
#129=FACE_BOUND('',#1170,.T.);
#130=FACE_BOUND('',#1171,.T.);
#131=FACE_BOUND('',#1172,.T.);
#132=FACE_BOUND('',#1173,.T.);
#133=FACE_BOUND('',#1174,.T.);
#134=FACE_BOUND('',#1175,.T.);
#135=FACE_BOUND('',#1176,.T.);
#136=FACE_BOUND('',#1177,.T.);
#137=FACE_BOUND('',#1178,.T.);
#138=FACE_BOUND('',#1179,.T.);
#139=FACE_BOUND('',#1180,.T.);
#140=FACE_BOUND('',#1181,.T.);
#141=FACE_BOUND('',#1182,.T.);
#142=FACE_BOUND('',#1183,.T.);
#143=FACE_BOUND('',#1184,.T.);
#144=FACE_BOUND('',#1185,.T.);
#145=FACE_BOUND('',#1186,.T.);
#146=FACE_BOUND('',#1187,.T.);
#147=FACE_BOUND('',#1188,.T.);
#148=FACE_BOUND('',#1189,.T.);
#149=FACE_BOUND('',#1190,.T.);
#150=FACE_BOUND('',#1191,.T.);
#151=FACE_BOUND('',#1201,.T.);
#152=SHAPE_REPRESENTATION_RELATIONSHIP('SRR','None',#8816,#154);
#153=SHAPE_REPRESENTATION_RELATIONSHIP('SRR','None',#8815,#155);
#154=ADVANCED_BREP_SHAPE_REPRESENTATION('',(#473,#474,#475,#476,#477,#478,
#479,#480,#481),#8801);
#155=ADVANCED_BREP_SHAPE_REPRESENTATION('',(#482,#483,#484,#485,#486,#487,
#488,#489,#490,#491,#492,#493,#494,#495,#496),#8800);
#156=B_SPLINE_SURFACE_WITH_KNOTS('',3,3,((#7341,#7342,#7343,#7344,#7345),
(#7346,#7347,#7348,#7349,#7350),(#7351,#7352,#7353,#7354,#7355),(#7356,
#7357,#7358,#7359,#7360)),.UNSPECIFIED.,.F.,.F.,.F.,(4,4),(4,1,4),(0.,1.),
(5.26614065756774,8.54432944131645,12.9152478196481),.UNSPECIFIED.);
#157=B_SPLINE_SURFACE_WITH_KNOTS('',3,3,((#7370,#7371,#7372,#7373),(#7374,
#7375,#7376,#7377),(#7378,#7379,#7380,#7381),(#7382,#7383,#7384,#7385)),
 .UNSPECIFIED.,.F.,.F.,.F.,(4,4),(4,4),(0.,0.706535166614151),(4.71238898038469,
4.85344867013267),.UNSPECIFIED.);
#158=B_SPLINE_SURFACE_WITH_KNOTS('',3,3,((#7508,#7509,#7510,#7511,#7512,
#7513,#7514,#7515),(#7516,#7517,#7518,#7519,#7520,#7521,#7522,#7523),(#7524,
#7525,#7526,#7527,#7528,#7529,#7530,#7531),(#7532,#7533,#7534,#7535,#7536,
#7537,#7538,#7539)),.UNSPECIFIED.,.F.,.F.,.F.,(4,4),(4,1,1,1,1,4),(0.,1.),
(0.523598775598299,0.665417842148628,0.807236908698957,1.09087504179961,
1.23269410834994,1.5163322414506),.UNSPECIFIED.);
#159=B_SPLINE_SURFACE_WITH_KNOTS('',3,3,((#7570,#7571,#7572,#7573),(#7574,
#7575,#7576,#7577),(#7578,#7579,#7580,#7581),(#7582,#7583,#7584,#7585)),
 .UNSPECIFIED.,.F.,.F.,.F.,(4,4),(4,4),(0.,1.),(7.74989181385981,9.54594303807364),
 .UNSPECIFIED.);
#160=B_SPLINE_CURVE_WITH_KNOTS('',3,(#7280,#7281,#7282,#7283,#7284,#7285,
#7286,#7287,#7288,#7289,#7290,#7291,#7292,#7293,#7294,#7295),
 .UNSPECIFIED.,.F.,.F.,(4,2,2,2,2,2,2,4),(11.1666753018552,11.6865111300809,
13.6283313252731,15.5701515204653,17.6920511865679,19.8139508526705,21.9358505187731,
24.0577501848757),.UNSPECIFIED.);
#161=B_SPLINE_CURVE_WITH_KNOTS('',3,(#7299,#7300,#7301,#7302,#7303,#7304),
 .UNSPECIFIED.,.F.,.F.,(4,2,4),(8.38855179523865,10.4682533319618,11.3758916367989),
 .UNSPECIFIED.);
#162=B_SPLINE_CURVE_WITH_KNOTS('',3,(#7306,#7307,#7308,#7309,#7310,#7311,
#7312,#7313),.UNSPECIFIED.,.F.,.F.,(4,2,2,4),(-7.31354447620763,-5.17279460333597,
-2.91452506781736,0.),.UNSPECIFIED.);
#163=B_SPLINE_CURVE_WITH_KNOTS('',3,(#7315,#7316,#7317,#7318,#7319,#7320,
#7321,#7322),.UNSPECIFIED.,.F.,.F.,(4,2,2,4),(-8.58297588415569,-5.81937133768089,
-2.94415571727016,-1.48229550310121),.UNSPECIFIED.);
#164=B_SPLINE_CURVE_WITH_KNOTS('',3,(#7334,#7335,#7336,#7337),
 .UNSPECIFIED.,.F.,.F.,(4,4),(5.26614065756774,6.72385406662714),
 .UNSPECIFIED.);
#165=B_SPLINE_CURVE_WITH_KNOTS('',3,(#7364,#7365,#7366,#7367,#7368),
 .UNSPECIFIED.,.F.,.F.,(4,1,4),(-12.9152478196481,-8.54432944131645,-5.26614065756774),
 .UNSPECIFIED.);
#166=B_SPLINE_CURVE_WITH_KNOTS('',3,(#7386,#7387,#7388,#7389),
 .UNSPECIFIED.,.F.,.F.,(4,4),(-4.85344867013267,-4.71238898038469),
 .UNSPECIFIED.);
#167=B_SPLINE_CURVE_WITH_KNOTS('',3,(#7542,#7543,#7544,#7545),
 .UNSPECIFIED.,.F.,.F.,(4,4),(0.0499515477601795,6.31187560739976),
 .UNSPECIFIED.);
#168=B_SPLINE_CURVE_WITH_KNOTS('',3,(#7547,#7548,#7549,#7550,#7551,#7552,
#7553,#7554),.UNSPECIFIED.,.F.,.F.,(4,1,1,1,1,4),(-1.5163322414506,-1.23269410834994,
-1.09087504179961,-0.807236908698957,-0.665417842148628,-0.523598775598299),
 .UNSPECIFIED.);
#169=B_SPLINE_CURVE_WITH_KNOTS('',3,(#7558,#7559,#7560,#7561,#7562,#7563,
#7564,#7565),.UNSPECIFIED.,.F.,.F.,(4,1,1,1,1,4),(0.523598775598299,0.665417842148628,
0.807236908698957,1.09087504179961,1.23269410834994,1.48386673650024),
 .UNSPECIFIED.);
#170=B_SPLINE_CURVE_WITH_KNOTS('',3,(#7566,#7567,#7568,#7569),
 .UNSPECIFIED.,.F.,.F.,(4,4),(0.,0.415675670228554),.UNSPECIFIED.);
#171=B_SPLINE_CURVE_WITH_KNOTS('',3,(#7586,#7587,#7588,#7589),
 .UNSPECIFIED.,.F.,.F.,(4,4),(-9.54594303807364,-7.74989181385981),
 .UNSPECIFIED.);
#172=B_SPLINE_CURVE_WITH_KNOTS('',3,(#7590,#7591,#7592,#7593),
 .UNSPECIFIED.,.F.,.F.,(4,4),(7.74989181385981,9.54594303807364),
 .UNSPECIFIED.);
#173=CONICAL_SURFACE('',#5298,5.,0.785398163397449);
#174=CONICAL_SURFACE('',#5300,5.,0.785398163397448);
#175=ELLIPSE('',#5290,100.40916292849,71.);
#176=ELLIPSE('',#5292,100.40916292849,71.);
#177=ELLIPSE('',#5304,7.07106781186548,5.);
#178=ELLIPSE('',#5309,4.01527935017339,4.);
#179=ELLIPSE('',#5314,9.20996160409339,6.5);
#180=ELLIPSE('',#5315,9.2099616040934,6.5);
#181=ELLIPSE('',#5316,9.17491491962638,6.5);
#182=ELLIPSE('',#5318,9.20996160409339,6.5);
#183=ELLIPSE('',#5320,9.17491491962638,6.5);
#184=ELLIPSE('',#5321,9.2099616040934,6.5);
#185=ELLIPSE('',#5349,6.06217782649107,3.5);
#186=ELLIPSE('',#5350,6.06217782649107,3.5);
#187=ELLIPSE('',#5351,6.06217782649107,3.5);
#188=ELLIPSE('',#5354,7.07106781186547,5.);
#189=ELLIPSE('',#5363,35.3553390593273,25.);
#190=ELLIPSE('',#5372,106.066017177982,75.);
#191=CIRCLE('',#5289,71.);
#192=CIRCLE('',#5291,71.);
#193=CIRCLE('',#5299,5.);
#194=CIRCLE('',#5301,5.);
#195=CIRCLE('',#5333,7.5);
#196=CIRCLE('',#5334,7.5);
#197=CIRCLE('',#5355,5.);
#198=CIRCLE('',#5366,25.);
#199=CIRCLE('',#5367,25.);
#200=CIRCLE('',#5374,75.);
#201=CIRCLE('',#5375,75.);
#202=CIRCLE('',#5397,23.851554131049);
#203=CIRCLE('',#5398,23.851554131049);
#204=CIRCLE('',#5402,12.5);
#205=CIRCLE('',#5405,12.5);
#206=CIRCLE('',#5409,12.5);
#207=CIRCLE('',#5413,12.5);
#208=CIRCLE('',#5414,12.5);
#209=CIRCLE('',#5417,15.);
#210=CIRCLE('',#5418,15.);
#211=CIRCLE('',#5421,15.);
#212=CIRCLE('',#5422,15.);
#213=CIRCLE('',#5423,15.);
#214=CIRCLE('',#5425,15.);
#215=CIRCLE('',#5428,15.);
#216=CIRCLE('',#5431,15.);
#217=CIRCLE('',#5459,12.5);
#218=CIRCLE('',#5461,12.5);
#219=CIRCLE('',#5462,12.5);
#220=CIRCLE('',#5463,12.5);
#221=CIRCLE('',#5464,12.5);
#222=CIRCLE('',#5465,12.5);
#223=CIRCLE('',#5468,12.499999541936);
#224=CIRCLE('',#5469,12.499999541936);
#225=CIRCLE('',#5471,11.4999998272873);
#226=CIRCLE('',#5472,11.4999998272873);
#227=CIRCLE('',#5474,12.499999541936);
#228=CIRCLE('',#5475,12.499999541936);
#229=CIRCLE('',#5515,13.851554131049);
#230=CIRCLE('',#5516,13.851554131049);
#231=CIRCLE('',#5538,13.851554131049);
#232=CIRCLE('',#5539,13.851554131049);
#233=CIRCLE('',#5543,0.901387847633156);
#234=CIRCLE('',#5544,0.901387847633156);
#235=CIRCLE('',#5545,0.901387847633156);
#236=CIRCLE('',#5546,0.901387847633156);
#237=CIRCLE('',#5547,0.901387847633156);
#238=CIRCLE('',#5548,0.901387847633156);
#239=CIRCLE('',#5549,0.901387847633156);
#240=CIRCLE('',#5550,0.901387847633156);
#241=CIRCLE('',#5551,0.901387847633156);
#242=CIRCLE('',#5552,0.901387847633156);
#243=CIRCLE('',#5553,0.901387847633156);
#244=CIRCLE('',#5554,0.901387847633156);
#245=CIRCLE('',#5555,0.901387847633156);
#246=CIRCLE('',#5556,0.901387847633156);
#247=CIRCLE('',#5557,0.901387847633156);
#248=CIRCLE('',#5558,0.901387847633156);
#249=CIRCLE('',#5559,0.901387847633156);
#250=CIRCLE('',#5560,0.901387847633156);
#251=CIRCLE('',#5561,0.901387847633156);
#252=CIRCLE('',#5562,0.901387847633156);
#253=CIRCLE('',#5563,0.901387847633156);
#254=CIRCLE('',#5564,0.901387847633156);
#255=CIRCLE('',#5565,0.901387847633156);
#256=CIRCLE('',#5566,0.901387847633156);
#257=CIRCLE('',#5567,0.901387847633156);
#258=CIRCLE('',#5568,0.901387847633156);
#259=CIRCLE('',#5569,0.901387847633156);
#260=CIRCLE('',#5570,0.901387847633156);
#261=CIRCLE('',#5571,0.901387847633156);
#262=CIRCLE('',#5572,0.901387847633156);
#263=CIRCLE('',#5573,0.901387847633156);
#264=CIRCLE('',#5574,0.901387847633156);
#265=CIRCLE('',#5575,0.901387847633156);
#266=CIRCLE('',#5576,0.901387847633156);
#267=CIRCLE('',#5577,0.901387847633156);
#268=CIRCLE('',#5578,0.901387847633156);
#269=CIRCLE('',#5579,0.901387847633156);
#270=CIRCLE('',#5580,0.901387847633156);
#271=CIRCLE('',#5581,0.901387847633156);
#272=CIRCLE('',#5582,0.901387847633156);
#273=CIRCLE('',#5583,0.901387847633156);
#274=CIRCLE('',#5584,0.901387847633156);
#275=CIRCLE('',#5585,0.901387847633156);
#276=CIRCLE('',#5586,0.901387847633156);
#277=CIRCLE('',#5587,0.901387847633156);
#278=CIRCLE('',#5588,0.901387847633156);
#279=CIRCLE('',#5589,0.901387847633156);
#280=CIRCLE('',#5590,0.901387847633156);
#281=CIRCLE('',#5591,0.901387847633156);
#282=CIRCLE('',#5592,0.901387847633156);
#283=CIRCLE('',#5593,0.901387847633156);
#284=CIRCLE('',#5594,0.901387847633156);
#285=CIRCLE('',#5595,0.901387847633156);
#286=CIRCLE('',#5596,0.901387847633156);
#287=CIRCLE('',#5597,0.901387847633156);
#288=CIRCLE('',#5598,0.901387847633156);
#289=CIRCLE('',#5599,0.901387847633156);
#290=CIRCLE('',#5600,0.901387847633156);
#291=CIRCLE('',#5601,0.901387847633156);
#292=CIRCLE('',#5602,0.901387847633156);
#293=CIRCLE('',#5603,0.901387847633156);
#294=CIRCLE('',#5604,0.901387847633156);
#295=CIRCLE('',#5605,0.901387847633156);
#296=CIRCLE('',#5606,0.901387847633156);
#297=CIRCLE('',#5608,0.901387847633156);
#298=CIRCLE('',#5610,0.901387847633156);
#299=CIRCLE('',#5612,0.901387847633156);
#300=CIRCLE('',#5614,0.901387847633156);
#301=CIRCLE('',#5616,0.901387847633156);
#302=CIRCLE('',#5618,0.901387847633156);
#303=CIRCLE('',#5620,0.901387847633156);
#304=CIRCLE('',#5622,0.901387847633156);
#305=CIRCLE('',#5624,0.901387847633156);
#306=CIRCLE('',#5626,0.901387847633156);
#307=CIRCLE('',#5628,0.901387847633156);
#308=CIRCLE('',#5630,0.901387847633156);
#309=CIRCLE('',#5632,0.901387847633156);
#310=CIRCLE('',#5634,0.901387847633156);
#311=CIRCLE('',#5636,0.901387847633156);
#312=CIRCLE('',#5638,0.901387847633156);
#313=CIRCLE('',#5640,0.901387847633156);
#314=CIRCLE('',#5642,0.901387847633156);
#315=CIRCLE('',#5644,0.901387847633156);
#316=CIRCLE('',#5646,0.901387847633156);
#317=CIRCLE('',#5648,0.901387847633156);
#318=CIRCLE('',#5650,0.901387847633156);
#319=CIRCLE('',#5652,0.901387847633156);
#320=CIRCLE('',#5654,0.901387847633156);
#321=CIRCLE('',#5656,0.901387847633156);
#322=CIRCLE('',#5658,0.901387847633156);
#323=CIRCLE('',#5660,0.901387847633156);
#324=CIRCLE('',#5662,0.901387847633156);
#325=CIRCLE('',#5664,0.901387847633156);
#326=CIRCLE('',#5666,0.901387847633156);
#327=CIRCLE('',#5668,0.901387847633156);
#328=CIRCLE('',#5670,0.901387847633156);
#329=CIRCLE('',#5672,0.901387847633156);
#330=CIRCLE('',#5674,0.901387847633156);
#331=CIRCLE('',#5676,0.901387847633156);
#332=CIRCLE('',#5678,0.901387847633156);
#333=CIRCLE('',#5680,0.901387847633156);
#334=CIRCLE('',#5682,0.901387847633156);
#335=CIRCLE('',#5684,0.901387847633156);
#336=CIRCLE('',#5686,0.901387847633156);
#337=CIRCLE('',#5688,0.901387847633156);
#338=CIRCLE('',#5690,0.901387847633156);
#339=CIRCLE('',#5692,0.901387847633156);
#340=CIRCLE('',#5694,0.901387847633156);
#341=CIRCLE('',#5696,0.901387847633156);
#342=CIRCLE('',#5698,0.901387847633156);
#343=CIRCLE('',#5700,0.901387847633156);
#344=CIRCLE('',#5702,0.901387847633156);
#345=CIRCLE('',#5704,0.901387847633156);
#346=CIRCLE('',#5706,0.901387847633156);
#347=CIRCLE('',#5708,0.901387847633156);
#348=CIRCLE('',#5710,0.901387847633156);
#349=CIRCLE('',#5712,0.901387847633156);
#350=CIRCLE('',#5714,0.901387847633156);
#351=CIRCLE('',#5716,0.901387847633156);
#352=CIRCLE('',#5718,0.901387847633156);
#353=CIRCLE('',#5720,0.901387847633156);
#354=CIRCLE('',#5722,0.901387847633156);
#355=CIRCLE('',#5724,0.901387847633156);
#356=CIRCLE('',#5726,0.901387847633156);
#357=CIRCLE('',#5728,0.901387847633156);
#358=CIRCLE('',#5730,0.901387847633156);
#359=CIRCLE('',#5732,0.901387847633156);
#360=CIRCLE('',#5734,0.901387847633156);
#361=CYLINDRICAL_SURFACE('',#5288,71.);
#362=CYLINDRICAL_SURFACE('',#5303,5.);
#363=CYLINDRICAL_SURFACE('',#5306,5.);
#364=CYLINDRICAL_SURFACE('',#5308,4.);
#365=CYLINDRICAL_SURFACE('',#5313,6.5);
#366=CYLINDRICAL_SURFACE('',#5319,6.5);
#367=CYLINDRICAL_SURFACE('',#5332,7.5);
#368=CYLINDRICAL_SURFACE('',#5348,3.5);
#369=CYLINDRICAL_SURFACE('',#5353,5.);
#370=CYLINDRICAL_SURFACE('',#5365,25.);
#371=CYLINDRICAL_SURFACE('',#5373,75.);
#372=CYLINDRICAL_SURFACE('',#5396,23.851554131049);
#373=CYLINDRICAL_SURFACE('',#5404,12.5);
#374=CYLINDRICAL_SURFACE('',#5412,12.5);
#375=CYLINDRICAL_SURFACE('',#5416,15.);
#376=CYLINDRICAL_SURFACE('',#5424,15.);
#377=CYLINDRICAL_SURFACE('',#5427,15.);
#378=CYLINDRICAL_SURFACE('',#5430,15.);
#379=CYLINDRICAL_SURFACE('',#5466,12.5);
#380=CYLINDRICAL_SURFACE('',#5467,12.499999541936);
#381=CYLINDRICAL_SURFACE('',#5470,11.4999998272873);
#382=CYLINDRICAL_SURFACE('',#5473,12.499999541936);
#383=CYLINDRICAL_SURFACE('',#5514,13.851554131049);
#384=CYLINDRICAL_SURFACE('',#5537,13.851554131049);
#385=CYLINDRICAL_SURFACE('',#5607,0.901387847633156);
#386=CYLINDRICAL_SURFACE('',#5609,0.901387847633156);
#387=CYLINDRICAL_SURFACE('',#5611,0.901387847633156);
#388=CYLINDRICAL_SURFACE('',#5613,0.901387847633156);
#389=CYLINDRICAL_SURFACE('',#5615,0.901387847633156);
#390=CYLINDRICAL_SURFACE('',#5617,0.901387847633156);
#391=CYLINDRICAL_SURFACE('',#5619,0.901387847633156);
#392=CYLINDRICAL_SURFACE('',#5621,0.901387847633156);
#393=CYLINDRICAL_SURFACE('',#5623,0.901387847633156);
#394=CYLINDRICAL_SURFACE('',#5625,0.901387847633156);
#395=CYLINDRICAL_SURFACE('',#5627,0.901387847633156);
#396=CYLINDRICAL_SURFACE('',#5629,0.901387847633156);
#397=CYLINDRICAL_SURFACE('',#5631,0.901387847633156);
#398=CYLINDRICAL_SURFACE('',#5633,0.901387847633156);
#399=CYLINDRICAL_SURFACE('',#5635,0.901387847633156);
#400=CYLINDRICAL_SURFACE('',#5637,0.901387847633156);
#401=CYLINDRICAL_SURFACE('',#5639,0.901387847633156);
#402=CYLINDRICAL_SURFACE('',#5641,0.901387847633156);
#403=CYLINDRICAL_SURFACE('',#5643,0.901387847633156);
#404=CYLINDRICAL_SURFACE('',#5645,0.901387847633156);
#405=CYLINDRICAL_SURFACE('',#5647,0.901387847633156);
#406=CYLINDRICAL_SURFACE('',#5649,0.901387847633156);
#407=CYLINDRICAL_SURFACE('',#5651,0.901387847633156);
#408=CYLINDRICAL_SURFACE('',#5653,0.901387847633156);
#409=CYLINDRICAL_SURFACE('',#5655,0.901387847633156);
#410=CYLINDRICAL_SURFACE('',#5657,0.901387847633156);
#411=CYLINDRICAL_SURFACE('',#5659,0.901387847633156);
#412=CYLINDRICAL_SURFACE('',#5661,0.901387847633156);
#413=CYLINDRICAL_SURFACE('',#5663,0.901387847633156);
#414=CYLINDRICAL_SURFACE('',#5665,0.901387847633156);
#415=CYLINDRICAL_SURFACE('',#5667,0.901387847633156);
#416=CYLINDRICAL_SURFACE('',#5669,0.901387847633156);
#417=CYLINDRICAL_SURFACE('',#5671,0.901387847633156);
#418=CYLINDRICAL_SURFACE('',#5673,0.901387847633156);
#419=CYLINDRICAL_SURFACE('',#5675,0.901387847633156);
#420=CYLINDRICAL_SURFACE('',#5677,0.901387847633156);
#421=CYLINDRICAL_SURFACE('',#5679,0.901387847633156);
#422=CYLINDRICAL_SURFACE('',#5681,0.901387847633156);
#423=CYLINDRICAL_SURFACE('',#5683,0.901387847633156);
#424=CYLINDRICAL_SURFACE('',#5685,0.901387847633156);
#425=CYLINDRICAL_SURFACE('',#5687,0.901387847633156);
#426=CYLINDRICAL_SURFACE('',#5689,0.901387847633156);
#427=CYLINDRICAL_SURFACE('',#5691,0.901387847633156);
#428=CYLINDRICAL_SURFACE('',#5693,0.901387847633156);
#429=CYLINDRICAL_SURFACE('',#5695,0.901387847633156);
#430=CYLINDRICAL_SURFACE('',#5697,0.901387847633156);
#431=CYLINDRICAL_SURFACE('',#5699,0.901387847633156);
#432=CYLINDRICAL_SURFACE('',#5701,0.901387847633156);
#433=CYLINDRICAL_SURFACE('',#5703,0.901387847633156);
#434=CYLINDRICAL_SURFACE('',#5705,0.901387847633156);
#435=CYLINDRICAL_SURFACE('',#5707,0.901387847633156);
#436=CYLINDRICAL_SURFACE('',#5709,0.901387847633156);
#437=CYLINDRICAL_SURFACE('',#5711,0.901387847633156);
#438=CYLINDRICAL_SURFACE('',#5713,0.901387847633156);
#439=CYLINDRICAL_SURFACE('',#5715,0.901387847633156);
#440=CYLINDRICAL_SURFACE('',#5717,0.901387847633156);
#441=CYLINDRICAL_SURFACE('',#5719,0.901387847633156);
#442=CYLINDRICAL_SURFACE('',#5721,0.901387847633156);
#443=CYLINDRICAL_SURFACE('',#5723,0.901387847633156);
#444=CYLINDRICAL_SURFACE('',#5725,0.901387847633156);
#445=CYLINDRICAL_SURFACE('',#5727,0.901387847633156);
#446=CYLINDRICAL_SURFACE('',#5729,0.901387847633156);
#447=CYLINDRICAL_SURFACE('',#5731,0.901387847633156);
#448=CYLINDRICAL_SURFACE('',#5733,0.901387847633156);
#449=STYLED_ITEM('',(#8833),#473);
#450=STYLED_ITEM('',(#8833),#474);
#451=STYLED_ITEM('',(#8833),#475);
#452=STYLED_ITEM('',(#8833),#476);
#453=STYLED_ITEM('',(#8833),#477);
#454=STYLED_ITEM('',(#8833),#478);
#455=STYLED_ITEM('',(#8833),#479);
#456=STYLED_ITEM('',(#8833),#480);
#457=STYLED_ITEM('',(#8833),#481);
#458=STYLED_ITEM('',(#8830),#482);
#459=STYLED_ITEM('',(#8831),#483);
#460=STYLED_ITEM('',(#8832),#484);
#461=STYLED_ITEM('',(#8832),#485);
#462=STYLED_ITEM('',(#8833),#486);
#463=STYLED_ITEM('',(#8833),#487);
#464=STYLED_ITEM('',(#8832),#488);
#465=STYLED_ITEM('',(#8832),#489);
#466=STYLED_ITEM('',(#8831),#490);
#467=STYLED_ITEM('',(#8832),#491);
#468=STYLED_ITEM('',(#8832),#492);
#469=STYLED_ITEM('',(#8832),#493);
#470=STYLED_ITEM('',(#8831),#494);
#471=STYLED_ITEM('',(#8834),#495);
#472=STYLED_ITEM('',(#8833),#496);
#473=MANIFOLD_SOLID_BREP('Body1',#5244);
#474=MANIFOLD_SOLID_BREP('Body2',#5245);
#475=MANIFOLD_SOLID_BREP('Body3',#5246);
#476=MANIFOLD_SOLID_BREP('Body4',#5247);
#477=MANIFOLD_SOLID_BREP('Body5',#5248);
#478=MANIFOLD_SOLID_BREP('Body6',#5249);
#479=MANIFOLD_SOLID_BREP('Body7',#5250);
#480=MANIFOLD_SOLID_BREP('Body8',#5251);
#481=MANIFOLD_SOLID_BREP('Body9',#5252);
#482=MANIFOLD_SOLID_BREP('Field Base',#5253);
#483=MANIFOLD_SOLID_BREP('Launchpad',#5254);
#484=MANIFOLD_SOLID_BREP('LiDAR range',#5255);
#485=MANIFOLD_SOLID_BREP('LiDAR range',#5256);
#486=MANIFOLD_SOLID_BREP('Hoop',#5257);
#487=MANIFOLD_SOLID_BREP('Hoop',#5258);
#488=MANIFOLD_SOLID_BREP('Payload Dropbox',#5259);
#489=MANIFOLD_SOLID_BREP('Symbol Table',#5260);
#490=MANIFOLD_SOLID_BREP('Landing Target',#5261);
#491=MANIFOLD_SOLID_BREP('LiDAR target',#5262);
#492=MANIFOLD_SOLID_BREP('LiDAR target (1)',#5263);
#493=MANIFOLD_SOLID_BREP('LiDAR target (1) (1)',#5264);
#494=MANIFOLD_SOLID_BREP('Landing Target (1)',#5265);
#495=MANIFOLD_SOLID_BREP('Payload Cage',#5266);
#496=MANIFOLD_SOLID_BREP('Body21',#5267);
#497=FACE_OUTER_BOUND('',#784,.T.);
#498=FACE_OUTER_BOUND('',#785,.T.);
#499=FACE_OUTER_BOUND('',#786,.T.);
#500=FACE_OUTER_BOUND('',#787,.T.);
#501=FACE_OUTER_BOUND('',#788,.T.);
#502=FACE_OUTER_BOUND('',#789,.T.);
#503=FACE_OUTER_BOUND('',#790,.T.);
#504=FACE_OUTER_BOUND('',#791,.T.);
#505=FACE_OUTER_BOUND('',#792,.T.);
#506=FACE_OUTER_BOUND('',#793,.T.);
#507=FACE_OUTER_BOUND('',#794,.T.);
#508=FACE_OUTER_BOUND('',#795,.T.);
#509=FACE_OUTER_BOUND('',#796,.T.);
#510=FACE_OUTER_BOUND('',#797,.T.);
#511=FACE_OUTER_BOUND('',#798,.T.);
#512=FACE_OUTER_BOUND('',#799,.T.);
#513=FACE_OUTER_BOUND('',#800,.T.);
#514=FACE_OUTER_BOUND('',#801,.T.);
#515=FACE_OUTER_BOUND('',#802,.T.);
#516=FACE_OUTER_BOUND('',#803,.T.);
#517=FACE_OUTER_BOUND('',#804,.T.);
#518=FACE_OUTER_BOUND('',#805,.T.);
#519=FACE_OUTER_BOUND('',#806,.T.);
#520=FACE_OUTER_BOUND('',#807,.T.);
#521=FACE_OUTER_BOUND('',#808,.T.);
#522=FACE_OUTER_BOUND('',#809,.T.);
#523=FACE_OUTER_BOUND('',#810,.T.);
#524=FACE_OUTER_BOUND('',#811,.T.);
#525=FACE_OUTER_BOUND('',#812,.T.);
#526=FACE_OUTER_BOUND('',#813,.T.);
#527=FACE_OUTER_BOUND('',#814,.T.);
#528=FACE_OUTER_BOUND('',#815,.T.);
#529=FACE_OUTER_BOUND('',#816,.T.);
#530=FACE_OUTER_BOUND('',#817,.T.);
#531=FACE_OUTER_BOUND('',#818,.T.);
#532=FACE_OUTER_BOUND('',#819,.T.);
#533=FACE_OUTER_BOUND('',#820,.T.);
#534=FACE_OUTER_BOUND('',#821,.T.);
#535=FACE_OUTER_BOUND('',#822,.T.);
#536=FACE_OUTER_BOUND('',#823,.T.);
#537=FACE_OUTER_BOUND('',#824,.T.);
#538=FACE_OUTER_BOUND('',#825,.T.);
#539=FACE_OUTER_BOUND('',#826,.T.);
#540=FACE_OUTER_BOUND('',#827,.T.);
#541=FACE_OUTER_BOUND('',#828,.T.);
#542=FACE_OUTER_BOUND('',#829,.T.);
#543=FACE_OUTER_BOUND('',#830,.T.);
#544=FACE_OUTER_BOUND('',#831,.T.);
#545=FACE_OUTER_BOUND('',#832,.T.);
#546=FACE_OUTER_BOUND('',#833,.T.);
#547=FACE_OUTER_BOUND('',#834,.T.);
#548=FACE_OUTER_BOUND('',#835,.T.);
#549=FACE_OUTER_BOUND('',#836,.T.);
#550=FACE_OUTER_BOUND('',#837,.T.);
#551=FACE_OUTER_BOUND('',#838,.T.);
#552=FACE_OUTER_BOUND('',#839,.T.);
#553=FACE_OUTER_BOUND('',#840,.T.);
#554=FACE_OUTER_BOUND('',#841,.T.);
#555=FACE_OUTER_BOUND('',#842,.T.);
#556=FACE_OUTER_BOUND('',#843,.T.);
#557=FACE_OUTER_BOUND('',#844,.T.);
#558=FACE_OUTER_BOUND('',#845,.T.);
#559=FACE_OUTER_BOUND('',#846,.T.);
#560=FACE_OUTER_BOUND('',#847,.T.);
#561=FACE_OUTER_BOUND('',#848,.T.);
#562=FACE_OUTER_BOUND('',#849,.T.);
#563=FACE_OUTER_BOUND('',#850,.T.);
#564=FACE_OUTER_BOUND('',#851,.T.);
#565=FACE_OUTER_BOUND('',#852,.T.);
#566=FACE_OUTER_BOUND('',#853,.T.);
#567=FACE_OUTER_BOUND('',#854,.T.);
#568=FACE_OUTER_BOUND('',#855,.T.);
#569=FACE_OUTER_BOUND('',#856,.T.);
#570=FACE_OUTER_BOUND('',#857,.T.);
#571=FACE_OUTER_BOUND('',#858,.T.);
#572=FACE_OUTER_BOUND('',#859,.T.);
#573=FACE_OUTER_BOUND('',#860,.T.);
#574=FACE_OUTER_BOUND('',#861,.T.);
#575=FACE_OUTER_BOUND('',#862,.T.);
#576=FACE_OUTER_BOUND('',#863,.T.);
#577=FACE_OUTER_BOUND('',#864,.T.);
#578=FACE_OUTER_BOUND('',#865,.T.);
#579=FACE_OUTER_BOUND('',#866,.T.);
#580=FACE_OUTER_BOUND('',#867,.T.);
#581=FACE_OUTER_BOUND('',#868,.T.);
#582=FACE_OUTER_BOUND('',#869,.T.);
#583=FACE_OUTER_BOUND('',#870,.T.);
#584=FACE_OUTER_BOUND('',#871,.T.);
#585=FACE_OUTER_BOUND('',#872,.T.);
#586=FACE_OUTER_BOUND('',#873,.T.);
#587=FACE_OUTER_BOUND('',#875,.T.);
#588=FACE_OUTER_BOUND('',#876,.T.);
#589=FACE_OUTER_BOUND('',#877,.T.);
#590=FACE_OUTER_BOUND('',#878,.T.);
#591=FACE_OUTER_BOUND('',#879,.T.);
#592=FACE_OUTER_BOUND('',#880,.T.);
#593=FACE_OUTER_BOUND('',#881,.T.);
#594=FACE_OUTER_BOUND('',#882,.T.);
#595=FACE_OUTER_BOUND('',#883,.T.);
#596=FACE_OUTER_BOUND('',#884,.T.);
#597=FACE_OUTER_BOUND('',#885,.T.);
#598=FACE_OUTER_BOUND('',#886,.T.);
#599=FACE_OUTER_BOUND('',#887,.T.);
#600=FACE_OUTER_BOUND('',#888,.T.);
#601=FACE_OUTER_BOUND('',#889,.T.);
#602=FACE_OUTER_BOUND('',#890,.T.);
#603=FACE_OUTER_BOUND('',#891,.T.);
#604=FACE_OUTER_BOUND('',#893,.T.);
#605=FACE_OUTER_BOUND('',#894,.T.);
#606=FACE_OUTER_BOUND('',#895,.T.);
#607=FACE_OUTER_BOUND('',#896,.T.);
#608=FACE_OUTER_BOUND('',#897,.T.);
#609=FACE_OUTER_BOUND('',#898,.T.);
#610=FACE_OUTER_BOUND('',#899,.T.);
#611=FACE_OUTER_BOUND('',#900,.T.);
#612=FACE_OUTER_BOUND('',#901,.T.);
#613=FACE_OUTER_BOUND('',#902,.T.);
#614=FACE_OUTER_BOUND('',#903,.T.);
#615=FACE_OUTER_BOUND('',#905,.T.);
#616=FACE_OUTER_BOUND('',#906,.T.);
#617=FACE_OUTER_BOUND('',#907,.T.);
#618=FACE_OUTER_BOUND('',#908,.T.);
#619=FACE_OUTER_BOUND('',#909,.T.);
#620=FACE_OUTER_BOUND('',#910,.T.);
#621=FACE_OUTER_BOUND('',#911,.T.);
#622=FACE_OUTER_BOUND('',#912,.T.);
#623=FACE_OUTER_BOUND('',#913,.T.);
#624=FACE_OUTER_BOUND('',#914,.T.);
#625=FACE_OUTER_BOUND('',#915,.T.);
#626=FACE_OUTER_BOUND('',#916,.T.);
#627=FACE_OUTER_BOUND('',#918,.T.);
#628=FACE_OUTER_BOUND('',#919,.T.);
#629=FACE_OUTER_BOUND('',#920,.T.);
#630=FACE_OUTER_BOUND('',#921,.T.);
#631=FACE_OUTER_BOUND('',#922,.T.);
#632=FACE_OUTER_BOUND('',#923,.T.);
#633=FACE_OUTER_BOUND('',#924,.T.);
#634=FACE_OUTER_BOUND('',#925,.T.);
#635=FACE_OUTER_BOUND('',#927,.T.);
#636=FACE_OUTER_BOUND('',#928,.T.);
#637=FACE_OUTER_BOUND('',#929,.T.);
#638=FACE_OUTER_BOUND('',#930,.T.);
#639=FACE_OUTER_BOUND('',#931,.T.);
#640=FACE_OUTER_BOUND('',#932,.T.);
#641=FACE_OUTER_BOUND('',#933,.T.);
#642=FACE_OUTER_BOUND('',#935,.T.);
#643=FACE_OUTER_BOUND('',#937,.T.);
#644=FACE_OUTER_BOUND('',#938,.T.);
#645=FACE_OUTER_BOUND('',#939,.T.);
#646=FACE_OUTER_BOUND('',#940,.T.);
#647=FACE_OUTER_BOUND('',#941,.T.);
#648=FACE_OUTER_BOUND('',#942,.T.);
#649=FACE_OUTER_BOUND('',#943,.T.);
#650=FACE_OUTER_BOUND('',#944,.T.);
#651=FACE_OUTER_BOUND('',#945,.T.);
#652=FACE_OUTER_BOUND('',#946,.T.);
#653=FACE_OUTER_BOUND('',#947,.T.);
#654=FACE_OUTER_BOUND('',#948,.T.);
#655=FACE_OUTER_BOUND('',#949,.T.);
#656=FACE_OUTER_BOUND('',#950,.T.);
#657=FACE_OUTER_BOUND('',#951,.T.);
#658=FACE_OUTER_BOUND('',#952,.T.);
#659=FACE_OUTER_BOUND('',#953,.T.);
#660=FACE_OUTER_BOUND('',#955,.T.);
#661=FACE_OUTER_BOUND('',#956,.T.);
#662=FACE_OUTER_BOUND('',#957,.T.);
#663=FACE_OUTER_BOUND('',#958,.T.);
#664=FACE_OUTER_BOUND('',#959,.T.);
#665=FACE_OUTER_BOUND('',#960,.T.);
#666=FACE_OUTER_BOUND('',#961,.T.);
#667=FACE_OUTER_BOUND('',#962,.T.);
#668=FACE_OUTER_BOUND('',#963,.T.);
#669=FACE_OUTER_BOUND('',#964,.T.);
#670=FACE_OUTER_BOUND('',#965,.T.);
#671=FACE_OUTER_BOUND('',#966,.T.);
#672=FACE_OUTER_BOUND('',#967,.T.);
#673=FACE_OUTER_BOUND('',#968,.T.);
#674=FACE_OUTER_BOUND('',#969,.T.);
#675=FACE_OUTER_BOUND('',#970,.T.);
#676=FACE_OUTER_BOUND('',#971,.T.);
#677=FACE_OUTER_BOUND('',#972,.T.);
#678=FACE_OUTER_BOUND('',#973,.T.);
#679=FACE_OUTER_BOUND('',#974,.T.);
#680=FACE_OUTER_BOUND('',#975,.T.);
#681=FACE_OUTER_BOUND('',#976,.T.);
#682=FACE_OUTER_BOUND('',#977,.T.);
#683=FACE_OUTER_BOUND('',#978,.T.);
#684=FACE_OUTER_BOUND('',#979,.T.);
#685=FACE_OUTER_BOUND('',#980,.T.);
#686=FACE_OUTER_BOUND('',#981,.T.);
#687=FACE_OUTER_BOUND('',#982,.T.);
#688=FACE_OUTER_BOUND('',#983,.T.);
#689=FACE_OUTER_BOUND('',#984,.T.);
#690=FACE_OUTER_BOUND('',#985,.T.);
#691=FACE_OUTER_BOUND('',#986,.T.);
#692=FACE_OUTER_BOUND('',#987,.T.);
#693=FACE_OUTER_BOUND('',#988,.T.);
#694=FACE_OUTER_BOUND('',#989,.T.);
#695=FACE_OUTER_BOUND('',#990,.T.);
#696=FACE_OUTER_BOUND('',#991,.T.);
#697=FACE_OUTER_BOUND('',#992,.T.);
#698=FACE_OUTER_BOUND('',#993,.T.);
#699=FACE_OUTER_BOUND('',#994,.T.);
#700=FACE_OUTER_BOUND('',#995,.T.);
#701=FACE_OUTER_BOUND('',#996,.T.);
#702=FACE_OUTER_BOUND('',#997,.T.);
#703=FACE_OUTER_BOUND('',#998,.T.);
#704=FACE_OUTER_BOUND('',#1063,.T.);
#705=FACE_OUTER_BOUND('',#1064,.T.);
#706=FACE_OUTER_BOUND('',#1065,.T.);
#707=FACE_OUTER_BOUND('',#1066,.T.);
#708=FACE_OUTER_BOUND('',#1067,.T.);
#709=FACE_OUTER_BOUND('',#1068,.T.);
#710=FACE_OUTER_BOUND('',#1069,.T.);
#711=FACE_OUTER_BOUND('',#1070,.T.);
#712=FACE_OUTER_BOUND('',#1071,.T.);
#713=FACE_OUTER_BOUND('',#1072,.T.);
#714=FACE_OUTER_BOUND('',#1073,.T.);
#715=FACE_OUTER_BOUND('',#1074,.T.);
#716=FACE_OUTER_BOUND('',#1075,.T.);
#717=FACE_OUTER_BOUND('',#1076,.T.);
#718=FACE_OUTER_BOUND('',#1077,.T.);
#719=FACE_OUTER_BOUND('',#1078,.T.);
#720=FACE_OUTER_BOUND('',#1079,.T.);
#721=FACE_OUTER_BOUND('',#1080,.T.);
#722=FACE_OUTER_BOUND('',#1081,.T.);
#723=FACE_OUTER_BOUND('',#1082,.T.);
#724=FACE_OUTER_BOUND('',#1083,.T.);
#725=FACE_OUTER_BOUND('',#1084,.T.);
#726=FACE_OUTER_BOUND('',#1085,.T.);
#727=FACE_OUTER_BOUND('',#1086,.T.);
#728=FACE_OUTER_BOUND('',#1087,.T.);
#729=FACE_OUTER_BOUND('',#1088,.T.);
#730=FACE_OUTER_BOUND('',#1089,.T.);
#731=FACE_OUTER_BOUND('',#1090,.T.);
#732=FACE_OUTER_BOUND('',#1091,.T.);
#733=FACE_OUTER_BOUND('',#1092,.T.);
#734=FACE_OUTER_BOUND('',#1093,.T.);
#735=FACE_OUTER_BOUND('',#1094,.T.);
#736=FACE_OUTER_BOUND('',#1095,.T.);
#737=FACE_OUTER_BOUND('',#1096,.T.);
#738=FACE_OUTER_BOUND('',#1097,.T.);
#739=FACE_OUTER_BOUND('',#1098,.T.);
#740=FACE_OUTER_BOUND('',#1099,.T.);
#741=FACE_OUTER_BOUND('',#1100,.T.);
#742=FACE_OUTER_BOUND('',#1101,.T.);
#743=FACE_OUTER_BOUND('',#1102,.T.);
#744=FACE_OUTER_BOUND('',#1103,.T.);
#745=FACE_OUTER_BOUND('',#1104,.T.);
#746=FACE_OUTER_BOUND('',#1105,.T.);
#747=FACE_OUTER_BOUND('',#1106,.T.);
#748=FACE_OUTER_BOUND('',#1107,.T.);
#749=FACE_OUTER_BOUND('',#1108,.T.);
#750=FACE_OUTER_BOUND('',#1109,.T.);
#751=FACE_OUTER_BOUND('',#1110,.T.);
#752=FACE_OUTER_BOUND('',#1111,.T.);
#753=FACE_OUTER_BOUND('',#1112,.T.);
#754=FACE_OUTER_BOUND('',#1113,.T.);
#755=FACE_OUTER_BOUND('',#1114,.T.);
#756=FACE_OUTER_BOUND('',#1115,.T.);
#757=FACE_OUTER_BOUND('',#1116,.T.);
#758=FACE_OUTER_BOUND('',#1117,.T.);
#759=FACE_OUTER_BOUND('',#1118,.T.);
#760=FACE_OUTER_BOUND('',#1119,.T.);
#761=FACE_OUTER_BOUND('',#1120,.T.);
#762=FACE_OUTER_BOUND('',#1121,.T.);
#763=FACE_OUTER_BOUND('',#1122,.T.);
#764=FACE_OUTER_BOUND('',#1123,.T.);
#765=FACE_OUTER_BOUND('',#1124,.T.);
#766=FACE_OUTER_BOUND('',#1125,.T.);
#767=FACE_OUTER_BOUND('',#1126,.T.);
#768=FACE_OUTER_BOUND('',#1127,.T.);
#769=FACE_OUTER_BOUND('',#1192,.T.);
#770=FACE_OUTER_BOUND('',#1193,.T.);
#771=FACE_OUTER_BOUND('',#1194,.T.);
#772=FACE_OUTER_BOUND('',#1195,.T.);
#773=FACE_OUTER_BOUND('',#1196,.T.);
#774=FACE_OUTER_BOUND('',#1197,.T.);
#775=FACE_OUTER_BOUND('',#1198,.T.);
#776=FACE_OUTER_BOUND('',#1199,.T.);
#777=FACE_OUTER_BOUND('',#1200,.T.);
#778=FACE_OUTER_BOUND('',#1202,.T.);
#779=FACE_OUTER_BOUND('',#1203,.T.);
#780=FACE_OUTER_BOUND('',#1204,.T.);
#781=FACE_OUTER_BOUND('',#1205,.T.);
#782=FACE_OUTER_BOUND('',#1206,.T.);
#783=FACE_OUTER_BOUND('',#1207,.T.);
#784=EDGE_LOOP('',(#3368,#3369,#3370,#3371));
#785=EDGE_LOOP('',(#3372,#3373,#3374,#3375));
#786=EDGE_LOOP('',(#3376,#3377,#3378,#3379));
#787=EDGE_LOOP('',(#3380,#3381,#3382,#3383));
#788=EDGE_LOOP('',(#3384,#3385,#3386,#3387));
#789=EDGE_LOOP('',(#3388,#3389,#3390,#3391));
#790=EDGE_LOOP('',(#3392,#3393,#3394,#3395,#3396,#3397));
#791=EDGE_LOOP('',(#3398,#3399,#3400,#3401,#3402));
#792=EDGE_LOOP('',(#3403,#3404,#3405));
#793=EDGE_LOOP('',(#3406,#3407,#3408,#3409));
#794=EDGE_LOOP('',(#3410,#3411,#3412));
#795=EDGE_LOOP('',(#3413,#3414,#3415,#3416));
#796=EDGE_LOOP('',(#3417,#3418,#3419));
#797=EDGE_LOOP('',(#3420,#3421,#3422));
#798=EDGE_LOOP('',(#3423,#3424,#3425,#3426));
#799=EDGE_LOOP('',(#3427,#3428,#3429,#3430));
#800=EDGE_LOOP('',(#3431,#3432,#3433,#3434,#3435));
#801=EDGE_LOOP('',(#3436,#3437,#3438,#3439));
#802=EDGE_LOOP('',(#3440,#3441,#3442,#3443));
#803=EDGE_LOOP('',(#3444,#3445,#3446,#3447,#3448,#3449,#3450));
#804=EDGE_LOOP('',(#3451,#3452,#3453,#3454));
#805=EDGE_LOOP('',(#3455,#3456,#3457,#3458,#3459));
#806=EDGE_LOOP('',(#3460,#3461,#3462,#3463,#3464));
#807=EDGE_LOOP('',(#3465,#3466,#3467));
#808=EDGE_LOOP('',(#3468,#3469,#3470,#3471));
#809=EDGE_LOOP('',(#3472,#3473,#3474,#3475,#3476,#3477,#3478,#3479));
#810=EDGE_LOOP('',(#3480,#3481,#3482,#3483));
#811=EDGE_LOOP('',(#3484,#3485,#3486,#3487,#3488,#3489));
#812=EDGE_LOOP('',(#3490,#3491,#3492));
#813=EDGE_LOOP('',(#3493,#3494,#3495,#3496));
#814=EDGE_LOOP('',(#3497,#3498,#3499,#3500));
#815=EDGE_LOOP('',(#3501,#3502,#3503,#3504,#3505,#3506,#3507));
#816=EDGE_LOOP('',(#3508,#3509,#3510,#3511));
#817=EDGE_LOOP('',(#3512,#3513,#3514,#3515));
#818=EDGE_LOOP('',(#3516,#3517,#3518,#3519));
#819=EDGE_LOOP('',(#3520,#3521,#3522,#3523));
#820=EDGE_LOOP('',(#3524,#3525,#3526,#3527));
#821=EDGE_LOOP('',(#3528,#3529,#3530,#3531));
#822=EDGE_LOOP('',(#3532,#3533,#3534,#3535));
#823=EDGE_LOOP('',(#3536,#3537,#3538,#3539));
#824=EDGE_LOOP('',(#3540,#3541,#3542,#3543));
#825=EDGE_LOOP('',(#3544,#3545,#3546,#3547));
#826=EDGE_LOOP('',(#3548,#3549,#3550,#3551));
#827=EDGE_LOOP('',(#3552,#3553,#3554,#3555));
#828=EDGE_LOOP('',(#3556,#3557,#3558,#3559));
#829=EDGE_LOOP('',(#3560,#3561,#3562,#3563));
#830=EDGE_LOOP('',(#3564,#3565,#3566,#3567));
#831=EDGE_LOOP('',(#3568,#3569,#3570,#3571));
#832=EDGE_LOOP('',(#3572,#3573,#3574,#3575));
#833=EDGE_LOOP('',(#3576,#3577,#3578,#3579));
#834=EDGE_LOOP('',(#3580,#3581,#3582,#3583));
#835=EDGE_LOOP('',(#3584,#3585,#3586,#3587,#3588));
#836=EDGE_LOOP('',(#3589,#3590,#3591,#3592));
#837=EDGE_LOOP('',(#3593,#3594,#3595,#3596));
#838=EDGE_LOOP('',(#3597,#3598,#3599,#3600,#3601,#3602,#3603));
#839=EDGE_LOOP('',(#3604,#3605,#3606,#3607,#3608));
#840=EDGE_LOOP('',(#3609,#3610,#3611,#3612,#3613));
#841=EDGE_LOOP('',(#3614,#3615,#3616,#3617,#3618));
#842=EDGE_LOOP('',(#3619,#3620,#3621,#3622));
#843=EDGE_LOOP('',(#3623,#3624,#3625,#3626));
#844=EDGE_LOOP('',(#3627,#3628,#3629,#3630,#3631,#3632));
#845=EDGE_LOOP('',(#3633,#3634,#3635,#3636,#3637));
#846=EDGE_LOOP('',(#3638,#3639,#3640,#3641,#3642,#3643));
#847=EDGE_LOOP('',(#3644,#3645,#3646,#3647));
#848=EDGE_LOOP('',(#3648,#3649,#3650,#3651));
#849=EDGE_LOOP('',(#3652,#3653,#3654,#3655,#3656));
#850=EDGE_LOOP('',(#3657,#3658,#3659));
#851=EDGE_LOOP('',(#3660,#3661,#3662));
#852=EDGE_LOOP('',(#3663,#3664,#3665,#3666,#3667));
#853=EDGE_LOOP('',(#3668,#3669,#3670,#3671,#3672));
#854=EDGE_LOOP('',(#3673,#3674,#3675,#3676,#3677));
#855=EDGE_LOOP('',(#3678,#3679,#3680));
#856=EDGE_LOOP('',(#3681,#3682,#3683,#3684,#3685));
#857=EDGE_LOOP('',(#3686,#3687,#3688,#3689));
#858=EDGE_LOOP('',(#3690,#3691,#3692,#3693));
#859=EDGE_LOOP('',(#3694,#3695,#3696,#3697));
#860=EDGE_LOOP('',(#3698,#3699,#3700,#3701,#3702,#3703));
#861=EDGE_LOOP('',(#3704,#3705,#3706,#3707));
#862=EDGE_LOOP('',(#3708,#3709,#3710,#3711));
#863=EDGE_LOOP('',(#3712,#3713,#3714,#3715));
#864=EDGE_LOOP('',(#3716,#3717,#3718,#3719));
#865=EDGE_LOOP('',(#3720,#3721,#3722,#3723));
#866=EDGE_LOOP('',(#3724,#3725,#3726,#3727));
#867=EDGE_LOOP('',(#3728,#3729,#3730,#3731));
#868=EDGE_LOOP('',(#3732,#3733,#3734,#3735));
#869=EDGE_LOOP('',(#3736,#3737,#3738,#3739));
#870=EDGE_LOOP('',(#3740,#3741,#3742,#3743));
#871=EDGE_LOOP('',(#3744,#3745,#3746,#3747));
#872=EDGE_LOOP('',(#3748,#3749,#3750,#3751));
#873=EDGE_LOOP('',(#3752,#3753,#3754,#3755,#3756,#3757));
#874=EDGE_LOOP('',(#3758,#3759,#3760,#3761,#3762,#3763));
#875=EDGE_LOOP('',(#3764,#3765,#3766,#3767,#3768,#3769));
#876=EDGE_LOOP('',(#3770,#3771,#3772,#3773));
#877=EDGE_LOOP('',(#3774));
#878=EDGE_LOOP('',(#3775));
#879=EDGE_LOOP('',(#3776,#3777,#3778,#3779));
#880=EDGE_LOOP('',(#3780,#3781,#3782,#3783));
#881=EDGE_LOOP('',(#3784,#3785,#3786,#3787));
#882=EDGE_LOOP('',(#3788,#3789,#3790,#3791));
#883=EDGE_LOOP('',(#3792,#3793,#3794,#3795));
#884=EDGE_LOOP('',(#3796,#3797,#3798,#3799));
#885=EDGE_LOOP('',(#3800,#3801,#3802,#3803));
#886=EDGE_LOOP('',(#3804,#3805,#3806,#3807));
#887=EDGE_LOOP('',(#3808,#3809,#3810,#3811,#3812));
#888=EDGE_LOOP('',(#3813,#3814,#3815,#3816,#3817));
#889=EDGE_LOOP('',(#3818,#3819,#3820,#3821));
#890=EDGE_LOOP('',(#3822,#3823,#3824,#3825));
#891=EDGE_LOOP('',(#3826,#3827,#3828,#3829,#3830,#3831,#3832,#3833));
#892=EDGE_LOOP('',(#3834,#3835,#3836,#3837,#3838,#3839,#3840,#3841,#3842,
#3843,#3844,#3845,#3846,#3847,#3848,#3849,#3850,#3851,#3852,#3853,#3854,
#3855,#3856,#3857));
#893=EDGE_LOOP('',(#3858,#3859,#3860,#3861));
#894=EDGE_LOOP('',(#3862,#3863,#3864,#3865));
#895=EDGE_LOOP('',(#3866,#3867,#3868,#3869));
#896=EDGE_LOOP('',(#3870,#3871,#3872,#3873));
#897=EDGE_LOOP('',(#3874,#3875,#3876,#3877));
#898=EDGE_LOOP('',(#3878,#3879,#3880,#3881));
#899=EDGE_LOOP('',(#3882,#3883,#3884,#3885));
#900=EDGE_LOOP('',(#3886,#3887,#3888,#3889));
#901=EDGE_LOOP('',(#3890,#3891,#3892,#3893));
#902=EDGE_LOOP('',(#3894,#3895,#3896,#3897));
#903=EDGE_LOOP('',(#3898,#3899,#3900,#3901));
#904=EDGE_LOOP('',(#3902,#3903,#3904,#3905));
#905=EDGE_LOOP('',(#3906,#3907,#3908,#3909));
#906=EDGE_LOOP('',(#3910,#3911,#3912,#3913));
#907=EDGE_LOOP('',(#3914,#3915,#3916,#3917));
#908=EDGE_LOOP('',(#3918,#3919,#3920,#3921));
#909=EDGE_LOOP('',(#3922,#3923,#3924,#3925));
#910=EDGE_LOOP('',(#3926,#3927,#3928,#3929));
#911=EDGE_LOOP('',(#3930,#3931,#3932,#3933));
#912=EDGE_LOOP('',(#3934,#3935,#3936,#3937));
#913=EDGE_LOOP('',(#3938,#3939,#3940,#3941));
#914=EDGE_LOOP('',(#3942,#3943,#3944,#3945));
#915=EDGE_LOOP('',(#3946,#3947,#3948,#3949));
#916=EDGE_LOOP('',(#3950,#3951,#3952,#3953));
#917=EDGE_LOOP('',(#3954,#3955,#3956,#3957));
#918=EDGE_LOOP('',(#3958,#3959,#3960,#3961));
#919=EDGE_LOOP('',(#3962,#3963,#3964,#3965));
#920=EDGE_LOOP('',(#3966,#3967,#3968,#3969));
#921=EDGE_LOOP('',(#3970,#3971,#3972,#3973));
#922=EDGE_LOOP('',(#3974,#3975,#3976,#3977));
#923=EDGE_LOOP('',(#3978,#3979,#3980,#3981));
#924=EDGE_LOOP('',(#3982,#3983,#3984,#3985));
#925=EDGE_LOOP('',(#3986,#3987,#3988,#3989,#3990,#3991,#3992,#3993));
#926=EDGE_LOOP('',(#3994,#3995,#3996,#3997,#3998,#3999,#4000,#4001,#4002,
#4003,#4004,#4005,#4006,#4007,#4008,#4009,#4010,#4011,#4012,#4013,#4014,
#4015,#4016,#4017));
#927=EDGE_LOOP('',(#4018));
#928=EDGE_LOOP('',(#4019,#4020,#4021,#4022,#4023));
#929=EDGE_LOOP('',(#4024,#4025,#4026,#4027,#4028,#4029,#4030,#4031));
#930=EDGE_LOOP('',(#4032,#4033,#4034,#4035));
#931=EDGE_LOOP('',(#4036,#4037,#4038,#4039));
#932=EDGE_LOOP('',(#4040,#4041,#4042,#4043));
#933=EDGE_LOOP('',(#4044,#4045));
#934=EDGE_LOOP('',(#4046));
#935=EDGE_LOOP('',(#4047,#4048));
#936=EDGE_LOOP('',(#4049));
#937=EDGE_LOOP('',(#4050,#4051,#4052,#4053));
#938=EDGE_LOOP('',(#4054,#4055,#4056,#4057));
#939=EDGE_LOOP('',(#4058,#4059,#4060,#4061,#4062));
#940=EDGE_LOOP('',(#4063,#4064,#4065,#4066));
#941=EDGE_LOOP('',(#4067,#4068,#4069,#4070,#4071));
#942=EDGE_LOOP('',(#4072,#4073,#4074,#4075));
#943=EDGE_LOOP('',(#4076,#4077,#4078,#4079));
#944=EDGE_LOOP('',(#4080,#4081,#4082,#4083));
#945=EDGE_LOOP('',(#4084,#4085,#4086,#4087));
#946=EDGE_LOOP('',(#4088,#4089,#4090,#4091));
#947=EDGE_LOOP('',(#4092,#4093,#4094,#4095));
#948=EDGE_LOOP('',(#4096,#4097,#4098,#4099));
#949=EDGE_LOOP('',(#4100,#4101,#4102,#4103));
#950=EDGE_LOOP('',(#4104,#4105,#4106,#4107));
#951=EDGE_LOOP('',(#4108,#4109,#4110,#4111));
#952=EDGE_LOOP('',(#4112,#4113,#4114,#4115));
#953=EDGE_LOOP('',(#4116,#4117,#4118,#4119));
#954=EDGE_LOOP('',(#4120,#4121,#4122,#4123));
#955=EDGE_LOOP('',(#4124,#4125,#4126,#4127));
#956=EDGE_LOOP('',(#4128,#4129,#4130,#4131));
#957=EDGE_LOOP('',(#4132,#4133,#4134,#4135,#4136,#4137,#4138,#4139,#4140,
#4141,#4142,#4143));
#958=EDGE_LOOP('',(#4144,#4145,#4146,#4147));
#959=EDGE_LOOP('',(#4148,#4149,#4150,#4151));
#960=EDGE_LOOP('',(#4152,#4153,#4154,#4155));
#961=EDGE_LOOP('',(#4156,#4157,#4158,#4159));
#962=EDGE_LOOP('',(#4160,#4161,#4162,#4163));
#963=EDGE_LOOP('',(#4164,#4165,#4166,#4167,#4168,#4169,#4170,#4171));
#964=EDGE_LOOP('',(#4172,#4173,#4174,#4175));
#965=EDGE_LOOP('',(#4176,#4177,#4178,#4179));
#966=EDGE_LOOP('',(#4180,#4181,#4182,#4183,#4184,#4185,#4186,#4187));
#967=EDGE_LOOP('',(#4188,#4189,#4190,#4191));
#968=EDGE_LOOP('',(#4192,#4193,#4194,#4195));
#969=EDGE_LOOP('',(#4196,#4197,#4198,#4199,#4200,#4201,#4202,#4203));
#970=EDGE_LOOP('',(#4204,#4205,#4206,#4207,#4208,#4209,#4210,#4211));
#971=EDGE_LOOP('',(#4212,#4213,#4214,#4215));
#972=EDGE_LOOP('',(#4216,#4217,#4218,#4219));
#973=EDGE_LOOP('',(#4220,#4221,#4222,#4223));
#974=EDGE_LOOP('',(#4224,#4225,#4226,#4227));
#975=EDGE_LOOP('',(#4228));
#976=EDGE_LOOP('',(#4229));
#977=EDGE_LOOP('',(#4230,#4231,#4232,#4233));
#978=EDGE_LOOP('',(#4234,#4235,#4236,#4237));
#979=EDGE_LOOP('',(#4238,#4239,#4240,#4241));
#980=EDGE_LOOP('',(#4242,#4243,#4244,#4245));
#981=EDGE_LOOP('',(#4246,#4247,#4248,#4249));
#982=EDGE_LOOP('',(#4250,#4251,#4252,#4253));
#983=EDGE_LOOP('',(#4254,#4255,#4256,#4257));
#984=EDGE_LOOP('',(#4258,#4259,#4260,#4261));
#985=EDGE_LOOP('',(#4262,#4263,#4264,#4265));
#986=EDGE_LOOP('',(#4266,#4267,#4268,#4269));
#987=EDGE_LOOP('',(#4270,#4271,#4272,#4273));
#988=EDGE_LOOP('',(#4274,#4275,#4276,#4277));
#989=EDGE_LOOP('',(#4278,#4279,#4280,#4281));
#990=EDGE_LOOP('',(#4282,#4283,#4284,#4285));
#991=EDGE_LOOP('',(#4286,#4287,#4288,#4289));
#992=EDGE_LOOP('',(#4290,#4291,#4292,#4293));
#993=EDGE_LOOP('',(#4294,#4295,#4296,#4297));
#994=EDGE_LOOP('',(#4298,#4299,#4300,#4301));
#995=EDGE_LOOP('',(#4302,#4303,#4304,#4305));
#996=EDGE_LOOP('',(#4306));
#997=EDGE_LOOP('',(#4307));
#998=EDGE_LOOP('',(#4308,#4309,#4310,#4311));
#999=EDGE_LOOP('',(#4312));
#1000=EDGE_LOOP('',(#4313));
#1001=EDGE_LOOP('',(#4314));
#1002=EDGE_LOOP('',(#4315));
#1003=EDGE_LOOP('',(#4316));
#1004=EDGE_LOOP('',(#4317));
#1005=EDGE_LOOP('',(#4318));
#1006=EDGE_LOOP('',(#4319));
#1007=EDGE_LOOP('',(#4320));
#1008=EDGE_LOOP('',(#4321));
#1009=EDGE_LOOP('',(#4322));
#1010=EDGE_LOOP('',(#4323));
#1011=EDGE_LOOP('',(#4324));
#1012=EDGE_LOOP('',(#4325));
#1013=EDGE_LOOP('',(#4326));
#1014=EDGE_LOOP('',(#4327));
#1015=EDGE_LOOP('',(#4328));
#1016=EDGE_LOOP('',(#4329));
#1017=EDGE_LOOP('',(#4330));
#1018=EDGE_LOOP('',(#4331));
#1019=EDGE_LOOP('',(#4332));
#1020=EDGE_LOOP('',(#4333));
#1021=EDGE_LOOP('',(#4334));
#1022=EDGE_LOOP('',(#4335));
#1023=EDGE_LOOP('',(#4336));
#1024=EDGE_LOOP('',(#4337));
#1025=EDGE_LOOP('',(#4338));
#1026=EDGE_LOOP('',(#4339));
#1027=EDGE_LOOP('',(#4340));
#1028=EDGE_LOOP('',(#4341));
#1029=EDGE_LOOP('',(#4342));
#1030=EDGE_LOOP('',(#4343));
#1031=EDGE_LOOP('',(#4344));
#1032=EDGE_LOOP('',(#4345));
#1033=EDGE_LOOP('',(#4346));
#1034=EDGE_LOOP('',(#4347));
#1035=EDGE_LOOP('',(#4348));
#1036=EDGE_LOOP('',(#4349));
#1037=EDGE_LOOP('',(#4350));
#1038=EDGE_LOOP('',(#4351));
#1039=EDGE_LOOP('',(#4352));
#1040=EDGE_LOOP('',(#4353));
#1041=EDGE_LOOP('',(#4354));
#1042=EDGE_LOOP('',(#4355));
#1043=EDGE_LOOP('',(#4356));
#1044=EDGE_LOOP('',(#4357));
#1045=EDGE_LOOP('',(#4358));
#1046=EDGE_LOOP('',(#4359));
#1047=EDGE_LOOP('',(#4360));
#1048=EDGE_LOOP('',(#4361));
#1049=EDGE_LOOP('',(#4362));
#1050=EDGE_LOOP('',(#4363));
#1051=EDGE_LOOP('',(#4364));
#1052=EDGE_LOOP('',(#4365));
#1053=EDGE_LOOP('',(#4366));
#1054=EDGE_LOOP('',(#4367));
#1055=EDGE_LOOP('',(#4368));
#1056=EDGE_LOOP('',(#4369));
#1057=EDGE_LOOP('',(#4370));
#1058=EDGE_LOOP('',(#4371));
#1059=EDGE_LOOP('',(#4372));
#1060=EDGE_LOOP('',(#4373));
#1061=EDGE_LOOP('',(#4374));
#1062=EDGE_LOOP('',(#4375));
#1063=EDGE_LOOP('',(#4376,#4377,#4378,#4379));
#1064=EDGE_LOOP('',(#4380,#4381,#4382,#4383));
#1065=EDGE_LOOP('',(#4384,#4385,#4386,#4387));
#1066=EDGE_LOOP('',(#4388,#4389,#4390,#4391));
#1067=EDGE_LOOP('',(#4392,#4393,#4394,#4395));
#1068=EDGE_LOOP('',(#4396,#4397,#4398,#4399));
#1069=EDGE_LOOP('',(#4400,#4401,#4402,#4403));
#1070=EDGE_LOOP('',(#4404,#4405,#4406,#4407));
#1071=EDGE_LOOP('',(#4408,#4409,#4410,#4411));
#1072=EDGE_LOOP('',(#4412,#4413,#4414,#4415));
#1073=EDGE_LOOP('',(#4416,#4417,#4418,#4419));
#1074=EDGE_LOOP('',(#4420,#4421,#4422,#4423));
#1075=EDGE_LOOP('',(#4424,#4425,#4426,#4427));
#1076=EDGE_LOOP('',(#4428,#4429,#4430,#4431));
#1077=EDGE_LOOP('',(#4432,#4433,#4434,#4435));
#1078=EDGE_LOOP('',(#4436,#4437,#4438,#4439));
#1079=EDGE_LOOP('',(#4440,#4441,#4442,#4443));
#1080=EDGE_LOOP('',(#4444,#4445,#4446,#4447));
#1081=EDGE_LOOP('',(#4448,#4449,#4450,#4451));
#1082=EDGE_LOOP('',(#4452,#4453,#4454,#4455));
#1083=EDGE_LOOP('',(#4456,#4457,#4458,#4459));
#1084=EDGE_LOOP('',(#4460,#4461,#4462,#4463));
#1085=EDGE_LOOP('',(#4464,#4465,#4466,#4467));
#1086=EDGE_LOOP('',(#4468,#4469,#4470,#4471));
#1087=EDGE_LOOP('',(#4472,#4473,#4474,#4475));
#1088=EDGE_LOOP('',(#4476,#4477,#4478,#4479));
#1089=EDGE_LOOP('',(#4480,#4481,#4482,#4483));
#1090=EDGE_LOOP('',(#4484,#4485,#4486,#4487));
#1091=EDGE_LOOP('',(#4488,#4489,#4490,#4491));
#1092=EDGE_LOOP('',(#4492,#4493,#4494,#4495));
#1093=EDGE_LOOP('',(#4496,#4497,#4498,#4499));
#1094=EDGE_LOOP('',(#4500,#4501,#4502,#4503));
#1095=EDGE_LOOP('',(#4504,#4505,#4506,#4507));
#1096=EDGE_LOOP('',(#4508,#4509,#4510,#4511));
#1097=EDGE_LOOP('',(#4512,#4513,#4514,#4515));
#1098=EDGE_LOOP('',(#4516,#4517,#4518,#4519));
#1099=EDGE_LOOP('',(#4520,#4521,#4522,#4523));
#1100=EDGE_LOOP('',(#4524,#4525,#4526,#4527));
#1101=EDGE_LOOP('',(#4528,#4529,#4530,#4531));
#1102=EDGE_LOOP('',(#4532,#4533,#4534,#4535));
#1103=EDGE_LOOP('',(#4536,#4537,#4538,#4539));
#1104=EDGE_LOOP('',(#4540,#4541,#4542,#4543));
#1105=EDGE_LOOP('',(#4544,#4545,#4546,#4547));
#1106=EDGE_LOOP('',(#4548,#4549,#4550,#4551));
#1107=EDGE_LOOP('',(#4552,#4553,#4554,#4555));
#1108=EDGE_LOOP('',(#4556,#4557,#4558,#4559));
#1109=EDGE_LOOP('',(#4560,#4561,#4562,#4563));
#1110=EDGE_LOOP('',(#4564,#4565,#4566,#4567));
#1111=EDGE_LOOP('',(#4568,#4569,#4570,#4571));
#1112=EDGE_LOOP('',(#4572,#4573,#4574,#4575));
#1113=EDGE_LOOP('',(#4576,#4577,#4578,#4579));
#1114=EDGE_LOOP('',(#4580,#4581,#4582,#4583));
#1115=EDGE_LOOP('',(#4584,#4585,#4586,#4587));
#1116=EDGE_LOOP('',(#4588,#4589,#4590,#4591));
#1117=EDGE_LOOP('',(#4592,#4593,#4594,#4595));
#1118=EDGE_LOOP('',(#4596,#4597,#4598,#4599));
#1119=EDGE_LOOP('',(#4600,#4601,#4602,#4603));
#1120=EDGE_LOOP('',(#4604,#4605,#4606,#4607));
#1121=EDGE_LOOP('',(#4608,#4609,#4610,#4611));
#1122=EDGE_LOOP('',(#4612,#4613,#4614,#4615));
#1123=EDGE_LOOP('',(#4616,#4617,#4618,#4619));
#1124=EDGE_LOOP('',(#4620,#4621,#4622,#4623));
#1125=EDGE_LOOP('',(#4624,#4625,#4626,#4627));
#1126=EDGE_LOOP('',(#4628,#4629,#4630,#4631));
#1127=EDGE_LOOP('',(#4632,#4633,#4634,#4635));
#1128=EDGE_LOOP('',(#4636));
#1129=EDGE_LOOP('',(#4637));
#1130=EDGE_LOOP('',(#4638));
#1131=EDGE_LOOP('',(#4639));
#1132=EDGE_LOOP('',(#4640));
#1133=EDGE_LOOP('',(#4641));
#1134=EDGE_LOOP('',(#4642));
#1135=EDGE_LOOP('',(#4643));
#1136=EDGE_LOOP('',(#4644));
#1137=EDGE_LOOP('',(#4645));
#1138=EDGE_LOOP('',(#4646));
#1139=EDGE_LOOP('',(#4647));
#1140=EDGE_LOOP('',(#4648));
#1141=EDGE_LOOP('',(#4649));
#1142=EDGE_LOOP('',(#4650));
#1143=EDGE_LOOP('',(#4651));
#1144=EDGE_LOOP('',(#4652));
#1145=EDGE_LOOP('',(#4653));
#1146=EDGE_LOOP('',(#4654));
#1147=EDGE_LOOP('',(#4655));
#1148=EDGE_LOOP('',(#4656));
#1149=EDGE_LOOP('',(#4657));
#1150=EDGE_LOOP('',(#4658));
#1151=EDGE_LOOP('',(#4659));
#1152=EDGE_LOOP('',(#4660));
#1153=EDGE_LOOP('',(#4661));
#1154=EDGE_LOOP('',(#4662));
#1155=EDGE_LOOP('',(#4663));
#1156=EDGE_LOOP('',(#4664));
#1157=EDGE_LOOP('',(#4665));
#1158=EDGE_LOOP('',(#4666));
#1159=EDGE_LOOP('',(#4667));
#1160=EDGE_LOOP('',(#4668));
#1161=EDGE_LOOP('',(#4669));
#1162=EDGE_LOOP('',(#4670));
#1163=EDGE_LOOP('',(#4671));
#1164=EDGE_LOOP('',(#4672));
#1165=EDGE_LOOP('',(#4673));
#1166=EDGE_LOOP('',(#4674));
#1167=EDGE_LOOP('',(#4675));
#1168=EDGE_LOOP('',(#4676));
#1169=EDGE_LOOP('',(#4677));
#1170=EDGE_LOOP('',(#4678));
#1171=EDGE_LOOP('',(#4679));
#1172=EDGE_LOOP('',(#4680));
#1173=EDGE_LOOP('',(#4681));
#1174=EDGE_LOOP('',(#4682));
#1175=EDGE_LOOP('',(#4683));
#1176=EDGE_LOOP('',(#4684));
#1177=EDGE_LOOP('',(#4685));
#1178=EDGE_LOOP('',(#4686));
#1179=EDGE_LOOP('',(#4687));
#1180=EDGE_LOOP('',(#4688));
#1181=EDGE_LOOP('',(#4689));
#1182=EDGE_LOOP('',(#4690));
#1183=EDGE_LOOP('',(#4691));
#1184=EDGE_LOOP('',(#4692));
#1185=EDGE_LOOP('',(#4693));
#1186=EDGE_LOOP('',(#4694));
#1187=EDGE_LOOP('',(#4695));
#1188=EDGE_LOOP('',(#4696));
#1189=EDGE_LOOP('',(#4697));
#1190=EDGE_LOOP('',(#4698));
#1191=EDGE_LOOP('',(#4699));
#1192=EDGE_LOOP('',(#4700,#4701,#4702,#4703));
#1193=EDGE_LOOP('',(#4704,#4705,#4706,#4707));
#1194=EDGE_LOOP('',(#4708,#4709,#4710,#4711));
#1195=EDGE_LOOP('',(#4712,#4713,#4714,#4715));
#1196=EDGE_LOOP('',(#4716,#4717,#4718,#4719));
#1197=EDGE_LOOP('',(#4720,#4721,#4722,#4723));
#1198=EDGE_LOOP('',(#4724,#4725,#4726,#4727));
#1199=EDGE_LOOP('',(#4728,#4729,#4730,#4731));
#1200=EDGE_LOOP('',(#4732,#4733,#4734,#4735));
#1201=EDGE_LOOP('',(#4736,#4737,#4738,#4739));
#1202=EDGE_LOOP('',(#4740,#4741,#4742,#4743));
#1203=EDGE_LOOP('',(#4744,#4745,#4746,#4747));
#1204=EDGE_LOOP('',(#4748,#4749,#4750,#4751));
#1205=EDGE_LOOP('',(#4752,#4753,#4754,#4755));
#1206=EDGE_LOOP('',(#4756,#4757,#4758,#4759));
#1207=EDGE_LOOP('',(#4760,#4761,#4762,#4763));
#1208=LINE('',#7200,#1707);
#1209=LINE('',#7202,#1708);
#1210=LINE('',#7204,#1709);
#1211=LINE('',#7205,#1710);
#1212=LINE('',#7208,#1711);
#1213=LINE('',#7210,#1712);
#1214=LINE('',#7211,#1713);
#1215=LINE('',#7214,#1714);
#1216=LINE('',#7215,#1715);
#1217=LINE('',#7218,#1716);
#1218=LINE('',#7219,#1717);
#1219=LINE('',#7221,#1718);
#1220=LINE('',#7228,#1719);
#1221=LINE('',#7235,#1720);
#1222=LINE('',#7238,#1721);
#1223=LINE('',#7240,#1722);
#1224=LINE('',#7242,#1723);
#1225=LINE('',#7243,#1724);
#1226=LINE('',#7246,#1725);
#1227=LINE('',#7247,#1726);
#1228=LINE('',#7250,#1727);
#1229=LINE('',#7251,#1728);
#1230=LINE('',#7254,#1729);
#1231=LINE('',#7255,#1730);
#1232=LINE('',#7258,#1731);
#1233=LINE('',#7259,#1732);
#1234=LINE('',#7266,#1733);
#1235=LINE('',#7267,#1734);
#1236=LINE('',#7270,#1735);
#1237=LINE('',#7273,#1736);
#1238=LINE('',#7275,#1737);
#1239=LINE('',#7297,#1738);
#1240=LINE('',#7324,#1739);
#1241=LINE('',#7328,#1740);
#1242=LINE('',#7330,#1741);
#1243=LINE('',#7331,#1742);
#1244=LINE('',#7339,#1743);
#1245=LINE('',#7340,#1744);
#1246=LINE('',#7362,#1745);
#1247=LINE('',#7369,#1746);
#1248=LINE('',#7392,#1747);
#1249=LINE('',#7393,#1748);
#1250=LINE('',#7398,#1749);
#1251=LINE('',#7403,#1750);
#1252=LINE('',#7407,#1751);
#1253=LINE('',#7413,#1752);
#1254=LINE('',#7415,#1753);
#1255=LINE('',#7417,#1754);
#1256=LINE('',#7419,#1755);
#1257=LINE('',#7424,#1756);
#1258=LINE('',#7426,#1757);
#1259=LINE('',#7428,#1758);
#1260=LINE('',#7429,#1759);
#1261=LINE('',#7432,#1760);
#1262=LINE('',#7434,#1761);
#1263=LINE('',#7435,#1762);
#1264=LINE('',#7438,#1763);
#1265=LINE('',#7440,#1764);
#1266=LINE('',#7441,#1765);
#1267=LINE('',#7443,#1766);
#1268=LINE('',#7444,#1767);
#1269=LINE('',#7452,#1768);
#1270=LINE('',#7455,#1769);
#1271=LINE('',#7458,#1770);
#1272=LINE('',#7460,#1771);
#1273=LINE('',#7461,#1772);
#1274=LINE('',#7464,#1773);
#1275=LINE('',#7465,#1774);
#1276=LINE('',#7468,#1775);
#1277=LINE('',#7469,#1776);
#1278=LINE('',#7471,#1777);
#1279=LINE('',#7476,#1778);
#1280=LINE('',#7478,#1779);
#1281=LINE('',#7480,#1780);
#1282=LINE('',#7481,#1781);
#1283=LINE('',#7484,#1782);
#1284=LINE('',#7486,#1783);
#1285=LINE('',#7487,#1784);
#1286=LINE('',#7490,#1785);
#1287=LINE('',#7491,#1786);
#1288=LINE('',#7494,#1787);
#1289=LINE('',#7495,#1788);
#1290=LINE('',#7497,#1789);
#1291=LINE('',#7502,#1790);
#1292=LINE('',#7504,#1791);
#1293=LINE('',#7506,#1792);
#1294=LINE('',#7507,#1793);
#1295=LINE('',#7556,#1794);
#1296=LINE('',#7596,#1795);
#1297=LINE('',#7598,#1796);
#1298=LINE('',#7599,#1797);
#1299=LINE('',#7604,#1798);
#1300=LINE('',#7610,#1799);
#1301=LINE('',#7612,#1800);
#1302=LINE('',#7613,#1801);
#1303=LINE('',#7618,#1802);
#1304=LINE('',#7622,#1803);
#1305=LINE('',#7624,#1804);
#1306=LINE('',#7625,#1805);
#1307=LINE('',#7628,#1806);
#1308=LINE('',#7629,#1807);
#1309=LINE('',#7631,#1808);
#1310=LINE('',#7633,#1809);
#1311=LINE('',#7634,#1810);
#1312=LINE('',#7642,#1811);
#1313=LINE('',#7644,#1812);
#1314=LINE('',#7645,#1813);
#1315=LINE('',#7648,#1814);
#1316=LINE('',#7650,#1815);
#1317=LINE('',#7651,#1816);
#1318=LINE('',#7656,#1817);
#1319=LINE('',#7659,#1818);
#1320=LINE('',#7661,#1819);
#1321=LINE('',#7668,#1820);
#1322=LINE('',#7670,#1821);
#1323=LINE('',#7672,#1822);
#1324=LINE('',#7673,#1823);
#1325=LINE('',#7676,#1824);
#1326=LINE('',#7680,#1825);
#1327=LINE('',#7683,#1826);
#1328=LINE('',#7686,#1827);
#1329=LINE('',#7687,#1828);
#1330=LINE('',#7690,#1829);
#1331=LINE('',#7691,#1830);
#1332=LINE('',#7693,#1831);
#1333=LINE('',#7698,#1832);
#1334=LINE('',#7700,#1833);
#1335=LINE('',#7702,#1834);
#1336=LINE('',#7704,#1835);
#1337=LINE('',#7706,#1836);
#1338=LINE('',#7707,#1837);
#1339=LINE('',#7710,#1838);
#1340=LINE('',#7712,#1839);
#1341=LINE('',#7713,#1840);
#1342=LINE('',#7716,#1841);
#1343=LINE('',#7717,#1842);
#1344=LINE('',#7720,#1843);
#1345=LINE('',#7721,#1844);
#1346=LINE('',#7724,#1845);
#1347=LINE('',#7725,#1846);
#1348=LINE('',#7728,#1847);
#1349=LINE('',#7729,#1848);
#1350=LINE('',#7731,#1849);
#1351=LINE('',#7735,#1850);
#1352=LINE('',#7737,#1851);
#1353=LINE('',#7739,#1852);
#1354=LINE('',#7740,#1853);
#1355=LINE('',#7743,#1854);
#1356=LINE('',#7745,#1855);
#1357=LINE('',#7746,#1856);
#1358=LINE('',#7749,#1857);
#1359=LINE('',#7751,#1858);
#1360=LINE('',#7752,#1859);
#1361=LINE('',#7755,#1860);
#1362=LINE('',#7757,#1861);
#1363=LINE('',#7758,#1862);
#1364=LINE('',#7761,#1863);
#1365=LINE('',#7763,#1864);
#1366=LINE('',#7764,#1865);
#1367=LINE('',#7766,#1866);
#1368=LINE('',#7767,#1867);
#1369=LINE('',#7774,#1868);
#1370=LINE('',#7781,#1869);
#1371=LINE('',#7783,#1870);
#1372=LINE('',#7786,#1871);
#1373=LINE('',#7789,#1872);
#1374=LINE('',#7791,#1873);
#1375=LINE('',#7792,#1874);
#1376=LINE('',#7796,#1875);
#1377=LINE('',#7799,#1876);
#1378=LINE('',#7800,#1877);
#1379=LINE('',#7802,#1878);
#1380=LINE('',#7806,#1879);
#1381=LINE('',#7808,#1880);
#1382=LINE('',#7811,#1881);
#1383=LINE('',#7814,#1882);
#1384=LINE('',#7816,#1883);
#1385=LINE('',#7817,#1884);
#1386=LINE('',#7820,#1885);
#1387=LINE('',#7822,#1886);
#1388=LINE('',#7823,#1887);
#1389=LINE('',#7829,#1888);
#1390=LINE('',#7835,#1889);
#1391=LINE('',#7838,#1890);
#1392=LINE('',#7841,#1891);
#1393=LINE('',#7843,#1892);
#1394=LINE('',#7844,#1893);
#1395=LINE('',#7847,#1894);
#1396=LINE('',#7851,#1895);
#1397=LINE('',#7855,#1896);
#1398=LINE('',#7859,#1897);
#1399=LINE('',#7861,#1898);
#1400=LINE('',#7863,#1899);
#1401=LINE('',#7865,#1900);
#1402=LINE('',#7867,#1901);
#1403=LINE('',#7869,#1902);
#1404=LINE('',#7871,#1903);
#1405=LINE('',#7873,#1904);
#1406=LINE('',#7875,#1905);
#1407=LINE('',#7877,#1906);
#1408=LINE('',#7879,#1907);
#1409=LINE('',#7881,#1908);
#1410=LINE('',#7883,#1909);
#1411=LINE('',#7885,#1910);
#1412=LINE('',#7887,#1911);
#1413=LINE('',#7889,#1912);
#1414=LINE('',#7891,#1913);
#1415=LINE('',#7893,#1914);
#1416=LINE('',#7895,#1915);
#1417=LINE('',#7897,#1916);
#1418=LINE('',#7899,#1917);
#1419=LINE('',#7901,#1918);
#1420=LINE('',#7903,#1919);
#1421=LINE('',#7904,#1920);
#1422=LINE('',#7908,#1921);
#1423=LINE('',#7911,#1922);
#1424=LINE('',#7912,#1923);
#1425=LINE('',#7916,#1924);
#1426=LINE('',#7919,#1925);
#1427=LINE('',#7920,#1926);
#1428=LINE('',#7924,#1927);
#1429=LINE('',#7927,#1928);
#1430=LINE('',#7929,#1929);
#1431=LINE('',#7930,#1930);
#1432=LINE('',#7933,#1931);
#1433=LINE('',#7934,#1932);
#1434=LINE('',#7937,#1933);
#1435=LINE('',#7938,#1934);
#1436=LINE('',#7941,#1935);
#1437=LINE('',#7942,#1936);
#1438=LINE('',#7945,#1937);
#1439=LINE('',#7946,#1938);
#1440=LINE('',#7949,#1939);
#1441=LINE('',#7950,#1940);
#1442=LINE('',#7953,#1941);
#1443=LINE('',#7954,#1942);
#1444=LINE('',#7957,#1943);
#1445=LINE('',#7958,#1944);
#1446=LINE('',#7961,#1945);
#1447=LINE('',#7962,#1946);
#1448=LINE('',#7965,#1947);
#1449=LINE('',#7966,#1948);
#1450=LINE('',#7969,#1949);
#1451=LINE('',#7970,#1950);
#1452=LINE('',#7973,#1951);
#1453=LINE('',#7974,#1952);
#1454=LINE('',#7977,#1953);
#1455=LINE('',#7978,#1954);
#1456=LINE('',#7981,#1955);
#1457=LINE('',#7982,#1956);
#1458=LINE('',#7985,#1957);
#1459=LINE('',#7986,#1958);
#1460=LINE('',#7989,#1959);
#1461=LINE('',#7990,#1960);
#1462=LINE('',#7993,#1961);
#1463=LINE('',#7994,#1962);
#1464=LINE('',#7997,#1963);
#1465=LINE('',#7998,#1964);
#1466=LINE('',#8001,#1965);
#1467=LINE('',#8002,#1966);
#1468=LINE('',#8005,#1967);
#1469=LINE('',#8006,#1968);
#1470=LINE('',#8009,#1969);
#1471=LINE('',#8010,#1970);
#1472=LINE('',#8013,#1971);
#1473=LINE('',#8014,#1972);
#1474=LINE('',#8017,#1973);
#1475=LINE('',#8018,#1974);
#1476=LINE('',#8020,#1975);
#1477=LINE('',#8022,#1976);
#1478=LINE('',#8039,#1977);
#1479=LINE('',#8043,#1978);
#1480=LINE('',#8047,#1979);
#1481=LINE('',#8053,#1980);
#1482=LINE('',#8063,#1981);
#1483=LINE('',#8065,#1982);
#1484=LINE('',#8067,#1983);
#1485=LINE('',#8068,#1984);
#1486=LINE('',#8072,#1985);
#1487=LINE('',#8074,#1986);
#1488=LINE('',#8076,#1987);
#1489=LINE('',#8077,#1988);
#1490=LINE('',#8080,#1989);
#1491=LINE('',#8081,#1990);
#1492=LINE('',#8082,#1991);
#1493=LINE('',#8085,#1992);
#1494=LINE('',#8086,#1993);
#1495=LINE('',#8088,#1994);
#1496=LINE('',#8089,#1995);
#1497=LINE('',#8095,#1996);
#1498=LINE('',#8097,#1997);
#1499=LINE('',#8099,#1998);
#1500=LINE('',#8100,#1999);
#1501=LINE('',#8103,#2000);
#1502=LINE('',#8105,#2001);
#1503=LINE('',#8106,#2002);
#1504=LINE('',#8109,#2003);
#1505=LINE('',#8110,#2004);
#1506=LINE('',#8113,#2005);
#1507=LINE('',#8114,#2006);
#1508=LINE('',#8116,#2007);
#1509=LINE('',#8120,#2008);
#1510=LINE('',#8122,#2009);
#1511=LINE('',#8124,#2010);
#1512=LINE('',#8125,#2011);
#1513=LINE('',#8128,#2012);
#1514=LINE('',#8130,#2013);
#1515=LINE('',#8131,#2014);
#1516=LINE('',#8134,#2015);
#1517=LINE('',#8136,#2016);
#1518=LINE('',#8137,#2017);
#1519=LINE('',#8139,#2018);
#1520=LINE('',#8140,#2019);
#1521=LINE('',#8146,#2020);
#1522=LINE('',#8148,#2021);
#1523=LINE('',#8150,#2022);
#1524=LINE('',#8151,#2023);
#1525=LINE('',#8155,#2024);
#1526=LINE('',#8157,#2025);
#1527=LINE('',#8159,#2026);
#1528=LINE('',#8161,#2027);
#1529=LINE('',#8163,#2028);
#1530=LINE('',#8165,#2029);
#1531=LINE('',#8167,#2030);
#1532=LINE('',#8169,#2031);
#1533=LINE('',#8171,#2032);
#1534=LINE('',#8173,#2033);
#1535=LINE('',#8175,#2034);
#1536=LINE('',#8176,#2035);
#1537=LINE('',#8180,#2036);
#1538=LINE('',#8181,#2037);
#1539=LINE('',#8182,#2038);
#1540=LINE('',#8185,#2039);
#1541=LINE('',#8186,#2040);
#1542=LINE('',#8189,#2041);
#1543=LINE('',#8190,#2042);
#1544=LINE('',#8194,#2043);
#1545=LINE('',#8195,#2044);
#1546=LINE('',#8196,#2045);
#1547=LINE('',#8199,#2046);
#1548=LINE('',#8200,#2047);
#1549=LINE('',#8203,#2048);
#1550=LINE('',#8204,#2049);
#1551=LINE('',#8205,#2050);
#1552=LINE('',#8207,#2051);
#1553=LINE('',#8211,#2052);
#1554=LINE('',#8212,#2053);
#1555=LINE('',#8213,#2054);
#1556=LINE('',#8217,#2055);
#1557=LINE('',#8218,#2056);
#1558=LINE('',#8219,#2057);
#1559=LINE('',#8221,#2058);
#1560=LINE('',#8223,#2059);
#1561=LINE('',#8227,#2060);
#1562=LINE('',#8228,#2061);
#1563=LINE('',#8229,#2062);
#1564=LINE('',#8232,#2063);
#1565=LINE('',#8233,#2064);
#1566=LINE('',#8236,#2065);
#1567=LINE('',#8237,#2066);
#1568=LINE('',#8239,#2067);
#1569=LINE('',#8245,#2068);
#1570=LINE('',#8252,#2069);
#1571=LINE('',#8254,#2070);
#1572=LINE('',#8256,#2071);
#1573=LINE('',#8257,#2072);
#1574=LINE('',#8260,#2073);
#1575=LINE('',#8262,#2074);
#1576=LINE('',#8263,#2075);
#1577=LINE('',#8266,#2076);
#1578=LINE('',#8268,#2077);
#1579=LINE('',#8269,#2078);
#1580=LINE('',#8271,#2079);
#1581=LINE('',#8272,#2080);
#1582=LINE('',#8278,#2081);
#1583=LINE('',#8280,#2082);
#1584=LINE('',#8282,#2083);
#1585=LINE('',#8283,#2084);
#1586=LINE('',#8286,#2085);
#1587=LINE('',#8288,#2086);
#1588=LINE('',#8289,#2087);
#1589=LINE('',#8292,#2088);
#1590=LINE('',#8294,#2089);
#1591=LINE('',#8295,#2090);
#1592=LINE('',#8297,#2091);
#1593=LINE('',#8298,#2092);
#1594=LINE('',#8304,#2093);
#1595=LINE('',#8306,#2094);
#1596=LINE('',#8308,#2095);
#1597=LINE('',#8309,#2096);
#1598=LINE('',#8312,#2097);
#1599=LINE('',#8314,#2098);
#1600=LINE('',#8315,#2099);
#1601=LINE('',#8318,#2100);
#1602=LINE('',#8320,#2101);
#1603=LINE('',#8321,#2102);
#1604=LINE('',#8323,#2103);
#1605=LINE('',#8324,#2104);
#1606=LINE('',#8331,#2105);
#1607=LINE('',#8338,#2106);
#1608=LINE('',#8340,#2107);
#1609=LINE('',#8342,#2108);
#1610=LINE('',#8343,#2109);
#1611=LINE('',#8475,#2110);
#1612=LINE('',#8479,#2111);
#1613=LINE('',#8483,#2112);
#1614=LINE('',#8487,#2113);
#1615=LINE('',#8491,#2114);
#1616=LINE('',#8495,#2115);
#1617=LINE('',#8499,#2116);
#1618=LINE('',#8503,#2117);
#1619=LINE('',#8507,#2118);
#1620=LINE('',#8511,#2119);
#1621=LINE('',#8515,#2120);
#1622=LINE('',#8519,#2121);
#1623=LINE('',#8523,#2122);
#1624=LINE('',#8527,#2123);
#1625=LINE('',#8531,#2124);
#1626=LINE('',#8535,#2125);
#1627=LINE('',#8539,#2126);
#1628=LINE('',#8543,#2127);
#1629=LINE('',#8547,#2128);
#1630=LINE('',#8551,#2129);
#1631=LINE('',#8555,#2130);
#1632=LINE('',#8559,#2131);
#1633=LINE('',#8563,#2132);
#1634=LINE('',#8567,#2133);
#1635=LINE('',#8571,#2134);
#1636=LINE('',#8575,#2135);
#1637=LINE('',#8579,#2136);
#1638=LINE('',#8583,#2137);
#1639=LINE('',#8587,#2138);
#1640=LINE('',#8591,#2139);
#1641=LINE('',#8595,#2140);
#1642=LINE('',#8599,#2141);
#1643=LINE('',#8603,#2142);
#1644=LINE('',#8607,#2143);
#1645=LINE('',#8611,#2144);
#1646=LINE('',#8615,#2145);
#1647=LINE('',#8619,#2146);
#1648=LINE('',#8623,#2147);
#1649=LINE('',#8627,#2148);
#1650=LINE('',#8631,#2149);
#1651=LINE('',#8635,#2150);
#1652=LINE('',#8639,#2151);
#1653=LINE('',#8643,#2152);
#1654=LINE('',#8647,#2153);
#1655=LINE('',#8651,#2154);
#1656=LINE('',#8655,#2155);
#1657=LINE('',#8659,#2156);
#1658=LINE('',#8663,#2157);
#1659=LINE('',#8667,#2158);
#1660=LINE('',#8671,#2159);
#1661=LINE('',#8675,#2160);
#1662=LINE('',#8679,#2161);
#1663=LINE('',#8683,#2162);
#1664=LINE('',#8687,#2163);
#1665=LINE('',#8691,#2164);
#1666=LINE('',#8695,#2165);
#1667=LINE('',#8699,#2166);
#1668=LINE('',#8703,#2167);
#1669=LINE('',#8707,#2168);
#1670=LINE('',#8711,#2169);
#1671=LINE('',#8715,#2170);
#1672=LINE('',#8719,#2171);
#1673=LINE('',#8723,#2172);
#1674=LINE('',#8727,#2173);
#1675=LINE('',#8731,#2174);
#1676=LINE('',#8733,#2175);
#1677=LINE('',#8735,#2176);
#1678=LINE('',#8736,#2177);
#1679=LINE('',#8740,#2178);
#1680=LINE('',#8741,#2179);
#1681=LINE('',#8742,#2180);
#1682=LINE('',#8745,#2181);
#1683=LINE('',#8746,#2182);
#1684=LINE('',#8749,#2183);
#1685=LINE('',#8750,#2184);
#1686=LINE('',#8752,#2185);
#1687=LINE('',#8756,#2186);
#1688=LINE('',#8757,#2187);
#1689=LINE('',#8758,#2188);
#1690=LINE('',#8761,#2189);
#1691=LINE('',#8762,#2190);
#1692=LINE('',#8765,#2191);
#1693=LINE('',#8766,#2192);
#1694=LINE('',#8768,#2193);
#1695=LINE('',#8773,#2194);
#1696=LINE('',#8775,#2195);
#1697=LINE('',#8777,#2196);
#1698=LINE('',#8778,#2197);
#1699=LINE('',#8781,#2198);
#1700=LINE('',#8783,#2199);
#1701=LINE('',#8784,#2200);
#1702=LINE('',#8787,#2201);
#1703=LINE('',#8788,#2202);
#1704=LINE('',#8791,#2203);
#1705=LINE('',#8792,#2204);
#1706=LINE('',#8794,#2205);
#1707=VECTOR('',#5758,0.393700787401575);
#1708=VECTOR('',#5759,0.393700787401575);
#1709=VECTOR('',#5760,0.393700787401575);
#1710=VECTOR('',#5761,0.393700787401575);
#1711=VECTOR('',#5764,0.393700787401575);
#1712=VECTOR('',#5765,0.393700787401575);
#1713=VECTOR('',#5766,0.393700787401575);
#1714=VECTOR('',#5769,0.393700787401575);
#1715=VECTOR('',#5770,0.393700787401575);
#1716=VECTOR('',#5773,0.393700787401575);
#1717=VECTOR('',#5774,0.393700787401575);
#1718=VECTOR('',#5777,0.393700787401575);
#1719=VECTOR('',#5784,0.393700787401575);
#1720=VECTOR('',#5791,0.393700787401575);
#1721=VECTOR('',#5794,0.393700787401575);
#1722=VECTOR('',#5795,0.393700787401575);
#1723=VECTOR('',#5796,0.393700787401575);
#1724=VECTOR('',#5797,0.393700787401575);
#1725=VECTOR('',#5800,0.393700787401575);
#1726=VECTOR('',#5801,0.393700787401575);
#1727=VECTOR('',#5804,0.393700787401575);
#1728=VECTOR('',#5805,0.393700787401575);
#1729=VECTOR('',#5808,0.393700787401575);
#1730=VECTOR('',#5809,0.393700787401575);
#1731=VECTOR('',#5812,0.393700787401575);
#1732=VECTOR('',#5813,0.393700787401575);
#1733=VECTOR('',#5824,0.393700787401575);
#1734=VECTOR('',#5825,0.393700787401575);
#1735=VECTOR('',#5828,0.393700787401575);
#1736=VECTOR('',#5833,0.393700787401575);
#1737=VECTOR('',#5836,0.393700787401575);
#1738=VECTOR('',#5841,0.393700787401575);
#1739=VECTOR('',#5842,0.393700787401575);
#1740=VECTOR('',#5847,0.393700787401575);
#1741=VECTOR('',#5848,0.393700787401575);
#1742=VECTOR('',#5849,0.393700787401575);
#1743=VECTOR('',#5852,0.393700787401575);
#1744=VECTOR('',#5853,0.393700787401575);
#1745=VECTOR('',#5854,0.393700787401575);
#1746=VECTOR('',#5855,0.393700787401575);
#1747=VECTOR('',#5858,0.393700787401575);
#1748=VECTOR('',#5859,0.393700787401575);
#1749=VECTOR('',#5864,0.393700787401575);
#1750=VECTOR('',#5869,0.393700787401575);
#1751=VECTOR('',#5874,0.393700787401575);
#1752=VECTOR('',#5881,0.393700787401575);
#1753=VECTOR('',#5884,0.393700787401575);
#1754=VECTOR('',#5887,0.393700787401575);
#1755=VECTOR('',#5890,0.393700787401575);
#1756=VECTOR('',#5895,0.393700787401575);
#1757=VECTOR('',#5896,0.393700787401575);
#1758=VECTOR('',#5897,0.393700787401575);
#1759=VECTOR('',#5898,0.393700787401575);
#1760=VECTOR('',#5901,0.393700787401575);
#1761=VECTOR('',#5902,0.393700787401575);
#1762=VECTOR('',#5903,0.393700787401575);
#1763=VECTOR('',#5906,0.393700787401575);
#1764=VECTOR('',#5907,0.393700787401575);
#1765=VECTOR('',#5908,0.393700787401575);
#1766=VECTOR('',#5911,0.393700787401575);
#1767=VECTOR('',#5912,0.393700787401575);
#1768=VECTOR('',#5921,7.5);
#1769=VECTOR('',#5924,0.393700787401575);
#1770=VECTOR('',#5927,0.393700787401575);
#1771=VECTOR('',#5928,0.393700787401575);
#1772=VECTOR('',#5929,0.393700787401575);
#1773=VECTOR('',#5932,0.393700787401575);
#1774=VECTOR('',#5933,0.393700787401575);
#1775=VECTOR('',#5936,0.393700787401575);
#1776=VECTOR('',#5937,0.393700787401575);
#1777=VECTOR('',#5940,0.393700787401575);
#1778=VECTOR('',#5945,0.393700787401575);
#1779=VECTOR('',#5946,0.393700787401575);
#1780=VECTOR('',#5947,0.393700787401575);
#1781=VECTOR('',#5948,0.393700787401575);
#1782=VECTOR('',#5951,0.393700787401575);
#1783=VECTOR('',#5952,0.393700787401575);
#1784=VECTOR('',#5953,0.393700787401575);
#1785=VECTOR('',#5956,0.393700787401575);
#1786=VECTOR('',#5957,0.393700787401575);
#1787=VECTOR('',#5960,0.393700787401575);
#1788=VECTOR('',#5961,0.393700787401575);
#1789=VECTOR('',#5964,0.393700787401575);
#1790=VECTOR('',#5969,0.393700787401575);
#1791=VECTOR('',#5970,0.393700787401575);
#1792=VECTOR('',#5971,0.393700787401575);
#1793=VECTOR('',#5972,0.393700787401575);
#1794=VECTOR('',#5973,0.393700787401575);
#1795=VECTOR('',#5976,0.393700787401575);
#1796=VECTOR('',#5977,0.393700787401575);
#1797=VECTOR('',#5978,0.393700787401575);
#1798=VECTOR('',#5983,0.393700787401575);
#1799=VECTOR('',#5990,0.393700787401575);
#1800=VECTOR('',#5991,0.393700787401575);
#1801=VECTOR('',#5992,0.393700787401575);
#1802=VECTOR('',#5997,0.393700787401575);
#1803=VECTOR('',#6002,0.393700787401575);
#1804=VECTOR('',#6003,0.393700787401575);
#1805=VECTOR('',#6004,0.393700787401575);
#1806=VECTOR('',#6007,0.393700787401575);
#1807=VECTOR('',#6008,0.393700787401575);
#1808=VECTOR('',#6011,0.393700787401575);
#1809=VECTOR('',#6014,0.393700787401575);
#1810=VECTOR('',#6015,0.393700787401575);
#1811=VECTOR('',#6024,0.393700787401575);
#1812=VECTOR('',#6025,0.393700787401575);
#1813=VECTOR('',#6026,0.393700787401575);
#1814=VECTOR('',#6029,0.393700787401575);
#1815=VECTOR('',#6030,0.393700787401575);
#1816=VECTOR('',#6031,0.393700787401575);
#1817=VECTOR('',#6036,0.393700787401575);
#1818=VECTOR('',#6041,0.393700787401575);
#1819=VECTOR('',#6044,0.393700787401575);
#1820=VECTOR('',#6051,0.393700787401575);
#1821=VECTOR('',#6052,0.393700787401575);
#1822=VECTOR('',#6053,0.393700787401575);
#1823=VECTOR('',#6054,0.393700787401575);
#1824=VECTOR('',#6057,0.393700787401575);
#1825=VECTOR('',#6060,0.393700787401575);
#1826=VECTOR('',#6065,0.393700787401575);
#1827=VECTOR('',#6068,0.393700787401575);
#1828=VECTOR('',#6069,0.393700787401575);
#1829=VECTOR('',#6072,0.393700787401575);
#1830=VECTOR('',#6073,0.393700787401575);
#1831=VECTOR('',#6076,0.393700787401575);
#1832=VECTOR('',#6081,0.393700787401575);
#1833=VECTOR('',#6082,0.393700787401575);
#1834=VECTOR('',#6083,0.393700787401575);
#1835=VECTOR('',#6084,0.393700787401575);
#1836=VECTOR('',#6085,0.393700787401575);
#1837=VECTOR('',#6086,0.393700787401575);
#1838=VECTOR('',#6089,0.393700787401575);
#1839=VECTOR('',#6090,0.393700787401575);
#1840=VECTOR('',#6091,0.393700787401575);
#1841=VECTOR('',#6094,0.393700787401575);
#1842=VECTOR('',#6095,0.393700787401575);
#1843=VECTOR('',#6098,0.393700787401575);
#1844=VECTOR('',#6099,0.393700787401575);
#1845=VECTOR('',#6102,0.393700787401575);
#1846=VECTOR('',#6103,0.393700787401575);
#1847=VECTOR('',#6106,0.393700787401575);
#1848=VECTOR('',#6107,0.393700787401575);
#1849=VECTOR('',#6110,0.393700787401575);
#1850=VECTOR('',#6113,0.393700787401575);
#1851=VECTOR('',#6114,0.393700787401575);
#1852=VECTOR('',#6115,0.393700787401575);
#1853=VECTOR('',#6116,0.393700787401575);
#1854=VECTOR('',#6119,0.393700787401575);
#1855=VECTOR('',#6120,0.393700787401575);
#1856=VECTOR('',#6121,0.393700787401575);
#1857=VECTOR('',#6124,0.393700787401575);
#1858=VECTOR('',#6125,0.393700787401575);
#1859=VECTOR('',#6126,0.393700787401575);
#1860=VECTOR('',#6129,0.393700787401575);
#1861=VECTOR('',#6130,0.393700787401575);
#1862=VECTOR('',#6131,0.393700787401575);
#1863=VECTOR('',#6134,0.393700787401575);
#1864=VECTOR('',#6135,0.393700787401575);
#1865=VECTOR('',#6136,0.393700787401575);
#1866=VECTOR('',#6139,0.393700787401575);
#1867=VECTOR('',#6140,0.393700787401575);
#1868=VECTOR('',#6149,23.851554131049);
#1869=VECTOR('',#6158,0.393700787401575);
#1870=VECTOR('',#6159,0.393700787401575);
#1871=VECTOR('',#6162,0.393700787401575);
#1872=VECTOR('',#6165,0.393700787401575);
#1873=VECTOR('',#6166,0.393700787401575);
#1874=VECTOR('',#6167,0.393700787401575);
#1875=VECTOR('',#6172,0.393700787401575);
#1876=VECTOR('',#6175,0.393700787401575);
#1877=VECTOR('',#6176,0.393700787401575);
#1878=VECTOR('',#6179,0.393700787401575);
#1879=VECTOR('',#6182,0.393700787401575);
#1880=VECTOR('',#6183,0.393700787401575);
#1881=VECTOR('',#6186,0.393700787401575);
#1882=VECTOR('',#6189,0.393700787401575);
#1883=VECTOR('',#6190,0.393700787401575);
#1884=VECTOR('',#6191,0.393700787401575);
#1885=VECTOR('',#6194,0.393700787401575);
#1886=VECTOR('',#6195,0.393700787401575);
#1887=VECTOR('',#6196,0.393700787401575);
#1888=VECTOR('',#6205,0.393700787401575);
#1889=VECTOR('',#6210,0.393700787401575);
#1890=VECTOR('',#6213,0.393700787401575);
#1891=VECTOR('',#6216,0.393700787401575);
#1892=VECTOR('',#6217,0.393700787401575);
#1893=VECTOR('',#6218,0.393700787401575);
#1894=VECTOR('',#6221,0.393700787401575);
#1895=VECTOR('',#6224,0.393700787401575);
#1896=VECTOR('',#6227,0.393700787401575);
#1897=VECTOR('',#6230,0.393700787401575);
#1898=VECTOR('',#6231,0.393700787401575);
#1899=VECTOR('',#6232,0.393700787401575);
#1900=VECTOR('',#6233,0.393700787401575);
#1901=VECTOR('',#6234,0.393700787401575);
#1902=VECTOR('',#6235,0.393700787401575);
#1903=VECTOR('',#6236,0.393700787401575);
#1904=VECTOR('',#6237,0.393700787401575);
#1905=VECTOR('',#6238,0.393700787401575);
#1906=VECTOR('',#6239,0.393700787401575);
#1907=VECTOR('',#6240,0.393700787401575);
#1908=VECTOR('',#6241,0.393700787401575);
#1909=VECTOR('',#6242,0.393700787401575);
#1910=VECTOR('',#6243,0.393700787401575);
#1911=VECTOR('',#6244,0.393700787401575);
#1912=VECTOR('',#6245,0.393700787401575);
#1913=VECTOR('',#6246,0.393700787401575);
#1914=VECTOR('',#6247,0.393700787401575);
#1915=VECTOR('',#6248,0.393700787401575);
#1916=VECTOR('',#6249,0.393700787401575);
#1917=VECTOR('',#6250,0.393700787401575);
#1918=VECTOR('',#6251,0.393700787401575);
#1919=VECTOR('',#6252,0.393700787401575);
#1920=VECTOR('',#6253,0.393700787401575);
#1921=VECTOR('',#6258,0.393700787401575);
#1922=VECTOR('',#6261,0.393700787401575);
#1923=VECTOR('',#6262,0.393700787401575);
#1924=VECTOR('',#6267,0.393700787401575);
#1925=VECTOR('',#6270,0.393700787401575);
#1926=VECTOR('',#6271,0.393700787401575);
#1927=VECTOR('',#6276,0.393700787401575);
#1928=VECTOR('',#6279,0.393700787401575);
#1929=VECTOR('',#6280,0.393700787401575);
#1930=VECTOR('',#6281,0.393700787401575);
#1931=VECTOR('',#6284,0.393700787401575);
#1932=VECTOR('',#6285,0.393700787401575);
#1933=VECTOR('',#6288,0.393700787401575);
#1934=VECTOR('',#6289,0.393700787401575);
#1935=VECTOR('',#6292,0.393700787401575);
#1936=VECTOR('',#6293,0.393700787401575);
#1937=VECTOR('',#6296,0.393700787401575);
#1938=VECTOR('',#6297,0.393700787401575);
#1939=VECTOR('',#6300,0.393700787401575);
#1940=VECTOR('',#6301,0.393700787401575);
#1941=VECTOR('',#6304,0.393700787401575);
#1942=VECTOR('',#6305,0.393700787401575);
#1943=VECTOR('',#6308,0.393700787401575);
#1944=VECTOR('',#6309,0.393700787401575);
#1945=VECTOR('',#6312,0.393700787401575);
#1946=VECTOR('',#6313,0.393700787401575);
#1947=VECTOR('',#6316,0.393700787401575);
#1948=VECTOR('',#6317,0.393700787401575);
#1949=VECTOR('',#6320,0.393700787401575);
#1950=VECTOR('',#6321,0.393700787401575);
#1951=VECTOR('',#6324,0.393700787401575);
#1952=VECTOR('',#6325,0.393700787401575);
#1953=VECTOR('',#6328,0.393700787401575);
#1954=VECTOR('',#6329,0.393700787401575);
#1955=VECTOR('',#6332,0.393700787401575);
#1956=VECTOR('',#6333,0.393700787401575);
#1957=VECTOR('',#6336,0.393700787401575);
#1958=VECTOR('',#6337,0.393700787401575);
#1959=VECTOR('',#6340,0.393700787401575);
#1960=VECTOR('',#6341,0.393700787401575);
#1961=VECTOR('',#6344,0.393700787401575);
#1962=VECTOR('',#6345,0.393700787401575);
#1963=VECTOR('',#6348,0.393700787401575);
#1964=VECTOR('',#6349,0.393700787401575);
#1965=VECTOR('',#6352,0.393700787401575);
#1966=VECTOR('',#6353,0.393700787401575);
#1967=VECTOR('',#6356,0.393700787401575);
#1968=VECTOR('',#6357,0.393700787401575);
#1969=VECTOR('',#6360,0.393700787401575);
#1970=VECTOR('',#6361,0.393700787401575);
#1971=VECTOR('',#6364,0.393700787401575);
#1972=VECTOR('',#6365,0.393700787401575);
#1973=VECTOR('',#6368,0.393700787401575);
#1974=VECTOR('',#6369,0.393700787401575);
#1975=VECTOR('',#6372,0.393700787401575);
#1976=VECTOR('',#6375,0.393700787401575);
#1977=VECTOR('',#6396,12.5);
#1978=VECTOR('',#6399,12.499999541936);
#1979=VECTOR('',#6402,0.393700787401575);
#1980=VECTOR('',#6409,11.4999998272873);
#1981=VECTOR('',#6424,0.393700787401575);
#1982=VECTOR('',#6425,0.393700787401575);
#1983=VECTOR('',#6426,0.393700787401575);
#1984=VECTOR('',#6427,0.393700787401575);
#1985=VECTOR('',#6430,0.393700787401575);
#1986=VECTOR('',#6431,0.393700787401575);
#1987=VECTOR('',#6432,0.393700787401575);
#1988=VECTOR('',#6433,0.393700787401575);
#1989=VECTOR('',#6436,0.393700787401575);
#1990=VECTOR('',#6437,0.393700787401575);
#1991=VECTOR('',#6438,0.393700787401575);
#1992=VECTOR('',#6441,0.393700787401575);
#1993=VECTOR('',#6442,0.393700787401575);
#1994=VECTOR('',#6445,0.393700787401575);
#1995=VECTOR('',#6446,0.393700787401575);
#1996=VECTOR('',#6453,0.393700787401575);
#1997=VECTOR('',#6454,0.393700787401575);
#1998=VECTOR('',#6455,0.393700787401575);
#1999=VECTOR('',#6456,0.393700787401575);
#2000=VECTOR('',#6459,0.393700787401575);
#2001=VECTOR('',#6460,0.393700787401575);
#2002=VECTOR('',#6461,0.393700787401575);
#2003=VECTOR('',#6464,0.393700787401575);
#2004=VECTOR('',#6465,0.393700787401575);
#2005=VECTOR('',#6468,0.393700787401575);
#2006=VECTOR('',#6469,0.393700787401575);
#2007=VECTOR('',#6472,0.393700787401575);
#2008=VECTOR('',#6475,0.393700787401575);
#2009=VECTOR('',#6476,0.393700787401575);
#2010=VECTOR('',#6477,0.393700787401575);
#2011=VECTOR('',#6478,0.393700787401575);
#2012=VECTOR('',#6481,0.393700787401575);
#2013=VECTOR('',#6482,0.393700787401575);
#2014=VECTOR('',#6483,0.393700787401575);
#2015=VECTOR('',#6486,0.393700787401575);
#2016=VECTOR('',#6487,0.393700787401575);
#2017=VECTOR('',#6488,0.393700787401575);
#2018=VECTOR('',#6491,0.393700787401575);
#2019=VECTOR('',#6492,0.393700787401575);
#2020=VECTOR('',#6499,0.590551181102362);
#2021=VECTOR('',#6500,0.590551181102362);
#2022=VECTOR('',#6501,0.590551181102362);
#2023=VECTOR('',#6502,0.590551181102362);
#2024=VECTOR('',#6505,0.590551181102362);
#2025=VECTOR('',#6506,0.590551181102362);
#2026=VECTOR('',#6507,0.590551181102362);
#2027=VECTOR('',#6508,0.590551181102362);
#2028=VECTOR('',#6509,0.590551181102362);
#2029=VECTOR('',#6510,0.590551181102362);
#2030=VECTOR('',#6511,0.590551181102362);
#2031=VECTOR('',#6512,0.590551181102362);
#2032=VECTOR('',#6513,0.590551181102362);
#2033=VECTOR('',#6514,0.590551181102362);
#2034=VECTOR('',#6515,0.590551181102362);
#2035=VECTOR('',#6516,0.590551181102362);
#2036=VECTOR('',#6519,0.590551181102362);
#2037=VECTOR('',#6520,0.393700787401575);
#2038=VECTOR('',#6521,0.393700787401575);
#2039=VECTOR('',#6524,0.590551181102362);
#2040=VECTOR('',#6525,0.393700787401575);
#2041=VECTOR('',#6528,0.590551181102362);
#2042=VECTOR('',#6529,0.590551181102362);
#2043=VECTOR('',#6532,0.590551181102362);
#2044=VECTOR('',#6533,0.393700787401575);
#2045=VECTOR('',#6534,0.393700787401575);
#2046=VECTOR('',#6537,0.590551181102362);
#2047=VECTOR('',#6538,0.393700787401575);
#2048=VECTOR('',#6541,0.590551181102362);
#2049=VECTOR('',#6542,0.393700787401575);
#2050=VECTOR('',#6543,0.393700787401575);
#2051=VECTOR('',#6546,0.590551181102362);
#2052=VECTOR('',#6549,0.590551181102362);
#2053=VECTOR('',#6550,0.393700787401575);
#2054=VECTOR('',#6551,0.393700787401575);
#2055=VECTOR('',#6554,0.590551181102362);
#2056=VECTOR('',#6555,0.393700787401575);
#2057=VECTOR('',#6556,0.393700787401575);
#2058=VECTOR('',#6559,0.590551181102362);
#2059=VECTOR('',#6562,0.590551181102362);
#2060=VECTOR('',#6565,0.590551181102362);
#2061=VECTOR('',#6566,0.393700787401575);
#2062=VECTOR('',#6567,0.393700787401575);
#2063=VECTOR('',#6570,0.590551181102362);
#2064=VECTOR('',#6571,0.393700787401575);
#2065=VECTOR('',#6574,0.590551181102362);
#2066=VECTOR('',#6575,0.393700787401575);
#2067=VECTOR('',#6578,0.590551181102362);
#2068=VECTOR('',#6585,23.851554131049);
#2069=VECTOR('',#6594,0.393700787401575);
#2070=VECTOR('',#6595,0.393700787401575);
#2071=VECTOR('',#6596,0.393700787401575);
#2072=VECTOR('',#6597,0.393700787401575);
#2073=VECTOR('',#6600,0.393700787401575);
#2074=VECTOR('',#6601,0.393700787401575);
#2075=VECTOR('',#6602,0.393700787401575);
#2076=VECTOR('',#6605,0.393700787401575);
#2077=VECTOR('',#6606,0.393700787401575);
#2078=VECTOR('',#6607,0.393700787401575);
#2079=VECTOR('',#6610,0.393700787401575);
#2080=VECTOR('',#6611,0.393700787401575);
#2081=VECTOR('',#6618,0.393700787401575);
#2082=VECTOR('',#6619,0.393700787401575);
#2083=VECTOR('',#6620,0.393700787401575);
#2084=VECTOR('',#6621,0.393700787401575);
#2085=VECTOR('',#6624,0.393700787401575);
#2086=VECTOR('',#6625,0.393700787401575);
#2087=VECTOR('',#6626,0.393700787401575);
#2088=VECTOR('',#6629,0.393700787401575);
#2089=VECTOR('',#6630,0.393700787401575);
#2090=VECTOR('',#6631,0.393700787401575);
#2091=VECTOR('',#6634,0.393700787401575);
#2092=VECTOR('',#6635,0.393700787401575);
#2093=VECTOR('',#6642,0.393700787401575);
#2094=VECTOR('',#6643,0.393700787401575);
#2095=VECTOR('',#6644,0.393700787401575);
#2096=VECTOR('',#6645,0.393700787401575);
#2097=VECTOR('',#6648,0.393700787401575);
#2098=VECTOR('',#6649,0.393700787401575);
#2099=VECTOR('',#6650,0.393700787401575);
#2100=VECTOR('',#6653,0.393700787401575);
#2101=VECTOR('',#6654,0.393700787401575);
#2102=VECTOR('',#6655,0.393700787401575);
#2103=VECTOR('',#6658,0.393700787401575);
#2104=VECTOR('',#6659,0.393700787401575);
#2105=VECTOR('',#6668,23.851554131049);
#2106=VECTOR('',#6677,0.393700787401575);
#2107=VECTOR('',#6678,0.393700787401575);
#2108=VECTOR('',#6679,0.393700787401575);
#2109=VECTOR('',#6680,0.393700787401575);
#2110=VECTOR('',#6813,0.901387847633156);
#2111=VECTOR('',#6818,0.901387847633156);
#2112=VECTOR('',#6823,0.901387847633156);
#2113=VECTOR('',#6828,0.901387847633156);
#2114=VECTOR('',#6833,0.901387847633156);
#2115=VECTOR('',#6838,0.901387847633156);
#2116=VECTOR('',#6843,0.901387847633156);
#2117=VECTOR('',#6848,0.901387847633156);
#2118=VECTOR('',#6853,0.901387847633156);
#2119=VECTOR('',#6858,0.901387847633156);
#2120=VECTOR('',#6863,0.901387847633156);
#2121=VECTOR('',#6868,0.901387847633156);
#2122=VECTOR('',#6873,0.901387847633156);
#2123=VECTOR('',#6878,0.901387847633156);
#2124=VECTOR('',#6883,0.901387847633156);
#2125=VECTOR('',#6888,0.901387847633156);
#2126=VECTOR('',#6893,0.901387847633156);
#2127=VECTOR('',#6898,0.901387847633156);
#2128=VECTOR('',#6903,0.901387847633156);
#2129=VECTOR('',#6908,0.901387847633156);
#2130=VECTOR('',#6913,0.901387847633156);
#2131=VECTOR('',#6918,0.901387847633156);
#2132=VECTOR('',#6923,0.901387847633156);
#2133=VECTOR('',#6928,0.901387847633156);
#2134=VECTOR('',#6933,0.901387847633156);
#2135=VECTOR('',#6938,0.901387847633156);
#2136=VECTOR('',#6943,0.901387847633156);
#2137=VECTOR('',#6948,0.901387847633156);
#2138=VECTOR('',#6953,0.901387847633156);
#2139=VECTOR('',#6958,0.901387847633156);
#2140=VECTOR('',#6963,0.901387847633156);
#2141=VECTOR('',#6968,0.901387847633156);
#2142=VECTOR('',#6973,0.901387847633156);
#2143=VECTOR('',#6978,0.901387847633156);
#2144=VECTOR('',#6983,0.901387847633156);
#2145=VECTOR('',#6988,0.901387847633156);
#2146=VECTOR('',#6993,0.901387847633156);
#2147=VECTOR('',#6998,0.901387847633156);
#2148=VECTOR('',#7003,0.901387847633156);
#2149=VECTOR('',#7008,0.901387847633156);
#2150=VECTOR('',#7013,0.901387847633156);
#2151=VECTOR('',#7018,0.901387847633156);
#2152=VECTOR('',#7023,0.901387847633156);
#2153=VECTOR('',#7028,0.901387847633156);
#2154=VECTOR('',#7033,0.901387847633156);
#2155=VECTOR('',#7038,0.901387847633156);
#2156=VECTOR('',#7043,0.901387847633156);
#2157=VECTOR('',#7048,0.901387847633156);
#2158=VECTOR('',#7053,0.901387847633156);
#2159=VECTOR('',#7058,0.901387847633156);
#2160=VECTOR('',#7063,0.901387847633156);
#2161=VECTOR('',#7068,0.901387847633156);
#2162=VECTOR('',#7073,0.901387847633156);
#2163=VECTOR('',#7078,0.901387847633156);
#2164=VECTOR('',#7083,0.901387847633156);
#2165=VECTOR('',#7088,0.901387847633156);
#2166=VECTOR('',#7093,0.901387847633156);
#2167=VECTOR('',#7098,0.901387847633156);
#2168=VECTOR('',#7103,0.901387847633156);
#2169=VECTOR('',#7108,0.901387847633156);
#2170=VECTOR('',#7113,0.901387847633156);
#2171=VECTOR('',#7118,0.901387847633156);
#2172=VECTOR('',#7123,0.901387847633156);
#2173=VECTOR('',#7128,0.901387847633156);
#2174=VECTOR('',#7131,0.393700787401575);
#2175=VECTOR('',#7132,0.393700787401575);
#2176=VECTOR('',#7133,0.393700787401575);
#2177=VECTOR('',#7134,0.393700787401575);
#2178=VECTOR('',#7137,0.393700787401575);
#2179=VECTOR('',#7138,0.393700787401575);
#2180=VECTOR('',#7139,0.393700787401575);
#2181=VECTOR('',#7142,0.393700787401575);
#2182=VECTOR('',#7143,0.393700787401575);
#2183=VECTOR('',#7146,0.393700787401575);
#2184=VECTOR('',#7147,0.393700787401575);
#2185=VECTOR('',#7150,0.393700787401575);
#2186=VECTOR('',#7153,0.393700787401575);
#2187=VECTOR('',#7154,0.393700787401575);
#2188=VECTOR('',#7155,0.393700787401575);
#2189=VECTOR('',#7158,0.393700787401575);
#2190=VECTOR('',#7159,0.393700787401575);
#2191=VECTOR('',#7162,0.393700787401575);
#2192=VECTOR('',#7163,0.393700787401575);
#2193=VECTOR('',#7166,0.393700787401575);
#2194=VECTOR('',#7171,0.393700787401575);
#2195=VECTOR('',#7172,0.393700787401575);
#2196=VECTOR('',#7173,0.393700787401575);
#2197=VECTOR('',#7174,0.393700787401575);
#2198=VECTOR('',#7177,0.393700787401575);
#2199=VECTOR('',#7178,0.393700787401575);
#2200=VECTOR('',#7179,0.393700787401575);
#2201=VECTOR('',#7182,0.393700787401575);
#2202=VECTOR('',#7183,0.393700787401575);
#2203=VECTOR('',#7186,0.393700787401575);
#2204=VECTOR('',#7187,0.393700787401575);
#2205=VECTOR('',#7190,0.393700787401575);
#2206=VERTEX_POINT('',#7198);
#2207=VERTEX_POINT('',#7199);
#2208=VERTEX_POINT('',#7201);
#2209=VERTEX_POINT('',#7203);
#2210=VERTEX_POINT('',#7207);
#2211=VERTEX_POINT('',#7209);
#2212=VERTEX_POINT('',#7213);
#2213=VERTEX_POINT('',#7217);
#2214=VERTEX_POINT('',#7224);
#2215=VERTEX_POINT('',#7225);
#2216=VERTEX_POINT('',#7227);
#2217=VERTEX_POINT('',#7229);
#2218=VERTEX_POINT('',#7231);
#2219=VERTEX_POINT('',#7233);
#2220=VERTEX_POINT('',#7237);
#2221=VERTEX_POINT('',#7239);
#2222=VERTEX_POINT('',#7241);
#2223=VERTEX_POINT('',#7245);
#2224=VERTEX_POINT('',#7249);
#2225=VERTEX_POINT('',#7253);
#2226=VERTEX_POINT('',#7257);
#2227=VERTEX_POINT('',#7265);
#2228=VERTEX_POINT('',#7269);
#2229=VERTEX_POINT('',#7278);
#2230=VERTEX_POINT('',#7279);
#2231=VERTEX_POINT('',#7296);
#2232=VERTEX_POINT('',#7298);
#2233=VERTEX_POINT('',#7305);
#2234=VERTEX_POINT('',#7314);
#2235=VERTEX_POINT('',#7323);
#2236=VERTEX_POINT('',#7327);
#2237=VERTEX_POINT('',#7329);
#2238=VERTEX_POINT('',#7333);
#2239=VERTEX_POINT('',#7338);
#2240=VERTEX_POINT('',#7361);
#2241=VERTEX_POINT('',#7363);
#2242=VERTEX_POINT('',#7391);
#2243=VERTEX_POINT('',#7395);
#2244=VERTEX_POINT('',#7397);
#2245=VERTEX_POINT('',#7399);
#2246=VERTEX_POINT('',#7401);
#2247=VERTEX_POINT('',#7405);
#2248=VERTEX_POINT('',#7409);
#2249=VERTEX_POINT('',#7411);
#2250=VERTEX_POINT('',#7422);
#2251=VERTEX_POINT('',#7423);
#2252=VERTEX_POINT('',#7425);
#2253=VERTEX_POINT('',#7427);
#2254=VERTEX_POINT('',#7431);
#2255=VERTEX_POINT('',#7433);
#2256=VERTEX_POINT('',#7437);
#2257=VERTEX_POINT('',#7439);
#2258=VERTEX_POINT('',#7448);
#2259=VERTEX_POINT('',#7449);
#2260=VERTEX_POINT('',#7451);
#2261=VERTEX_POINT('',#7453);
#2262=VERTEX_POINT('',#7457);
#2263=VERTEX_POINT('',#7459);
#2264=VERTEX_POINT('',#7463);
#2265=VERTEX_POINT('',#7467);
#2266=VERTEX_POINT('',#7474);
#2267=VERTEX_POINT('',#7475);
#2268=VERTEX_POINT('',#7477);
#2269=VERTEX_POINT('',#7479);
#2270=VERTEX_POINT('',#7483);
#2271=VERTEX_POINT('',#7485);
#2272=VERTEX_POINT('',#7489);
#2273=VERTEX_POINT('',#7493);
#2274=VERTEX_POINT('',#7500);
#2275=VERTEX_POINT('',#7501);
#2276=VERTEX_POINT('',#7503);
#2277=VERTEX_POINT('',#7505);
#2278=VERTEX_POINT('',#7540);
#2279=VERTEX_POINT('',#7541);
#2280=VERTEX_POINT('',#7546);
#2281=VERTEX_POINT('',#7555);
#2282=VERTEX_POINT('',#7557);
#2283=VERTEX_POINT('',#7595);
#2284=VERTEX_POINT('',#7597);
#2285=VERTEX_POINT('',#7601);
#2286=VERTEX_POINT('',#7603);
#2287=VERTEX_POINT('',#7605);
#2288=VERTEX_POINT('',#7609);
#2289=VERTEX_POINT('',#7611);
#2290=VERTEX_POINT('',#7615);
#2291=VERTEX_POINT('',#7617);
#2292=VERTEX_POINT('',#7621);
#2293=VERTEX_POINT('',#7623);
#2294=VERTEX_POINT('',#7627);
#2295=VERTEX_POINT('',#7638);
#2296=VERTEX_POINT('',#7639);
#2297=VERTEX_POINT('',#7641);
#2298=VERTEX_POINT('',#7643);
#2299=VERTEX_POINT('',#7647);
#2300=VERTEX_POINT('',#7649);
#2301=VERTEX_POINT('',#7653);
#2302=VERTEX_POINT('',#7655);
#2303=VERTEX_POINT('',#7664);
#2304=VERTEX_POINT('',#7665);
#2305=VERTEX_POINT('',#7667);
#2306=VERTEX_POINT('',#7669);
#2307=VERTEX_POINT('',#7671);
#2308=VERTEX_POINT('',#7675);
#2309=VERTEX_POINT('',#7677);
#2310=VERTEX_POINT('',#7679);
#2311=VERTEX_POINT('',#7685);
#2312=VERTEX_POINT('',#7689);
#2313=VERTEX_POINT('',#7696);
#2314=VERTEX_POINT('',#7697);
#2315=VERTEX_POINT('',#7699);
#2316=VERTEX_POINT('',#7701);
#2317=VERTEX_POINT('',#7703);
#2318=VERTEX_POINT('',#7705);
#2319=VERTEX_POINT('',#7709);
#2320=VERTEX_POINT('',#7711);
#2321=VERTEX_POINT('',#7715);
#2322=VERTEX_POINT('',#7719);
#2323=VERTEX_POINT('',#7723);
#2324=VERTEX_POINT('',#7727);
#2325=VERTEX_POINT('',#7733);
#2326=VERTEX_POINT('',#7734);
#2327=VERTEX_POINT('',#7736);
#2328=VERTEX_POINT('',#7738);
#2329=VERTEX_POINT('',#7742);
#2330=VERTEX_POINT('',#7744);
#2331=VERTEX_POINT('',#7748);
#2332=VERTEX_POINT('',#7750);
#2333=VERTEX_POINT('',#7754);
#2334=VERTEX_POINT('',#7756);
#2335=VERTEX_POINT('',#7760);
#2336=VERTEX_POINT('',#7762);
#2337=VERTEX_POINT('',#7771);
#2338=VERTEX_POINT('',#7773);
#2339=VERTEX_POINT('',#7779);
#2340=VERTEX_POINT('',#7780);
#2341=VERTEX_POINT('',#7782);
#2342=VERTEX_POINT('',#7784);
#2343=VERTEX_POINT('',#7788);
#2344=VERTEX_POINT('',#7790);
#2345=VERTEX_POINT('',#7794);
#2346=VERTEX_POINT('',#7798);
#2347=VERTEX_POINT('',#7804);
#2348=VERTEX_POINT('',#7805);
#2349=VERTEX_POINT('',#7807);
#2350=VERTEX_POINT('',#7809);
#2351=VERTEX_POINT('',#7813);
#2352=VERTEX_POINT('',#7815);
#2353=VERTEX_POINT('',#7819);
#2354=VERTEX_POINT('',#7821);
#2355=VERTEX_POINT('',#7825);
#2356=VERTEX_POINT('',#7831);
#2357=VERTEX_POINT('',#7832);
#2358=VERTEX_POINT('',#7834);
#2359=VERTEX_POINT('',#7836);
#2360=VERTEX_POINT('',#7840);
#2361=VERTEX_POINT('',#7842);
#2362=VERTEX_POINT('',#7846);
#2363=VERTEX_POINT('',#7848);
#2364=VERTEX_POINT('',#7850);
#2365=VERTEX_POINT('',#7852);
#2366=VERTEX_POINT('',#7854);
#2367=VERTEX_POINT('',#7857);
#2368=VERTEX_POINT('',#7858);
#2369=VERTEX_POINT('',#7860);
#2370=VERTEX_POINT('',#7862);
#2371=VERTEX_POINT('',#7864);
#2372=VERTEX_POINT('',#7866);
#2373=VERTEX_POINT('',#7868);
#2374=VERTEX_POINT('',#7870);
#2375=VERTEX_POINT('',#7872);
#2376=VERTEX_POINT('',#7874);
#2377=VERTEX_POINT('',#7876);
#2378=VERTEX_POINT('',#7878);
#2379=VERTEX_POINT('',#7880);
#2380=VERTEX_POINT('',#7882);
#2381=VERTEX_POINT('',#7884);
#2382=VERTEX_POINT('',#7886);
#2383=VERTEX_POINT('',#7888);
#2384=VERTEX_POINT('',#7890);
#2385=VERTEX_POINT('',#7892);
#2386=VERTEX_POINT('',#7894);
#2387=VERTEX_POINT('',#7896);
#2388=VERTEX_POINT('',#7898);
#2389=VERTEX_POINT('',#7900);
#2390=VERTEX_POINT('',#7902);
#2391=VERTEX_POINT('',#7906);
#2392=VERTEX_POINT('',#7910);
#2393=VERTEX_POINT('',#7914);
#2394=VERTEX_POINT('',#7918);
#2395=VERTEX_POINT('',#7922);
#2396=VERTEX_POINT('',#7926);
#2397=VERTEX_POINT('',#7928);
#2398=VERTEX_POINT('',#7932);
#2399=VERTEX_POINT('',#7936);
#2400=VERTEX_POINT('',#7940);
#2401=VERTEX_POINT('',#7944);
#2402=VERTEX_POINT('',#7948);
#2403=VERTEX_POINT('',#7952);
#2404=VERTEX_POINT('',#7956);
#2405=VERTEX_POINT('',#7960);
#2406=VERTEX_POINT('',#7964);
#2407=VERTEX_POINT('',#7968);
#2408=VERTEX_POINT('',#7972);
#2409=VERTEX_POINT('',#7976);
#2410=VERTEX_POINT('',#7980);
#2411=VERTEX_POINT('',#7984);
#2412=VERTEX_POINT('',#7988);
#2413=VERTEX_POINT('',#7992);
#2414=VERTEX_POINT('',#7996);
#2415=VERTEX_POINT('',#8000);
#2416=VERTEX_POINT('',#8004);
#2417=VERTEX_POINT('',#8008);
#2418=VERTEX_POINT('',#8012);
#2419=VERTEX_POINT('',#8016);
#2420=VERTEX_POINT('',#8025);
#2421=VERTEX_POINT('',#8028);
#2422=VERTEX_POINT('',#8029);
#2423=VERTEX_POINT('',#8031);
#2424=VERTEX_POINT('',#8033);
#2425=VERTEX_POINT('',#8035);
#2426=VERTEX_POINT('',#8041);
#2427=VERTEX_POINT('',#8042);
#2428=VERTEX_POINT('',#8044);
#2429=VERTEX_POINT('',#8046);
#2430=VERTEX_POINT('',#8050);
#2431=VERTEX_POINT('',#8052);
#2432=VERTEX_POINT('',#8061);
#2433=VERTEX_POINT('',#8062);
#2434=VERTEX_POINT('',#8064);
#2435=VERTEX_POINT('',#8066);
#2436=VERTEX_POINT('',#8070);
#2437=VERTEX_POINT('',#8071);
#2438=VERTEX_POINT('',#8073);
#2439=VERTEX_POINT('',#8075);
#2440=VERTEX_POINT('',#8079);
#2441=VERTEX_POINT('',#8084);
#2442=VERTEX_POINT('',#8093);
#2443=VERTEX_POINT('',#8094);
#2444=VERTEX_POINT('',#8096);
#2445=VERTEX_POINT('',#8098);
#2446=VERTEX_POINT('',#8102);
#2447=VERTEX_POINT('',#8104);
#2448=VERTEX_POINT('',#8108);
#2449=VERTEX_POINT('',#8112);
#2450=VERTEX_POINT('',#8118);
#2451=VERTEX_POINT('',#8119);
#2452=VERTEX_POINT('',#8121);
#2453=VERTEX_POINT('',#8123);
#2454=VERTEX_POINT('',#8127);
#2455=VERTEX_POINT('',#8129);
#2456=VERTEX_POINT('',#8133);
#2457=VERTEX_POINT('',#8135);
#2458=VERTEX_POINT('',#8144);
#2459=VERTEX_POINT('',#8145);
#2460=VERTEX_POINT('',#8147);
#2461=VERTEX_POINT('',#8149);
#2462=VERTEX_POINT('',#8153);
#2463=VERTEX_POINT('',#8154);
#2464=VERTEX_POINT('',#8156);
#2465=VERTEX_POINT('',#8158);
#2466=VERTEX_POINT('',#8160);
#2467=VERTEX_POINT('',#8162);
#2468=VERTEX_POINT('',#8164);
#2469=VERTEX_POINT('',#8166);
#2470=VERTEX_POINT('',#8168);
#2471=VERTEX_POINT('',#8170);
#2472=VERTEX_POINT('',#8172);
#2473=VERTEX_POINT('',#8174);
#2474=VERTEX_POINT('',#8178);
#2475=VERTEX_POINT('',#8179);
#2476=VERTEX_POINT('',#8184);
#2477=VERTEX_POINT('',#8188);
#2478=VERTEX_POINT('',#8192);
#2479=VERTEX_POINT('',#8193);
#2480=VERTEX_POINT('',#8198);
#2481=VERTEX_POINT('',#8202);
#2482=VERTEX_POINT('',#8209);
#2483=VERTEX_POINT('',#8210);
#2484=VERTEX_POINT('',#8215);
#2485=VERTEX_POINT('',#8216);
#2486=VERTEX_POINT('',#8225);
#2487=VERTEX_POINT('',#8226);
#2488=VERTEX_POINT('',#8231);
#2489=VERTEX_POINT('',#8235);
#2490=VERTEX_POINT('',#8242);
#2491=VERTEX_POINT('',#8244);
#2492=VERTEX_POINT('',#8250);
#2493=VERTEX_POINT('',#8251);
#2494=VERTEX_POINT('',#8253);
#2495=VERTEX_POINT('',#8255);
#2496=VERTEX_POINT('',#8259);
#2497=VERTEX_POINT('',#8261);
#2498=VERTEX_POINT('',#8265);
#2499=VERTEX_POINT('',#8267);
#2500=VERTEX_POINT('',#8276);
#2501=VERTEX_POINT('',#8277);
#2502=VERTEX_POINT('',#8279);
#2503=VERTEX_POINT('',#8281);
#2504=VERTEX_POINT('',#8285);
#2505=VERTEX_POINT('',#8287);
#2506=VERTEX_POINT('',#8291);
#2507=VERTEX_POINT('',#8293);
#2508=VERTEX_POINT('',#8302);
#2509=VERTEX_POINT('',#8303);
#2510=VERTEX_POINT('',#8305);
#2511=VERTEX_POINT('',#8307);
#2512=VERTEX_POINT('',#8311);
#2513=VERTEX_POINT('',#8313);
#2514=VERTEX_POINT('',#8317);
#2515=VERTEX_POINT('',#8319);
#2516=VERTEX_POINT('',#8328);
#2517=VERTEX_POINT('',#8330);
#2518=VERTEX_POINT('',#8336);
#2519=VERTEX_POINT('',#8337);
#2520=VERTEX_POINT('',#8339);
#2521=VERTEX_POINT('',#8341);
#2522=VERTEX_POINT('',#8344);
#2523=VERTEX_POINT('',#8346);
#2524=VERTEX_POINT('',#8348);
#2525=VERTEX_POINT('',#8350);
#2526=VERTEX_POINT('',#8352);
#2527=VERTEX_POINT('',#8354);
#2528=VERTEX_POINT('',#8356);
#2529=VERTEX_POINT('',#8358);
#2530=VERTEX_POINT('',#8360);
#2531=VERTEX_POINT('',#8362);
#2532=VERTEX_POINT('',#8364);
#2533=VERTEX_POINT('',#8366);
#2534=VERTEX_POINT('',#8368);
#2535=VERTEX_POINT('',#8370);
#2536=VERTEX_POINT('',#8372);
#2537=VERTEX_POINT('',#8374);
#2538=VERTEX_POINT('',#8376);
#2539=VERTEX_POINT('',#8378);
#2540=VERTEX_POINT('',#8380);
#2541=VERTEX_POINT('',#8382);
#2542=VERTEX_POINT('',#8384);
#2543=VERTEX_POINT('',#8386);
#2544=VERTEX_POINT('',#8388);
#2545=VERTEX_POINT('',#8390);
#2546=VERTEX_POINT('',#8392);
#2547=VERTEX_POINT('',#8394);
#2548=VERTEX_POINT('',#8396);
#2549=VERTEX_POINT('',#8398);
#2550=VERTEX_POINT('',#8400);
#2551=VERTEX_POINT('',#8402);
#2552=VERTEX_POINT('',#8404);
#2553=VERTEX_POINT('',#8406);
#2554=VERTEX_POINT('',#8408);
#2555=VERTEX_POINT('',#8410);
#2556=VERTEX_POINT('',#8412);
#2557=VERTEX_POINT('',#8414);
#2558=VERTEX_POINT('',#8416);
#2559=VERTEX_POINT('',#8418);
#2560=VERTEX_POINT('',#8420);
#2561=VERTEX_POINT('',#8422);
#2562=VERTEX_POINT('',#8424);
#2563=VERTEX_POINT('',#8426);
#2564=VERTEX_POINT('',#8428);
#2565=VERTEX_POINT('',#8430);
#2566=VERTEX_POINT('',#8432);
#2567=VERTEX_POINT('',#8434);
#2568=VERTEX_POINT('',#8436);
#2569=VERTEX_POINT('',#8438);
#2570=VERTEX_POINT('',#8440);
#2571=VERTEX_POINT('',#8442);
#2572=VERTEX_POINT('',#8444);
#2573=VERTEX_POINT('',#8446);
#2574=VERTEX_POINT('',#8448);
#2575=VERTEX_POINT('',#8450);
#2576=VERTEX_POINT('',#8452);
#2577=VERTEX_POINT('',#8454);
#2578=VERTEX_POINT('',#8456);
#2579=VERTEX_POINT('',#8458);
#2580=VERTEX_POINT('',#8460);
#2581=VERTEX_POINT('',#8462);
#2582=VERTEX_POINT('',#8464);
#2583=VERTEX_POINT('',#8466);
#2584=VERTEX_POINT('',#8468);
#2585=VERTEX_POINT('',#8470);
#2586=VERTEX_POINT('',#8473);
#2587=VERTEX_POINT('',#8477);
#2588=VERTEX_POINT('',#8481);
#2589=VERTEX_POINT('',#8485);
#2590=VERTEX_POINT('',#8489);
#2591=VERTEX_POINT('',#8493);
#2592=VERTEX_POINT('',#8497);
#2593=VERTEX_POINT('',#8501);
#2594=VERTEX_POINT('',#8505);
#2595=VERTEX_POINT('',#8509);
#2596=VERTEX_POINT('',#8513);
#2597=VERTEX_POINT('',#8517);
#2598=VERTEX_POINT('',#8521);
#2599=VERTEX_POINT('',#8525);
#2600=VERTEX_POINT('',#8529);
#2601=VERTEX_POINT('',#8533);
#2602=VERTEX_POINT('',#8537);
#2603=VERTEX_POINT('',#8541);
#2604=VERTEX_POINT('',#8545);
#2605=VERTEX_POINT('',#8549);
#2606=VERTEX_POINT('',#8553);
#2607=VERTEX_POINT('',#8557);
#2608=VERTEX_POINT('',#8561);
#2609=VERTEX_POINT('',#8565);
#2610=VERTEX_POINT('',#8569);
#2611=VERTEX_POINT('',#8573);
#2612=VERTEX_POINT('',#8577);
#2613=VERTEX_POINT('',#8581);
#2614=VERTEX_POINT('',#8585);
#2615=VERTEX_POINT('',#8589);
#2616=VERTEX_POINT('',#8593);
#2617=VERTEX_POINT('',#8597);
#2618=VERTEX_POINT('',#8601);
#2619=VERTEX_POINT('',#8605);
#2620=VERTEX_POINT('',#8609);
#2621=VERTEX_POINT('',#8613);
#2622=VERTEX_POINT('',#8617);
#2623=VERTEX_POINT('',#8621);
#2624=VERTEX_POINT('',#8625);
#2625=VERTEX_POINT('',#8629);
#2626=VERTEX_POINT('',#8633);
#2627=VERTEX_POINT('',#8637);
#2628=VERTEX_POINT('',#8641);
#2629=VERTEX_POINT('',#8645);
#2630=VERTEX_POINT('',#8649);
#2631=VERTEX_POINT('',#8653);
#2632=VERTEX_POINT('',#8657);
#2633=VERTEX_POINT('',#8661);
#2634=VERTEX_POINT('',#8665);
#2635=VERTEX_POINT('',#8669);
#2636=VERTEX_POINT('',#8673);
#2637=VERTEX_POINT('',#8677);
#2638=VERTEX_POINT('',#8681);
#2639=VERTEX_POINT('',#8685);
#2640=VERTEX_POINT('',#8689);
#2641=VERTEX_POINT('',#8693);
#2642=VERTEX_POINT('',#8697);
#2643=VERTEX_POINT('',#8701);
#2644=VERTEX_POINT('',#8705);
#2645=VERTEX_POINT('',#8709);
#2646=VERTEX_POINT('',#8713);
#2647=VERTEX_POINT('',#8717);
#2648=VERTEX_POINT('',#8721);
#2649=VERTEX_POINT('',#8725);
#2650=VERTEX_POINT('',#8729);
#2651=VERTEX_POINT('',#8730);
#2652=VERTEX_POINT('',#8732);
#2653=VERTEX_POINT('',#8734);
#2654=VERTEX_POINT('',#8738);
#2655=VERTEX_POINT('',#8739);
#2656=VERTEX_POINT('',#8744);
#2657=VERTEX_POINT('',#8748);
#2658=VERTEX_POINT('',#8754);
#2659=VERTEX_POINT('',#8755);
#2660=VERTEX_POINT('',#8760);
#2661=VERTEX_POINT('',#8764);
#2662=VERTEX_POINT('',#8771);
#2663=VERTEX_POINT('',#8772);
#2664=VERTEX_POINT('',#8774);
#2665=VERTEX_POINT('',#8776);
#2666=VERTEX_POINT('',#8780);
#2667=VERTEX_POINT('',#8782);
#2668=VERTEX_POINT('',#8786);
#2669=VERTEX_POINT('',#8790);
#2670=EDGE_CURVE('',#2206,#2207,#1208,.T.);
#2671=EDGE_CURVE('',#2206,#2208,#1209,.T.);
#2672=EDGE_CURVE('',#2208,#2209,#1210,.T.);
#2673=EDGE_CURVE('',#2209,#2207,#1211,.T.);
#2674=EDGE_CURVE('',#2209,#2210,#1212,.T.);
#2675=EDGE_CURVE('',#2210,#2211,#1213,.T.);
#2676=EDGE_CURVE('',#2207,#2211,#1214,.T.);
#2677=EDGE_CURVE('',#2208,#2212,#1215,.T.);
#2678=EDGE_CURVE('',#2212,#2210,#1216,.T.);
#2679=EDGE_CURVE('',#2213,#2206,#1217,.T.);
#2680=EDGE_CURVE('',#2213,#2212,#1218,.T.);
#2681=EDGE_CURVE('',#2211,#2213,#1219,.T.);
#2682=EDGE_CURVE('',#2214,#2215,#191,.T.);
#2683=EDGE_CURVE('',#2216,#2215,#1220,.T.);
#2684=EDGE_CURVE('',#2216,#2217,#175,.T.);
#2685=EDGE_CURVE('',#2217,#2218,#192,.T.);
#2686=EDGE_CURVE('',#2218,#2219,#176,.T.);
#2687=EDGE_CURVE('',#2214,#2219,#1221,.T.);
#2688=EDGE_CURVE('',#2220,#2214,#1222,.T.);
#2689=EDGE_CURVE('',#2221,#2220,#1223,.T.);
#2690=EDGE_CURVE('',#2222,#2221,#1224,.T.);
#2691=EDGE_CURVE('',#2215,#2222,#1225,.T.);
#2692=EDGE_CURVE('',#2218,#2223,#1226,.T.);
#2693=EDGE_CURVE('',#2223,#2219,#1227,.T.);
#2694=EDGE_CURVE('',#2219,#2224,#1228,.T.);
#2695=EDGE_CURVE('',#2224,#2220,#1229,.T.);
#2696=EDGE_CURVE('',#2216,#2225,#1230,.T.);
#2697=EDGE_CURVE('',#2225,#2217,#1231,.T.);
#2698=EDGE_CURVE('',#2222,#2226,#1232,.T.);
#2699=EDGE_CURVE('',#2226,#2216,#1233,.T.);
#2700=EDGE_CURVE('',#2226,#2225,#193,.T.);
#2701=EDGE_CURVE('',#2223,#2224,#194,.T.);
#2702=EDGE_CURVE('',#2227,#2224,#1234,.T.);
#2703=EDGE_CURVE('',#2221,#2227,#1235,.T.);
#2704=EDGE_CURVE('',#2223,#2228,#1236,.T.);
#2705=EDGE_CURVE('',#2228,#2227,#177,.T.);
#2706=EDGE_CURVE('',#2228,#2225,#1237,.T.);
#2707=EDGE_CURVE('',#2226,#2227,#1238,.T.);
#2708=EDGE_CURVE('',#2229,#2230,#160,.T.);
#2709=EDGE_CURVE('',#2230,#2231,#1239,.T.);
#2710=EDGE_CURVE('',#2231,#2232,#161,.T.);
#2711=EDGE_CURVE('',#2232,#2233,#162,.T.);
#2712=EDGE_CURVE('',#2233,#2234,#163,.T.);
#2713=EDGE_CURVE('',#2234,#2235,#1240,.T.);
#2714=EDGE_CURVE('',#2235,#2229,#178,.T.);
#2715=EDGE_CURVE('',#2236,#2235,#1241,.T.);
#2716=EDGE_CURVE('',#2237,#2236,#1242,.T.);
#2717=EDGE_CURVE('',#2229,#2237,#1243,.T.);
#2718=EDGE_CURVE('',#2238,#2234,#164,.T.);
#2719=EDGE_CURVE('',#2239,#2238,#1244,.T.);
#2720=EDGE_CURVE('',#2236,#2239,#1245,.T.);
#2721=EDGE_CURVE('',#2240,#2233,#1246,.T.);
#2722=EDGE_CURVE('',#2240,#2241,#165,.T.);
#2723=EDGE_CURVE('',#2238,#2241,#1247,.T.);
#2724=EDGE_CURVE('',#2232,#2240,#166,.T.);
#2725=EDGE_CURVE('',#2242,#2239,#1248,.T.);
#2726=EDGE_CURVE('',#2241,#2242,#1249,.T.);
#2727=EDGE_CURVE('',#2231,#2243,#179,.T.);
#2728=EDGE_CURVE('',#2243,#2244,#1250,.T.);
#2729=EDGE_CURVE('',#2244,#2245,#180,.T.);
#2730=EDGE_CURVE('',#2245,#2246,#181,.T.);
#2731=EDGE_CURVE('',#2246,#2241,#1251,.T.);
#2732=EDGE_CURVE('',#2247,#2230,#182,.T.);
#2733=EDGE_CURVE('',#2243,#2247,#1252,.T.);
#2734=EDGE_CURVE('',#2237,#2248,#183,.T.);
#2735=EDGE_CURVE('',#2248,#2249,#184,.T.);
#2736=EDGE_CURVE('',#2249,#2247,#1253,.T.);
#2737=EDGE_CURVE('',#2242,#2246,#1254,.T.);
#2738=EDGE_CURVE('',#2249,#2244,#1255,.T.);
#2739=EDGE_CURVE('',#2245,#2248,#1256,.T.);
#2740=EDGE_CURVE('',#2250,#2251,#1257,.T.);
#2741=EDGE_CURVE('',#2251,#2252,#1258,.T.);
#2742=EDGE_CURVE('',#2253,#2252,#1259,.T.);
#2743=EDGE_CURVE('',#2250,#2253,#1260,.T.);
#2744=EDGE_CURVE('',#2254,#2250,#1261,.T.);
#2745=EDGE_CURVE('',#2255,#2253,#1262,.T.);
#2746=EDGE_CURVE('',#2254,#2255,#1263,.T.);
#2747=EDGE_CURVE('',#2256,#2254,#1264,.T.);
#2748=EDGE_CURVE('',#2257,#2255,#1265,.T.);
#2749=EDGE_CURVE('',#2256,#2257,#1266,.T.);
#2750=EDGE_CURVE('',#2251,#2256,#1267,.T.);
#2751=EDGE_CURVE('',#2252,#2257,#1268,.T.);
#2752=EDGE_CURVE('',#2258,#2259,#195,.T.);
#2753=EDGE_CURVE('',#2259,#2260,#1269,.T.);
#2754=EDGE_CURVE('',#2260,#2261,#196,.T.);
#2755=EDGE_CURVE('',#2258,#2261,#1270,.T.);
#2756=EDGE_CURVE('',#2259,#2262,#1271,.T.);
#2757=EDGE_CURVE('',#2262,#2263,#1272,.T.);
#2758=EDGE_CURVE('',#2263,#2260,#1273,.T.);
#2759=EDGE_CURVE('',#2264,#2258,#1274,.T.);
#2760=EDGE_CURVE('',#2264,#2262,#1275,.T.);
#2761=EDGE_CURVE('',#2265,#2263,#1276,.T.);
#2762=EDGE_CURVE('',#2261,#2265,#1277,.T.);
#2763=EDGE_CURVE('',#2265,#2264,#1278,.T.);
#2764=EDGE_CURVE('',#2266,#2267,#1279,.T.);
#2765=EDGE_CURVE('',#2267,#2268,#1280,.T.);
#2766=EDGE_CURVE('',#2268,#2269,#1281,.T.);
#2767=EDGE_CURVE('',#2269,#2266,#1282,.T.);
#2768=EDGE_CURVE('',#2267,#2270,#1283,.T.);
#2769=EDGE_CURVE('',#2270,#2271,#1284,.T.);
#2770=EDGE_CURVE('',#2271,#2268,#1285,.T.);
#2771=EDGE_CURVE('',#2266,#2272,#1286,.T.);
#2772=EDGE_CURVE('',#2272,#2270,#1287,.T.);
#2773=EDGE_CURVE('',#2273,#2271,#1288,.T.);
#2774=EDGE_CURVE('',#2273,#2269,#1289,.T.);
#2775=EDGE_CURVE('',#2272,#2273,#1290,.T.);
#2776=EDGE_CURVE('',#2274,#2275,#1291,.T.);
#2777=EDGE_CURVE('',#2275,#2276,#1292,.T.);
#2778=EDGE_CURVE('',#2276,#2277,#1293,.T.);
#2779=EDGE_CURVE('',#2277,#2274,#1294,.T.);
#2780=EDGE_CURVE('',#2278,#2279,#167,.T.);
#2781=EDGE_CURVE('',#2279,#2280,#168,.T.);
#2782=EDGE_CURVE('',#2280,#2281,#1295,.T.);
#2783=EDGE_CURVE('',#2281,#2282,#169,.T.);
#2784=EDGE_CURVE('',#2282,#2278,#170,.T.);
#2785=EDGE_CURVE('',#2280,#2277,#171,.T.);
#2786=EDGE_CURVE('',#2276,#2281,#172,.T.);
#2787=EDGE_CURVE('',#2283,#2277,#1296,.T.);
#2788=EDGE_CURVE('',#2283,#2284,#1297,.T.);
#2789=EDGE_CURVE('',#2284,#2274,#1298,.T.);
#2790=EDGE_CURVE('',#2279,#2285,#185,.T.);
#2791=EDGE_CURVE('',#2285,#2286,#1299,.T.);
#2792=EDGE_CURVE('',#2286,#2287,#186,.T.);
#2793=EDGE_CURVE('',#2287,#2283,#187,.T.);
#2794=EDGE_CURVE('',#2288,#2278,#1300,.T.);
#2795=EDGE_CURVE('',#2288,#2289,#1301,.T.);
#2796=EDGE_CURVE('',#2285,#2289,#1302,.T.);
#2797=EDGE_CURVE('',#2282,#2290,#188,.T.);
#2798=EDGE_CURVE('',#2290,#2291,#1303,.T.);
#2799=EDGE_CURVE('',#2291,#2288,#197,.T.);
#2800=EDGE_CURVE('',#2292,#2287,#1304,.T.);
#2801=EDGE_CURVE('',#2292,#2293,#1305,.T.);
#2802=EDGE_CURVE('',#2293,#2284,#1306,.T.);
#2803=EDGE_CURVE('',#2294,#2286,#1307,.T.);
#2804=EDGE_CURVE('',#2294,#2292,#1308,.T.);
#2805=EDGE_CURVE('',#2289,#2294,#1309,.T.);
#2806=EDGE_CURVE('',#2293,#2291,#1310,.T.);
#2807=EDGE_CURVE('',#2275,#2290,#1311,.T.);
#2808=EDGE_CURVE('',#2295,#2296,#189,.T.);
#2809=EDGE_CURVE('',#2296,#2297,#1312,.T.);
#2810=EDGE_CURVE('',#2297,#2298,#1313,.T.);
#2811=EDGE_CURVE('',#2298,#2295,#1314,.T.);
#2812=EDGE_CURVE('',#2299,#2296,#1315,.T.);
#2813=EDGE_CURVE('',#2300,#2299,#1316,.T.);
#2814=EDGE_CURVE('',#2297,#2300,#1317,.T.);
#2815=EDGE_CURVE('',#2295,#2301,#198,.T.);
#2816=EDGE_CURVE('',#2302,#2301,#1318,.T.);
#2817=EDGE_CURVE('',#2302,#2299,#199,.T.);
#2818=EDGE_CURVE('',#2300,#2302,#1319,.T.);
#2819=EDGE_CURVE('',#2301,#2298,#1320,.T.);
#2820=EDGE_CURVE('',#2303,#2304,#190,.T.);
#2821=EDGE_CURVE('',#2304,#2305,#1321,.T.);
#2822=EDGE_CURVE('',#2305,#2306,#1322,.T.);
#2823=EDGE_CURVE('',#2306,#2307,#1323,.T.);
#2824=EDGE_CURVE('',#2307,#2303,#1324,.T.);
#2825=EDGE_CURVE('',#2308,#2303,#1325,.T.);
#2826=EDGE_CURVE('',#2308,#2309,#200,.T.);
#2827=EDGE_CURVE('',#2309,#2310,#1326,.T.);
#2828=EDGE_CURVE('',#2310,#2304,#201,.T.);
#2829=EDGE_CURVE('',#2307,#2308,#1327,.T.);
#2830=EDGE_CURVE('',#2311,#2306,#1328,.T.);
#2831=EDGE_CURVE('',#2309,#2311,#1329,.T.);
#2832=EDGE_CURVE('',#2312,#2305,#1330,.T.);
#2833=EDGE_CURVE('',#2311,#2312,#1331,.T.);
#2834=EDGE_CURVE('',#2310,#2312,#1332,.T.);
#2835=EDGE_CURVE('',#2313,#2314,#1333,.T.);
#2836=EDGE_CURVE('',#2315,#2313,#1334,.T.);
#2837=EDGE_CURVE('',#2316,#2315,#1335,.T.);
#2838=EDGE_CURVE('',#2317,#2316,#1336,.T.);
#2839=EDGE_CURVE('',#2318,#2317,#1337,.T.);
#2840=EDGE_CURVE('',#2314,#2318,#1338,.T.);
#2841=EDGE_CURVE('',#2316,#2319,#1339,.T.);
#2842=EDGE_CURVE('',#2320,#2319,#1340,.T.);
#2843=EDGE_CURVE('',#2317,#2320,#1341,.T.);
#2844=EDGE_CURVE('',#2315,#2321,#1342,.T.);
#2845=EDGE_CURVE('',#2319,#2321,#1343,.T.);
#2846=EDGE_CURVE('',#2313,#2322,#1344,.T.);
#2847=EDGE_CURVE('',#2321,#2322,#1345,.T.);
#2848=EDGE_CURVE('',#2323,#2320,#1346,.T.);
#2849=EDGE_CURVE('',#2318,#2323,#1347,.T.);
#2850=EDGE_CURVE('',#2324,#2323,#1348,.T.);
#2851=EDGE_CURVE('',#2314,#2324,#1349,.T.);
#2852=EDGE_CURVE('',#2322,#2324,#1350,.T.);
#2853=EDGE_CURVE('',#2325,#2326,#1351,.T.);
#2854=EDGE_CURVE('',#2325,#2327,#1352,.T.);
#2855=EDGE_CURVE('',#2328,#2327,#1353,.T.);
#2856=EDGE_CURVE('',#2326,#2328,#1354,.T.);
#2857=EDGE_CURVE('',#2326,#2329,#1355,.T.);
#2858=EDGE_CURVE('',#2330,#2328,#1356,.T.);
#2859=EDGE_CURVE('',#2329,#2330,#1357,.T.);
#2860=EDGE_CURVE('',#2329,#2331,#1358,.T.);
#2861=EDGE_CURVE('',#2332,#2330,#1359,.T.);
#2862=EDGE_CURVE('',#2331,#2332,#1360,.T.);
#2863=EDGE_CURVE('',#2331,#2333,#1361,.T.);
#2864=EDGE_CURVE('',#2334,#2332,#1362,.T.);
#2865=EDGE_CURVE('',#2333,#2334,#1363,.T.);
#2866=EDGE_CURVE('',#2333,#2335,#1364,.T.);
#2867=EDGE_CURVE('',#2336,#2334,#1365,.T.);
#2868=EDGE_CURVE('',#2335,#2336,#1366,.T.);
#2869=EDGE_CURVE('',#2335,#2325,#1367,.T.);
#2870=EDGE_CURVE('',#2327,#2336,#1368,.T.);
#2871=EDGE_CURVE('',#2337,#2337,#202,.T.);
#2872=EDGE_CURVE('',#2337,#2338,#1369,.T.);
#2873=EDGE_CURVE('',#2338,#2338,#203,.T.);
#2874=EDGE_CURVE('',#2339,#2340,#1370,.T.);
#2875=EDGE_CURVE('',#2341,#2339,#1371,.T.);
#2876=EDGE_CURVE('',#2341,#2342,#204,.T.);
#2877=EDGE_CURVE('',#2340,#2342,#1372,.T.);
#2878=EDGE_CURVE('',#2343,#2339,#1373,.T.);
#2879=EDGE_CURVE('',#2344,#2343,#1374,.T.);
#2880=EDGE_CURVE('',#2341,#2344,#1375,.T.);
#2881=EDGE_CURVE('',#2345,#2344,#205,.T.);
#2882=EDGE_CURVE('',#2342,#2345,#1376,.T.);
#2883=EDGE_CURVE('',#2340,#2346,#1377,.T.);
#2884=EDGE_CURVE('',#2346,#2345,#1378,.T.);
#2885=EDGE_CURVE('',#2346,#2343,#1379,.T.);
#2886=EDGE_CURVE('',#2347,#2348,#1380,.T.);
#2887=EDGE_CURVE('',#2347,#2349,#1381,.T.);
#2888=EDGE_CURVE('',#2349,#2350,#206,.T.);
#2889=EDGE_CURVE('',#2350,#2348,#1382,.T.);
#2890=EDGE_CURVE('',#2351,#2347,#1383,.T.);
#2891=EDGE_CURVE('',#2352,#2351,#1384,.T.);
#2892=EDGE_CURVE('',#2352,#2349,#1385,.T.);
#2893=EDGE_CURVE('',#2348,#2353,#1386,.T.);
#2894=EDGE_CURVE('',#2354,#2350,#1387,.T.);
#2895=EDGE_CURVE('',#2353,#2354,#1388,.T.);
#2896=EDGE_CURVE('',#2354,#2355,#207,.T.);
#2897=EDGE_CURVE('',#2355,#2352,#208,.T.);
#2898=EDGE_CURVE('',#2353,#2351,#1389,.T.);
#2899=EDGE_CURVE('',#2356,#2357,#209,.T.);
#2900=EDGE_CURVE('',#2357,#2358,#1390,.T.);
#2901=EDGE_CURVE('',#2358,#2359,#210,.T.);
#2902=EDGE_CURVE('',#2359,#2356,#1391,.T.);
#2903=EDGE_CURVE('',#2360,#2359,#1392,.T.);
#2904=EDGE_CURVE('',#2361,#2360,#1393,.T.);
#2905=EDGE_CURVE('',#2356,#2361,#1394,.T.);
#2906=EDGE_CURVE('',#2358,#2362,#1395,.T.);
#2907=EDGE_CURVE('',#2363,#2362,#211,.T.);
#2908=EDGE_CURVE('',#2363,#2364,#1396,.T.);
#2909=EDGE_CURVE('',#2365,#2364,#212,.T.);
#2910=EDGE_CURVE('',#2365,#2366,#1397,.T.);
#2911=EDGE_CURVE('',#2360,#2366,#213,.T.);
#2912=EDGE_CURVE('',#2367,#2368,#1398,.T.);
#2913=EDGE_CURVE('',#2369,#2367,#1399,.T.);
#2914=EDGE_CURVE('',#2370,#2369,#1400,.T.);
#2915=EDGE_CURVE('',#2371,#2370,#1401,.T.);
#2916=EDGE_CURVE('',#2372,#2371,#1402,.T.);
#2917=EDGE_CURVE('',#2373,#2372,#1403,.T.);
#2918=EDGE_CURVE('',#2374,#2373,#1404,.T.);
#2919=EDGE_CURVE('',#2375,#2374,#1405,.T.);
#2920=EDGE_CURVE('',#2376,#2375,#1406,.T.);
#2921=EDGE_CURVE('',#2377,#2376,#1407,.T.);
#2922=EDGE_CURVE('',#2378,#2377,#1408,.T.);
#2923=EDGE_CURVE('',#2379,#2378,#1409,.T.);
#2924=EDGE_CURVE('',#2380,#2379,#1410,.T.);
#2925=EDGE_CURVE('',#2381,#2380,#1411,.T.);
#2926=EDGE_CURVE('',#2382,#2381,#1412,.T.);
#2927=EDGE_CURVE('',#2383,#2382,#1413,.T.);
#2928=EDGE_CURVE('',#2384,#2383,#1414,.T.);
#2929=EDGE_CURVE('',#2385,#2384,#1415,.T.);
#2930=EDGE_CURVE('',#2386,#2385,#1416,.T.);
#2931=EDGE_CURVE('',#2387,#2386,#1417,.T.);
#2932=EDGE_CURVE('',#2388,#2387,#1418,.T.);
#2933=EDGE_CURVE('',#2389,#2388,#1419,.T.);
#2934=EDGE_CURVE('',#2390,#2389,#1420,.T.);
#2935=EDGE_CURVE('',#2368,#2390,#1421,.T.);
#2936=EDGE_CURVE('',#2391,#2361,#214,.T.);
#2937=EDGE_CURVE('',#2366,#2391,#1422,.T.);
#2938=EDGE_CURVE('',#2392,#2365,#1423,.T.);
#2939=EDGE_CURVE('',#2391,#2392,#1424,.T.);
#2940=EDGE_CURVE('',#2393,#2392,#215,.T.);
#2941=EDGE_CURVE('',#2364,#2393,#1425,.T.);
#2942=EDGE_CURVE('',#2394,#2363,#1426,.T.);
#2943=EDGE_CURVE('',#2393,#2394,#1427,.T.);
#2944=EDGE_CURVE('',#2395,#2394,#216,.T.);
#2945=EDGE_CURVE('',#2362,#2395,#1428,.T.);
#2946=EDGE_CURVE('',#2367,#2396,#1429,.T.);
#2947=EDGE_CURVE('',#2397,#2396,#1430,.T.);
#2948=EDGE_CURVE('',#2369,#2397,#1431,.T.);
#2949=EDGE_CURVE('',#2398,#2397,#1432,.T.);
#2950=EDGE_CURVE('',#2370,#2398,#1433,.T.);
#2951=EDGE_CURVE('',#2399,#2398,#1434,.T.);
#2952=EDGE_CURVE('',#2371,#2399,#1435,.T.);
#2953=EDGE_CURVE('',#2400,#2399,#1436,.T.);
#2954=EDGE_CURVE('',#2372,#2400,#1437,.T.);
#2955=EDGE_CURVE('',#2401,#2400,#1438,.T.);
#2956=EDGE_CURVE('',#2373,#2401,#1439,.T.);
#2957=EDGE_CURVE('',#2402,#2401,#1440,.T.);
#2958=EDGE_CURVE('',#2374,#2402,#1441,.T.);
#2959=EDGE_CURVE('',#2403,#2402,#1442,.T.);
#2960=EDGE_CURVE('',#2375,#2403,#1443,.T.);
#2961=EDGE_CURVE('',#2404,#2403,#1444,.T.);
#2962=EDGE_CURVE('',#2376,#2404,#1445,.T.);
#2963=EDGE_CURVE('',#2405,#2404,#1446,.T.);
#2964=EDGE_CURVE('',#2377,#2405,#1447,.T.);
#2965=EDGE_CURVE('',#2406,#2405,#1448,.T.);
#2966=EDGE_CURVE('',#2378,#2406,#1449,.T.);
#2967=EDGE_CURVE('',#2407,#2406,#1450,.T.);
#2968=EDGE_CURVE('',#2379,#2407,#1451,.T.);
#2969=EDGE_CURVE('',#2408,#2407,#1452,.T.);
#2970=EDGE_CURVE('',#2380,#2408,#1453,.T.);
#2971=EDGE_CURVE('',#2409,#2408,#1454,.T.);
#2972=EDGE_CURVE('',#2381,#2409,#1455,.T.);
#2973=EDGE_CURVE('',#2410,#2409,#1456,.T.);
#2974=EDGE_CURVE('',#2382,#2410,#1457,.T.);
#2975=EDGE_CURVE('',#2411,#2410,#1458,.T.);
#2976=EDGE_CURVE('',#2383,#2411,#1459,.T.);
#2977=EDGE_CURVE('',#2412,#2411,#1460,.T.);
#2978=EDGE_CURVE('',#2384,#2412,#1461,.T.);
#2979=EDGE_CURVE('',#2413,#2412,#1462,.T.);
#2980=EDGE_CURVE('',#2385,#2413,#1463,.T.);
#2981=EDGE_CURVE('',#2414,#2413,#1464,.T.);
#2982=EDGE_CURVE('',#2386,#2414,#1465,.T.);
#2983=EDGE_CURVE('',#2415,#2414,#1466,.T.);
#2984=EDGE_CURVE('',#2387,#2415,#1467,.T.);
#2985=EDGE_CURVE('',#2416,#2415,#1468,.T.);
#2986=EDGE_CURVE('',#2388,#2416,#1469,.T.);
#2987=EDGE_CURVE('',#2417,#2416,#1470,.T.);
#2988=EDGE_CURVE('',#2389,#2417,#1471,.T.);
#2989=EDGE_CURVE('',#2418,#2417,#1472,.T.);
#2990=EDGE_CURVE('',#2390,#2418,#1473,.T.);
#2991=EDGE_CURVE('',#2419,#2418,#1474,.T.);
#2992=EDGE_CURVE('',#2368,#2419,#1475,.T.);
#2993=EDGE_CURVE('',#2396,#2419,#1476,.T.);
#2994=EDGE_CURVE('',#2395,#2357,#1477,.T.);
#2995=EDGE_CURVE('',#2420,#2420,#217,.T.);
#2996=EDGE_CURVE('',#2421,#2422,#218,.T.);
#2997=EDGE_CURVE('',#2422,#2423,#219,.T.);
#2998=EDGE_CURVE('',#2423,#2424,#220,.T.);
#2999=EDGE_CURVE('',#2424,#2425,#221,.T.);
#3000=EDGE_CURVE('',#2425,#2421,#222,.T.);
#3001=EDGE_CURVE('',#2422,#2420,#1478,.T.);
#3002=EDGE_CURVE('',#2426,#2427,#1479,.T.);
#3003=EDGE_CURVE('',#2428,#2426,#223,.T.);
#3004=EDGE_CURVE('',#2429,#2428,#1480,.T.);
#3005=EDGE_CURVE('',#2427,#2429,#224,.T.);
#3006=EDGE_CURVE('',#2430,#2430,#225,.T.);
#3007=EDGE_CURVE('',#2430,#2431,#1481,.T.);
#3008=EDGE_CURVE('',#2431,#2431,#226,.T.);
#3009=EDGE_CURVE('',#2429,#2427,#227,.T.);
#3010=EDGE_CURVE('',#2426,#2428,#228,.T.);
#3011=EDGE_CURVE('',#2432,#2433,#1482,.T.);
#3012=EDGE_CURVE('',#2433,#2434,#1483,.T.);
#3013=EDGE_CURVE('',#2434,#2435,#1484,.T.);
#3014=EDGE_CURVE('',#2435,#2432,#1485,.T.);
#3015=EDGE_CURVE('',#2436,#2437,#1486,.T.);
#3016=EDGE_CURVE('',#2437,#2438,#1487,.T.);
#3017=EDGE_CURVE('',#2438,#2439,#1488,.T.);
#3018=EDGE_CURVE('',#2439,#2436,#1489,.T.);
#3019=EDGE_CURVE('',#2432,#2440,#1490,.T.);
#3020=EDGE_CURVE('',#2436,#2440,#1491,.T.);
#3021=EDGE_CURVE('',#2433,#2439,#1492,.T.);
#3022=EDGE_CURVE('',#2435,#2441,#1493,.T.);
#3023=EDGE_CURVE('',#2440,#2441,#1494,.T.);
#3024=EDGE_CURVE('',#2434,#2438,#1495,.T.);
#3025=EDGE_CURVE('',#2441,#2437,#1496,.T.);
#3026=EDGE_CURVE('',#2442,#2443,#1497,.T.);
#3027=EDGE_CURVE('',#2444,#2442,#1498,.T.);
#3028=EDGE_CURVE('',#2445,#2444,#1499,.T.);
#3029=EDGE_CURVE('',#2443,#2445,#1500,.T.);
#3030=EDGE_CURVE('',#2444,#2446,#1501,.T.);
#3031=EDGE_CURVE('',#2447,#2446,#1502,.T.);
#3032=EDGE_CURVE('',#2445,#2447,#1503,.T.);
#3033=EDGE_CURVE('',#2442,#2448,#1504,.T.);
#3034=EDGE_CURVE('',#2446,#2448,#1505,.T.);
#3035=EDGE_CURVE('',#2449,#2447,#1506,.T.);
#3036=EDGE_CURVE('',#2443,#2449,#1507,.T.);
#3037=EDGE_CURVE('',#2448,#2449,#1508,.T.);
#3038=EDGE_CURVE('',#2450,#2451,#1509,.T.);
#3039=EDGE_CURVE('',#2451,#2452,#1510,.T.);
#3040=EDGE_CURVE('',#2453,#2452,#1511,.T.);
#3041=EDGE_CURVE('',#2450,#2453,#1512,.T.);
#3042=EDGE_CURVE('',#2454,#2450,#1513,.T.);
#3043=EDGE_CURVE('',#2455,#2453,#1514,.T.);
#3044=EDGE_CURVE('',#2454,#2455,#1515,.T.);
#3045=EDGE_CURVE('',#2456,#2454,#1516,.T.);
#3046=EDGE_CURVE('',#2457,#2455,#1517,.T.);
#3047=EDGE_CURVE('',#2456,#2457,#1518,.T.);
#3048=EDGE_CURVE('',#2451,#2456,#1519,.T.);
#3049=EDGE_CURVE('',#2452,#2457,#1520,.T.);
#3050=EDGE_CURVE('',#2458,#2459,#1521,.T.);
#3051=EDGE_CURVE('',#2459,#2460,#1522,.T.);
#3052=EDGE_CURVE('',#2460,#2461,#1523,.T.);
#3053=EDGE_CURVE('',#2461,#2458,#1524,.T.);
#3054=EDGE_CURVE('',#2462,#2463,#1525,.T.);
#3055=EDGE_CURVE('',#2463,#2464,#1526,.T.);
#3056=EDGE_CURVE('',#2464,#2465,#1527,.T.);
#3057=EDGE_CURVE('',#2465,#2466,#1528,.T.);
#3058=EDGE_CURVE('',#2466,#2467,#1529,.T.);
#3059=EDGE_CURVE('',#2467,#2468,#1530,.T.);
#3060=EDGE_CURVE('',#2468,#2469,#1531,.T.);
#3061=EDGE_CURVE('',#2469,#2470,#1532,.T.);
#3062=EDGE_CURVE('',#2470,#2471,#1533,.T.);
#3063=EDGE_CURVE('',#2471,#2472,#1534,.T.);
#3064=EDGE_CURVE('',#2472,#2473,#1535,.T.);
#3065=EDGE_CURVE('',#2473,#2462,#1536,.T.);
#3066=EDGE_CURVE('',#2474,#2475,#1537,.T.);
#3067=EDGE_CURVE('',#2474,#2472,#1538,.T.);
#3068=EDGE_CURVE('',#2475,#2471,#1539,.T.);
#3069=EDGE_CURVE('',#2475,#2476,#1540,.T.);
#3070=EDGE_CURVE('',#2476,#2470,#1541,.T.);
#3071=EDGE_CURVE('',#2476,#2477,#1542,.T.);
#3072=EDGE_CURVE('',#2477,#2474,#1543,.T.);
#3073=EDGE_CURVE('',#2478,#2479,#1544,.T.);
#3074=EDGE_CURVE('',#2478,#2469,#1545,.T.);
#3075=EDGE_CURVE('',#2479,#2468,#1546,.T.);
#3076=EDGE_CURVE('',#2479,#2480,#1547,.T.);
#3077=EDGE_CURVE('',#2480,#2467,#1548,.T.);
#3078=EDGE_CURVE('',#2481,#2478,#1549,.T.);
#3079=EDGE_CURVE('',#2481,#2459,#1550,.T.);
#3080=EDGE_CURVE('',#2477,#2458,#1551,.T.);
#3081=EDGE_CURVE('',#2480,#2481,#1552,.T.);
#3082=EDGE_CURVE('',#2482,#2483,#1553,.T.);
#3083=EDGE_CURVE('',#2482,#2465,#1554,.T.);
#3084=EDGE_CURVE('',#2483,#2464,#1555,.T.);
#3085=EDGE_CURVE('',#2484,#2485,#1556,.T.);
#3086=EDGE_CURVE('',#2484,#2460,#1557,.T.);
#3087=EDGE_CURVE('',#2485,#2466,#1558,.T.);
#3088=EDGE_CURVE('',#2485,#2482,#1559,.T.);
#3089=EDGE_CURVE('',#2483,#2484,#1560,.T.);
#3090=EDGE_CURVE('',#2486,#2487,#1561,.T.);
#3091=EDGE_CURVE('',#2486,#2473,#1562,.T.);
#3092=EDGE_CURVE('',#2487,#2461,#1563,.T.);
#3093=EDGE_CURVE('',#2487,#2488,#1564,.T.);
#3094=EDGE_CURVE('',#2488,#2463,#1565,.T.);
#3095=EDGE_CURVE('',#2488,#2489,#1566,.T.);
#3096=EDGE_CURVE('',#2489,#2462,#1567,.T.);
#3097=EDGE_CURVE('',#2489,#2486,#1568,.T.);
#3098=EDGE_CURVE('',#2490,#2490,#229,.F.);
#3099=EDGE_CURVE('',#2490,#2491,#1569,.T.);
#3100=EDGE_CURVE('',#2491,#2491,#230,.F.);
#3101=EDGE_CURVE('',#2492,#2493,#1570,.T.);
#3102=EDGE_CURVE('',#2492,#2494,#1571,.T.);
#3103=EDGE_CURVE('',#2495,#2494,#1572,.T.);
#3104=EDGE_CURVE('',#2493,#2495,#1573,.T.);
#3105=EDGE_CURVE('',#2496,#2493,#1574,.T.);
#3106=EDGE_CURVE('',#2497,#2495,#1575,.T.);
#3107=EDGE_CURVE('',#2496,#2497,#1576,.T.);
#3108=EDGE_CURVE('',#2498,#2496,#1577,.T.);
#3109=EDGE_CURVE('',#2499,#2497,#1578,.T.);
#3110=EDGE_CURVE('',#2498,#2499,#1579,.T.);
#3111=EDGE_CURVE('',#2492,#2498,#1580,.T.);
#3112=EDGE_CURVE('',#2494,#2499,#1581,.T.);
#3113=EDGE_CURVE('',#2500,#2501,#1582,.T.);
#3114=EDGE_CURVE('',#2500,#2502,#1583,.T.);
#3115=EDGE_CURVE('',#2503,#2502,#1584,.T.);
#3116=EDGE_CURVE('',#2501,#2503,#1585,.T.);
#3117=EDGE_CURVE('',#2504,#2501,#1586,.T.);
#3118=EDGE_CURVE('',#2505,#2503,#1587,.T.);
#3119=EDGE_CURVE('',#2504,#2505,#1588,.T.);
#3120=EDGE_CURVE('',#2506,#2504,#1589,.T.);
#3121=EDGE_CURVE('',#2507,#2505,#1590,.T.);
#3122=EDGE_CURVE('',#2506,#2507,#1591,.T.);
#3123=EDGE_CURVE('',#2500,#2506,#1592,.T.);
#3124=EDGE_CURVE('',#2502,#2507,#1593,.T.);
#3125=EDGE_CURVE('',#2508,#2509,#1594,.T.);
#3126=EDGE_CURVE('',#2508,#2510,#1595,.T.);
#3127=EDGE_CURVE('',#2511,#2510,#1596,.T.);
#3128=EDGE_CURVE('',#2509,#2511,#1597,.T.);
#3129=EDGE_CURVE('',#2512,#2509,#1598,.T.);
#3130=EDGE_CURVE('',#2513,#2511,#1599,.T.);
#3131=EDGE_CURVE('',#2512,#2513,#1600,.T.);
#3132=EDGE_CURVE('',#2514,#2512,#1601,.T.);
#3133=EDGE_CURVE('',#2515,#2513,#1602,.T.);
#3134=EDGE_CURVE('',#2514,#2515,#1603,.T.);
#3135=EDGE_CURVE('',#2508,#2514,#1604,.T.);
#3136=EDGE_CURVE('',#2510,#2515,#1605,.T.);
#3137=EDGE_CURVE('',#2516,#2516,#231,.F.);
#3138=EDGE_CURVE('',#2516,#2517,#1606,.T.);
#3139=EDGE_CURVE('',#2517,#2517,#232,.F.);
#3140=EDGE_CURVE('',#2518,#2519,#1607,.T.);
#3141=EDGE_CURVE('',#2519,#2520,#1608,.T.);
#3142=EDGE_CURVE('',#2520,#2521,#1609,.T.);
#3143=EDGE_CURVE('',#2521,#2518,#1610,.T.);
#3144=EDGE_CURVE('',#2522,#2522,#233,.T.);
#3145=EDGE_CURVE('',#2523,#2523,#234,.T.);
#3146=EDGE_CURVE('',#2524,#2524,#235,.T.);
#3147=EDGE_CURVE('',#2525,#2525,#236,.T.);
#3148=EDGE_CURVE('',#2526,#2526,#237,.T.);
#3149=EDGE_CURVE('',#2527,#2527,#238,.T.);
#3150=EDGE_CURVE('',#2528,#2528,#239,.T.);
#3151=EDGE_CURVE('',#2529,#2529,#240,.T.);
#3152=EDGE_CURVE('',#2530,#2530,#241,.T.);
#3153=EDGE_CURVE('',#2531,#2531,#242,.T.);
#3154=EDGE_CURVE('',#2532,#2532,#243,.T.);
#3155=EDGE_CURVE('',#2533,#2533,#244,.T.);
#3156=EDGE_CURVE('',#2534,#2534,#245,.T.);
#3157=EDGE_CURVE('',#2535,#2535,#246,.T.);
#3158=EDGE_CURVE('',#2536,#2536,#247,.T.);
#3159=EDGE_CURVE('',#2537,#2537,#248,.T.);
#3160=EDGE_CURVE('',#2538,#2538,#249,.T.);
#3161=EDGE_CURVE('',#2539,#2539,#250,.T.);
#3162=EDGE_CURVE('',#2540,#2540,#251,.T.);
#3163=EDGE_CURVE('',#2541,#2541,#252,.T.);
#3164=EDGE_CURVE('',#2542,#2542,#253,.T.);
#3165=EDGE_CURVE('',#2543,#2543,#254,.T.);
#3166=EDGE_CURVE('',#2544,#2544,#255,.T.);
#3167=EDGE_CURVE('',#2545,#2545,#256,.T.);
#3168=EDGE_CURVE('',#2546,#2546,#257,.T.);
#3169=EDGE_CURVE('',#2547,#2547,#258,.T.);
#3170=EDGE_CURVE('',#2548,#2548,#259,.T.);
#3171=EDGE_CURVE('',#2549,#2549,#260,.T.);
#3172=EDGE_CURVE('',#2550,#2550,#261,.T.);
#3173=EDGE_CURVE('',#2551,#2551,#262,.T.);
#3174=EDGE_CURVE('',#2552,#2552,#263,.T.);
#3175=EDGE_CURVE('',#2553,#2553,#264,.T.);
#3176=EDGE_CURVE('',#2554,#2554,#265,.T.);
#3177=EDGE_CURVE('',#2555,#2555,#266,.T.);
#3178=EDGE_CURVE('',#2556,#2556,#267,.T.);
#3179=EDGE_CURVE('',#2557,#2557,#268,.T.);
#3180=EDGE_CURVE('',#2558,#2558,#269,.T.);
#3181=EDGE_CURVE('',#2559,#2559,#270,.T.);
#3182=EDGE_CURVE('',#2560,#2560,#271,.T.);
#3183=EDGE_CURVE('',#2561,#2561,#272,.T.);
#3184=EDGE_CURVE('',#2562,#2562,#273,.T.);
#3185=EDGE_CURVE('',#2563,#2563,#274,.T.);
#3186=EDGE_CURVE('',#2564,#2564,#275,.T.);
#3187=EDGE_CURVE('',#2565,#2565,#276,.T.);
#3188=EDGE_CURVE('',#2566,#2566,#277,.T.);
#3189=EDGE_CURVE('',#2567,#2567,#278,.T.);
#3190=EDGE_CURVE('',#2568,#2568,#279,.T.);
#3191=EDGE_CURVE('',#2569,#2569,#280,.T.);
#3192=EDGE_CURVE('',#2570,#2570,#281,.T.);
#3193=EDGE_CURVE('',#2571,#2571,#282,.T.);
#3194=EDGE_CURVE('',#2572,#2572,#283,.T.);
#3195=EDGE_CURVE('',#2573,#2573,#284,.T.);
#3196=EDGE_CURVE('',#2574,#2574,#285,.T.);
#3197=EDGE_CURVE('',#2575,#2575,#286,.T.);
#3198=EDGE_CURVE('',#2576,#2576,#287,.T.);
#3199=EDGE_CURVE('',#2577,#2577,#288,.T.);
#3200=EDGE_CURVE('',#2578,#2578,#289,.T.);
#3201=EDGE_CURVE('',#2579,#2579,#290,.T.);
#3202=EDGE_CURVE('',#2580,#2580,#291,.T.);
#3203=EDGE_CURVE('',#2581,#2581,#292,.T.);
#3204=EDGE_CURVE('',#2582,#2582,#293,.T.);
#3205=EDGE_CURVE('',#2583,#2583,#294,.T.);
#3206=EDGE_CURVE('',#2584,#2584,#295,.T.);
#3207=EDGE_CURVE('',#2585,#2585,#296,.T.);
#3208=EDGE_CURVE('',#2586,#2586,#297,.T.);
#3209=EDGE_CURVE('',#2586,#2522,#1611,.T.);
#3210=EDGE_CURVE('',#2587,#2587,#298,.T.);
#3211=EDGE_CURVE('',#2587,#2523,#1612,.T.);
#3212=EDGE_CURVE('',#2588,#2588,#299,.T.);
#3213=EDGE_CURVE('',#2588,#2524,#1613,.T.);
#3214=EDGE_CURVE('',#2589,#2589,#300,.T.);
#3215=EDGE_CURVE('',#2589,#2525,#1614,.T.);
#3216=EDGE_CURVE('',#2590,#2590,#301,.T.);
#3217=EDGE_CURVE('',#2590,#2526,#1615,.T.);
#3218=EDGE_CURVE('',#2591,#2591,#302,.T.);
#3219=EDGE_CURVE('',#2591,#2527,#1616,.T.);
#3220=EDGE_CURVE('',#2592,#2592,#303,.T.);
#3221=EDGE_CURVE('',#2592,#2528,#1617,.T.);
#3222=EDGE_CURVE('',#2593,#2593,#304,.T.);
#3223=EDGE_CURVE('',#2593,#2529,#1618,.T.);
#3224=EDGE_CURVE('',#2594,#2594,#305,.T.);
#3225=EDGE_CURVE('',#2594,#2530,#1619,.T.);
#3226=EDGE_CURVE('',#2595,#2595,#306,.T.);
#3227=EDGE_CURVE('',#2595,#2531,#1620,.T.);
#3228=EDGE_CURVE('',#2596,#2596,#307,.T.);
#3229=EDGE_CURVE('',#2596,#2532,#1621,.T.);
#3230=EDGE_CURVE('',#2597,#2597,#308,.T.);
#3231=EDGE_CURVE('',#2597,#2533,#1622,.T.);
#3232=EDGE_CURVE('',#2598,#2598,#309,.T.);
#3233=EDGE_CURVE('',#2598,#2534,#1623,.T.);
#3234=EDGE_CURVE('',#2599,#2599,#310,.T.);
#3235=EDGE_CURVE('',#2599,#2535,#1624,.T.);
#3236=EDGE_CURVE('',#2600,#2600,#311,.T.);
#3237=EDGE_CURVE('',#2600,#2536,#1625,.T.);
#3238=EDGE_CURVE('',#2601,#2601,#312,.T.);
#3239=EDGE_CURVE('',#2601,#2537,#1626,.T.);
#3240=EDGE_CURVE('',#2602,#2602,#313,.T.);
#3241=EDGE_CURVE('',#2602,#2538,#1627,.T.);
#3242=EDGE_CURVE('',#2603,#2603,#314,.T.);
#3243=EDGE_CURVE('',#2603,#2539,#1628,.T.);
#3244=EDGE_CURVE('',#2604,#2604,#315,.T.);
#3245=EDGE_CURVE('',#2604,#2540,#1629,.T.);
#3246=EDGE_CURVE('',#2605,#2605,#316,.T.);
#3247=EDGE_CURVE('',#2605,#2541,#1630,.T.);
#3248=EDGE_CURVE('',#2606,#2606,#317,.T.);
#3249=EDGE_CURVE('',#2606,#2542,#1631,.T.);
#3250=EDGE_CURVE('',#2607,#2607,#318,.T.);
#3251=EDGE_CURVE('',#2607,#2543,#1632,.T.);
#3252=EDGE_CURVE('',#2608,#2608,#319,.T.);
#3253=EDGE_CURVE('',#2608,#2544,#1633,.T.);
#3254=EDGE_CURVE('',#2609,#2609,#320,.T.);
#3255=EDGE_CURVE('',#2609,#2545,#1634,.T.);
#3256=EDGE_CURVE('',#2610,#2610,#321,.T.);
#3257=EDGE_CURVE('',#2610,#2546,#1635,.T.);
#3258=EDGE_CURVE('',#2611,#2611,#322,.T.);
#3259=EDGE_CURVE('',#2611,#2547,#1636,.T.);
#3260=EDGE_CURVE('',#2612,#2612,#323,.T.);
#3261=EDGE_CURVE('',#2612,#2548,#1637,.T.);
#3262=EDGE_CURVE('',#2613,#2613,#324,.T.);
#3263=EDGE_CURVE('',#2613,#2549,#1638,.T.);
#3264=EDGE_CURVE('',#2614,#2614,#325,.T.);
#3265=EDGE_CURVE('',#2614,#2550,#1639,.T.);
#3266=EDGE_CURVE('',#2615,#2615,#326,.T.);
#3267=EDGE_CURVE('',#2615,#2551,#1640,.T.);
#3268=EDGE_CURVE('',#2616,#2616,#327,.T.);
#3269=EDGE_CURVE('',#2616,#2552,#1641,.T.);
#3270=EDGE_CURVE('',#2617,#2617,#328,.T.);
#3271=EDGE_CURVE('',#2617,#2553,#1642,.T.);
#3272=EDGE_CURVE('',#2618,#2618,#329,.T.);
#3273=EDGE_CURVE('',#2618,#2554,#1643,.T.);
#3274=EDGE_CURVE('',#2619,#2619,#330,.T.);
#3275=EDGE_CURVE('',#2619,#2555,#1644,.T.);
#3276=EDGE_CURVE('',#2620,#2620,#331,.T.);
#3277=EDGE_CURVE('',#2620,#2556,#1645,.T.);
#3278=EDGE_CURVE('',#2621,#2621,#332,.T.);
#3279=EDGE_CURVE('',#2621,#2557,#1646,.T.);
#3280=EDGE_CURVE('',#2622,#2622,#333,.T.);
#3281=EDGE_CURVE('',#2622,#2558,#1647,.T.);
#3282=EDGE_CURVE('',#2623,#2623,#334,.T.);
#3283=EDGE_CURVE('',#2623,#2559,#1648,.T.);
#3284=EDGE_CURVE('',#2624,#2624,#335,.T.);
#3285=EDGE_CURVE('',#2624,#2560,#1649,.T.);
#3286=EDGE_CURVE('',#2625,#2625,#336,.T.);
#3287=EDGE_CURVE('',#2625,#2561,#1650,.T.);
#3288=EDGE_CURVE('',#2626,#2626,#337,.T.);
#3289=EDGE_CURVE('',#2626,#2562,#1651,.T.);
#3290=EDGE_CURVE('',#2627,#2627,#338,.T.);
#3291=EDGE_CURVE('',#2627,#2563,#1652,.T.);
#3292=EDGE_CURVE('',#2628,#2628,#339,.T.);
#3293=EDGE_CURVE('',#2628,#2564,#1653,.T.);
#3294=EDGE_CURVE('',#2629,#2629,#340,.T.);
#3295=EDGE_CURVE('',#2629,#2565,#1654,.T.);
#3296=EDGE_CURVE('',#2630,#2630,#341,.T.);
#3297=EDGE_CURVE('',#2630,#2566,#1655,.T.);
#3298=EDGE_CURVE('',#2631,#2631,#342,.T.);
#3299=EDGE_CURVE('',#2631,#2567,#1656,.T.);
#3300=EDGE_CURVE('',#2632,#2632,#343,.T.);
#3301=EDGE_CURVE('',#2632,#2568,#1657,.T.);
#3302=EDGE_CURVE('',#2633,#2633,#344,.T.);
#3303=EDGE_CURVE('',#2633,#2569,#1658,.T.);
#3304=EDGE_CURVE('',#2634,#2634,#345,.T.);
#3305=EDGE_CURVE('',#2634,#2570,#1659,.T.);
#3306=EDGE_CURVE('',#2635,#2635,#346,.T.);
#3307=EDGE_CURVE('',#2635,#2571,#1660,.T.);
#3308=EDGE_CURVE('',#2636,#2636,#347,.T.);
#3309=EDGE_CURVE('',#2636,#2572,#1661,.T.);
#3310=EDGE_CURVE('',#2637,#2637,#348,.T.);
#3311=EDGE_CURVE('',#2637,#2573,#1662,.T.);
#3312=EDGE_CURVE('',#2638,#2638,#349,.T.);
#3313=EDGE_CURVE('',#2638,#2574,#1663,.T.);
#3314=EDGE_CURVE('',#2639,#2639,#350,.T.);
#3315=EDGE_CURVE('',#2639,#2575,#1664,.T.);
#3316=EDGE_CURVE('',#2640,#2640,#351,.T.);
#3317=EDGE_CURVE('',#2640,#2576,#1665,.T.);
#3318=EDGE_CURVE('',#2641,#2641,#352,.T.);
#3319=EDGE_CURVE('',#2641,#2577,#1666,.T.);
#3320=EDGE_CURVE('',#2642,#2642,#353,.T.);
#3321=EDGE_CURVE('',#2642,#2578,#1667,.T.);
#3322=EDGE_CURVE('',#2643,#2643,#354,.T.);
#3323=EDGE_CURVE('',#2643,#2579,#1668,.T.);
#3324=EDGE_CURVE('',#2644,#2644,#355,.T.);
#3325=EDGE_CURVE('',#2644,#2580,#1669,.T.);
#3326=EDGE_CURVE('',#2645,#2645,#356,.T.);
#3327=EDGE_CURVE('',#2645,#2581,#1670,.T.);
#3328=EDGE_CURVE('',#2646,#2646,#357,.T.);
#3329=EDGE_CURVE('',#2646,#2582,#1671,.T.);
#3330=EDGE_CURVE('',#2647,#2647,#358,.T.);
#3331=EDGE_CURVE('',#2647,#2583,#1672,.T.);
#3332=EDGE_CURVE('',#2648,#2648,#359,.T.);
#3333=EDGE_CURVE('',#2648,#2584,#1673,.T.);
#3334=EDGE_CURVE('',#2649,#2649,#360,.T.);
#3335=EDGE_CURVE('',#2649,#2585,#1674,.T.);
#3336=EDGE_CURVE('',#2650,#2651,#1675,.T.);
#3337=EDGE_CURVE('',#2651,#2652,#1676,.T.);
#3338=EDGE_CURVE('',#2652,#2653,#1677,.T.);
#3339=EDGE_CURVE('',#2653,#2650,#1678,.T.);
#3340=EDGE_CURVE('',#2654,#2655,#1679,.T.);
#3341=EDGE_CURVE('',#2655,#2519,#1680,.T.);
#3342=EDGE_CURVE('',#2654,#2518,#1681,.T.);
#3343=EDGE_CURVE('',#2656,#2654,#1682,.T.);
#3344=EDGE_CURVE('',#2656,#2521,#1683,.T.);
#3345=EDGE_CURVE('',#2657,#2656,#1684,.T.);
#3346=EDGE_CURVE('',#2657,#2520,#1685,.T.);
#3347=EDGE_CURVE('',#2655,#2657,#1686,.T.);
#3348=EDGE_CURVE('',#2658,#2659,#1687,.T.);
#3349=EDGE_CURVE('',#2658,#2651,#1688,.T.);
#3350=EDGE_CURVE('',#2659,#2650,#1689,.T.);
#3351=EDGE_CURVE('',#2659,#2660,#1690,.T.);
#3352=EDGE_CURVE('',#2660,#2653,#1691,.T.);
#3353=EDGE_CURVE('',#2661,#2660,#1692,.T.);
#3354=EDGE_CURVE('',#2661,#2652,#1693,.T.);
#3355=EDGE_CURVE('',#2658,#2661,#1694,.T.);
#3356=EDGE_CURVE('',#2662,#2663,#1695,.T.);
#3357=EDGE_CURVE('',#2662,#2664,#1696,.T.);
#3358=EDGE_CURVE('',#2664,#2665,#1697,.T.);
#3359=EDGE_CURVE('',#2665,#2663,#1698,.T.);
#3360=EDGE_CURVE('',#2665,#2666,#1699,.T.);
#3361=EDGE_CURVE('',#2666,#2667,#1700,.T.);
#3362=EDGE_CURVE('',#2663,#2667,#1701,.T.);
#3363=EDGE_CURVE('',#2664,#2668,#1702,.T.);
#3364=EDGE_CURVE('',#2668,#2666,#1703,.T.);
#3365=EDGE_CURVE('',#2669,#2662,#1704,.T.);
#3366=EDGE_CURVE('',#2669,#2668,#1705,.T.);
#3367=EDGE_CURVE('',#2667,#2669,#1706,.T.);
#3368=ORIENTED_EDGE('',*,*,#2670,.F.);
#3369=ORIENTED_EDGE('',*,*,#2671,.T.);
#3370=ORIENTED_EDGE('',*,*,#2672,.T.);
#3371=ORIENTED_EDGE('',*,*,#2673,.T.);
#3372=ORIENTED_EDGE('',*,*,#2674,.T.);
#3373=ORIENTED_EDGE('',*,*,#2675,.T.);
#3374=ORIENTED_EDGE('',*,*,#2676,.F.);
#3375=ORIENTED_EDGE('',*,*,#2673,.F.);
#3376=ORIENTED_EDGE('',*,*,#2674,.F.);
#3377=ORIENTED_EDGE('',*,*,#2672,.F.);
#3378=ORIENTED_EDGE('',*,*,#2677,.T.);
#3379=ORIENTED_EDGE('',*,*,#2678,.T.);
#3380=ORIENTED_EDGE('',*,*,#2671,.F.);
#3381=ORIENTED_EDGE('',*,*,#2679,.F.);
#3382=ORIENTED_EDGE('',*,*,#2680,.T.);
#3383=ORIENTED_EDGE('',*,*,#2677,.F.);
#3384=ORIENTED_EDGE('',*,*,#2675,.F.);
#3385=ORIENTED_EDGE('',*,*,#2678,.F.);
#3386=ORIENTED_EDGE('',*,*,#2680,.F.);
#3387=ORIENTED_EDGE('',*,*,#2681,.F.);
#3388=ORIENTED_EDGE('',*,*,#2679,.T.);
#3389=ORIENTED_EDGE('',*,*,#2670,.T.);
#3390=ORIENTED_EDGE('',*,*,#2676,.T.);
#3391=ORIENTED_EDGE('',*,*,#2681,.T.);
#3392=ORIENTED_EDGE('',*,*,#2682,.T.);
#3393=ORIENTED_EDGE('',*,*,#2683,.F.);
#3394=ORIENTED_EDGE('',*,*,#2684,.T.);
#3395=ORIENTED_EDGE('',*,*,#2685,.T.);
#3396=ORIENTED_EDGE('',*,*,#2686,.T.);
#3397=ORIENTED_EDGE('',*,*,#2687,.F.);
#3398=ORIENTED_EDGE('',*,*,#2682,.F.);
#3399=ORIENTED_EDGE('',*,*,#2688,.F.);
#3400=ORIENTED_EDGE('',*,*,#2689,.F.);
#3401=ORIENTED_EDGE('',*,*,#2690,.F.);
#3402=ORIENTED_EDGE('',*,*,#2691,.F.);
#3403=ORIENTED_EDGE('',*,*,#2686,.F.);
#3404=ORIENTED_EDGE('',*,*,#2692,.T.);
#3405=ORIENTED_EDGE('',*,*,#2693,.T.);
#3406=ORIENTED_EDGE('',*,*,#2688,.T.);
#3407=ORIENTED_EDGE('',*,*,#2687,.T.);
#3408=ORIENTED_EDGE('',*,*,#2694,.T.);
#3409=ORIENTED_EDGE('',*,*,#2695,.T.);
#3410=ORIENTED_EDGE('',*,*,#2684,.F.);
#3411=ORIENTED_EDGE('',*,*,#2696,.T.);
#3412=ORIENTED_EDGE('',*,*,#2697,.T.);
#3413=ORIENTED_EDGE('',*,*,#2691,.T.);
#3414=ORIENTED_EDGE('',*,*,#2698,.T.);
#3415=ORIENTED_EDGE('',*,*,#2699,.T.);
#3416=ORIENTED_EDGE('',*,*,#2683,.T.);
#3417=ORIENTED_EDGE('',*,*,#2699,.F.);
#3418=ORIENTED_EDGE('',*,*,#2700,.T.);
#3419=ORIENTED_EDGE('',*,*,#2696,.F.);
#3420=ORIENTED_EDGE('',*,*,#2693,.F.);
#3421=ORIENTED_EDGE('',*,*,#2701,.T.);
#3422=ORIENTED_EDGE('',*,*,#2694,.F.);
#3423=ORIENTED_EDGE('',*,*,#2695,.F.);
#3424=ORIENTED_EDGE('',*,*,#2702,.F.);
#3425=ORIENTED_EDGE('',*,*,#2703,.F.);
#3426=ORIENTED_EDGE('',*,*,#2689,.T.);
#3427=ORIENTED_EDGE('',*,*,#2701,.F.);
#3428=ORIENTED_EDGE('',*,*,#2704,.T.);
#3429=ORIENTED_EDGE('',*,*,#2705,.T.);
#3430=ORIENTED_EDGE('',*,*,#2702,.T.);
#3431=ORIENTED_EDGE('',*,*,#2685,.F.);
#3432=ORIENTED_EDGE('',*,*,#2697,.F.);
#3433=ORIENTED_EDGE('',*,*,#2706,.F.);
#3434=ORIENTED_EDGE('',*,*,#2704,.F.);
#3435=ORIENTED_EDGE('',*,*,#2692,.F.);
#3436=ORIENTED_EDGE('',*,*,#2700,.F.);
#3437=ORIENTED_EDGE('',*,*,#2707,.T.);
#3438=ORIENTED_EDGE('',*,*,#2705,.F.);
#3439=ORIENTED_EDGE('',*,*,#2706,.T.);
#3440=ORIENTED_EDGE('',*,*,#2698,.F.);
#3441=ORIENTED_EDGE('',*,*,#2690,.T.);
#3442=ORIENTED_EDGE('',*,*,#2703,.T.);
#3443=ORIENTED_EDGE('',*,*,#2707,.F.);
#3444=ORIENTED_EDGE('',*,*,#2708,.T.);
#3445=ORIENTED_EDGE('',*,*,#2709,.T.);
#3446=ORIENTED_EDGE('',*,*,#2710,.T.);
#3447=ORIENTED_EDGE('',*,*,#2711,.T.);
#3448=ORIENTED_EDGE('',*,*,#2712,.T.);
#3449=ORIENTED_EDGE('',*,*,#2713,.T.);
#3450=ORIENTED_EDGE('',*,*,#2714,.T.);
#3451=ORIENTED_EDGE('',*,*,#2714,.F.);
#3452=ORIENTED_EDGE('',*,*,#2715,.F.);
#3453=ORIENTED_EDGE('',*,*,#2716,.F.);
#3454=ORIENTED_EDGE('',*,*,#2717,.F.);
#3455=ORIENTED_EDGE('',*,*,#2713,.F.);
#3456=ORIENTED_EDGE('',*,*,#2718,.F.);
#3457=ORIENTED_EDGE('',*,*,#2719,.F.);
#3458=ORIENTED_EDGE('',*,*,#2720,.F.);
#3459=ORIENTED_EDGE('',*,*,#2715,.T.);
#3460=ORIENTED_EDGE('',*,*,#2712,.F.);
#3461=ORIENTED_EDGE('',*,*,#2721,.F.);
#3462=ORIENTED_EDGE('',*,*,#2722,.T.);
#3463=ORIENTED_EDGE('',*,*,#2723,.F.);
#3464=ORIENTED_EDGE('',*,*,#2718,.T.);
#3465=ORIENTED_EDGE('',*,*,#2711,.F.);
#3466=ORIENTED_EDGE('',*,*,#2724,.T.);
#3467=ORIENTED_EDGE('',*,*,#2721,.T.);
#3468=ORIENTED_EDGE('',*,*,#2725,.T.);
#3469=ORIENTED_EDGE('',*,*,#2719,.T.);
#3470=ORIENTED_EDGE('',*,*,#2723,.T.);
#3471=ORIENTED_EDGE('',*,*,#2726,.T.);
#3472=ORIENTED_EDGE('',*,*,#2710,.F.);
#3473=ORIENTED_EDGE('',*,*,#2727,.T.);
#3474=ORIENTED_EDGE('',*,*,#2728,.T.);
#3475=ORIENTED_EDGE('',*,*,#2729,.T.);
#3476=ORIENTED_EDGE('',*,*,#2730,.T.);
#3477=ORIENTED_EDGE('',*,*,#2731,.T.);
#3478=ORIENTED_EDGE('',*,*,#2722,.F.);
#3479=ORIENTED_EDGE('',*,*,#2724,.F.);
#3480=ORIENTED_EDGE('',*,*,#2709,.F.);
#3481=ORIENTED_EDGE('',*,*,#2732,.F.);
#3482=ORIENTED_EDGE('',*,*,#2733,.F.);
#3483=ORIENTED_EDGE('',*,*,#2727,.F.);
#3484=ORIENTED_EDGE('',*,*,#2708,.F.);
#3485=ORIENTED_EDGE('',*,*,#2717,.T.);
#3486=ORIENTED_EDGE('',*,*,#2734,.T.);
#3487=ORIENTED_EDGE('',*,*,#2735,.T.);
#3488=ORIENTED_EDGE('',*,*,#2736,.T.);
#3489=ORIENTED_EDGE('',*,*,#2732,.T.);
#3490=ORIENTED_EDGE('',*,*,#2726,.F.);
#3491=ORIENTED_EDGE('',*,*,#2731,.F.);
#3492=ORIENTED_EDGE('',*,*,#2737,.F.);
#3493=ORIENTED_EDGE('',*,*,#2736,.F.);
#3494=ORIENTED_EDGE('',*,*,#2738,.T.);
#3495=ORIENTED_EDGE('',*,*,#2728,.F.);
#3496=ORIENTED_EDGE('',*,*,#2733,.T.);
#3497=ORIENTED_EDGE('',*,*,#2735,.F.);
#3498=ORIENTED_EDGE('',*,*,#2739,.F.);
#3499=ORIENTED_EDGE('',*,*,#2729,.F.);
#3500=ORIENTED_EDGE('',*,*,#2738,.F.);
#3501=ORIENTED_EDGE('',*,*,#2725,.F.);
#3502=ORIENTED_EDGE('',*,*,#2737,.T.);
#3503=ORIENTED_EDGE('',*,*,#2730,.F.);
#3504=ORIENTED_EDGE('',*,*,#2739,.T.);
#3505=ORIENTED_EDGE('',*,*,#2734,.F.);
#3506=ORIENTED_EDGE('',*,*,#2716,.T.);
#3507=ORIENTED_EDGE('',*,*,#2720,.T.);
#3508=ORIENTED_EDGE('',*,*,#2740,.T.);
#3509=ORIENTED_EDGE('',*,*,#2741,.T.);
#3510=ORIENTED_EDGE('',*,*,#2742,.F.);
#3511=ORIENTED_EDGE('',*,*,#2743,.F.);
#3512=ORIENTED_EDGE('',*,*,#2744,.T.);
#3513=ORIENTED_EDGE('',*,*,#2743,.T.);
#3514=ORIENTED_EDGE('',*,*,#2745,.F.);
#3515=ORIENTED_EDGE('',*,*,#2746,.F.);
#3516=ORIENTED_EDGE('',*,*,#2747,.T.);
#3517=ORIENTED_EDGE('',*,*,#2746,.T.);
#3518=ORIENTED_EDGE('',*,*,#2748,.F.);
#3519=ORIENTED_EDGE('',*,*,#2749,.F.);
#3520=ORIENTED_EDGE('',*,*,#2750,.T.);
#3521=ORIENTED_EDGE('',*,*,#2749,.T.);
#3522=ORIENTED_EDGE('',*,*,#2751,.F.);
#3523=ORIENTED_EDGE('',*,*,#2741,.F.);
#3524=ORIENTED_EDGE('',*,*,#2751,.T.);
#3525=ORIENTED_EDGE('',*,*,#2748,.T.);
#3526=ORIENTED_EDGE('',*,*,#2745,.T.);
#3527=ORIENTED_EDGE('',*,*,#2742,.T.);
#3528=ORIENTED_EDGE('',*,*,#2750,.F.);
#3529=ORIENTED_EDGE('',*,*,#2740,.F.);
#3530=ORIENTED_EDGE('',*,*,#2744,.F.);
#3531=ORIENTED_EDGE('',*,*,#2747,.F.);
#3532=ORIENTED_EDGE('',*,*,#2752,.T.);
#3533=ORIENTED_EDGE('',*,*,#2753,.T.);
#3534=ORIENTED_EDGE('',*,*,#2754,.T.);
#3535=ORIENTED_EDGE('',*,*,#2755,.F.);
#3536=ORIENTED_EDGE('',*,*,#2753,.F.);
#3537=ORIENTED_EDGE('',*,*,#2756,.T.);
#3538=ORIENTED_EDGE('',*,*,#2757,.T.);
#3539=ORIENTED_EDGE('',*,*,#2758,.T.);
#3540=ORIENTED_EDGE('',*,*,#2752,.F.);
#3541=ORIENTED_EDGE('',*,*,#2759,.F.);
#3542=ORIENTED_EDGE('',*,*,#2760,.T.);
#3543=ORIENTED_EDGE('',*,*,#2756,.F.);
#3544=ORIENTED_EDGE('',*,*,#2754,.F.);
#3545=ORIENTED_EDGE('',*,*,#2758,.F.);
#3546=ORIENTED_EDGE('',*,*,#2761,.F.);
#3547=ORIENTED_EDGE('',*,*,#2762,.F.);
#3548=ORIENTED_EDGE('',*,*,#2763,.F.);
#3549=ORIENTED_EDGE('',*,*,#2761,.T.);
#3550=ORIENTED_EDGE('',*,*,#2757,.F.);
#3551=ORIENTED_EDGE('',*,*,#2760,.F.);
#3552=ORIENTED_EDGE('',*,*,#2763,.T.);
#3553=ORIENTED_EDGE('',*,*,#2759,.T.);
#3554=ORIENTED_EDGE('',*,*,#2755,.T.);
#3555=ORIENTED_EDGE('',*,*,#2762,.T.);
#3556=ORIENTED_EDGE('',*,*,#2764,.T.);
#3557=ORIENTED_EDGE('',*,*,#2765,.T.);
#3558=ORIENTED_EDGE('',*,*,#2766,.T.);
#3559=ORIENTED_EDGE('',*,*,#2767,.T.);
#3560=ORIENTED_EDGE('',*,*,#2765,.F.);
#3561=ORIENTED_EDGE('',*,*,#2768,.T.);
#3562=ORIENTED_EDGE('',*,*,#2769,.T.);
#3563=ORIENTED_EDGE('',*,*,#2770,.T.);
#3564=ORIENTED_EDGE('',*,*,#2764,.F.);
#3565=ORIENTED_EDGE('',*,*,#2771,.T.);
#3566=ORIENTED_EDGE('',*,*,#2772,.T.);
#3567=ORIENTED_EDGE('',*,*,#2768,.F.);
#3568=ORIENTED_EDGE('',*,*,#2766,.F.);
#3569=ORIENTED_EDGE('',*,*,#2770,.F.);
#3570=ORIENTED_EDGE('',*,*,#2773,.F.);
#3571=ORIENTED_EDGE('',*,*,#2774,.T.);
#3572=ORIENTED_EDGE('',*,*,#2775,.T.);
#3573=ORIENTED_EDGE('',*,*,#2773,.T.);
#3574=ORIENTED_EDGE('',*,*,#2769,.F.);
#3575=ORIENTED_EDGE('',*,*,#2772,.F.);
#3576=ORIENTED_EDGE('',*,*,#2767,.F.);
#3577=ORIENTED_EDGE('',*,*,#2774,.F.);
#3578=ORIENTED_EDGE('',*,*,#2775,.F.);
#3579=ORIENTED_EDGE('',*,*,#2771,.F.);
#3580=ORIENTED_EDGE('',*,*,#2776,.T.);
#3581=ORIENTED_EDGE('',*,*,#2777,.T.);
#3582=ORIENTED_EDGE('',*,*,#2778,.T.);
#3583=ORIENTED_EDGE('',*,*,#2779,.T.);
#3584=ORIENTED_EDGE('',*,*,#2780,.T.);
#3585=ORIENTED_EDGE('',*,*,#2781,.T.);
#3586=ORIENTED_EDGE('',*,*,#2782,.T.);
#3587=ORIENTED_EDGE('',*,*,#2783,.T.);
#3588=ORIENTED_EDGE('',*,*,#2784,.T.);
#3589=ORIENTED_EDGE('',*,*,#2782,.F.);
#3590=ORIENTED_EDGE('',*,*,#2785,.T.);
#3591=ORIENTED_EDGE('',*,*,#2778,.F.);
#3592=ORIENTED_EDGE('',*,*,#2786,.T.);
#3593=ORIENTED_EDGE('',*,*,#2779,.F.);
#3594=ORIENTED_EDGE('',*,*,#2787,.F.);
#3595=ORIENTED_EDGE('',*,*,#2788,.T.);
#3596=ORIENTED_EDGE('',*,*,#2789,.T.);
#3597=ORIENTED_EDGE('',*,*,#2785,.F.);
#3598=ORIENTED_EDGE('',*,*,#2781,.F.);
#3599=ORIENTED_EDGE('',*,*,#2790,.T.);
#3600=ORIENTED_EDGE('',*,*,#2791,.T.);
#3601=ORIENTED_EDGE('',*,*,#2792,.T.);
#3602=ORIENTED_EDGE('',*,*,#2793,.T.);
#3603=ORIENTED_EDGE('',*,*,#2787,.T.);
#3604=ORIENTED_EDGE('',*,*,#2780,.F.);
#3605=ORIENTED_EDGE('',*,*,#2794,.F.);
#3606=ORIENTED_EDGE('',*,*,#2795,.T.);
#3607=ORIENTED_EDGE('',*,*,#2796,.F.);
#3608=ORIENTED_EDGE('',*,*,#2790,.F.);
#3609=ORIENTED_EDGE('',*,*,#2784,.F.);
#3610=ORIENTED_EDGE('',*,*,#2797,.T.);
#3611=ORIENTED_EDGE('',*,*,#2798,.T.);
#3612=ORIENTED_EDGE('',*,*,#2799,.T.);
#3613=ORIENTED_EDGE('',*,*,#2794,.T.);
#3614=ORIENTED_EDGE('',*,*,#2793,.F.);
#3615=ORIENTED_EDGE('',*,*,#2800,.F.);
#3616=ORIENTED_EDGE('',*,*,#2801,.T.);
#3617=ORIENTED_EDGE('',*,*,#2802,.T.);
#3618=ORIENTED_EDGE('',*,*,#2788,.F.);
#3619=ORIENTED_EDGE('',*,*,#2792,.F.);
#3620=ORIENTED_EDGE('',*,*,#2803,.F.);
#3621=ORIENTED_EDGE('',*,*,#2804,.T.);
#3622=ORIENTED_EDGE('',*,*,#2800,.T.);
#3623=ORIENTED_EDGE('',*,*,#2791,.F.);
#3624=ORIENTED_EDGE('',*,*,#2796,.T.);
#3625=ORIENTED_EDGE('',*,*,#2805,.T.);
#3626=ORIENTED_EDGE('',*,*,#2803,.T.);
#3627=ORIENTED_EDGE('',*,*,#2776,.F.);
#3628=ORIENTED_EDGE('',*,*,#2789,.F.);
#3629=ORIENTED_EDGE('',*,*,#2802,.F.);
#3630=ORIENTED_EDGE('',*,*,#2806,.T.);
#3631=ORIENTED_EDGE('',*,*,#2798,.F.);
#3632=ORIENTED_EDGE('',*,*,#2807,.F.);
#3633=ORIENTED_EDGE('',*,*,#2777,.F.);
#3634=ORIENTED_EDGE('',*,*,#2807,.T.);
#3635=ORIENTED_EDGE('',*,*,#2797,.F.);
#3636=ORIENTED_EDGE('',*,*,#2783,.F.);
#3637=ORIENTED_EDGE('',*,*,#2786,.F.);
#3638=ORIENTED_EDGE('',*,*,#2799,.F.);
#3639=ORIENTED_EDGE('',*,*,#2806,.F.);
#3640=ORIENTED_EDGE('',*,*,#2801,.F.);
#3641=ORIENTED_EDGE('',*,*,#2804,.F.);
#3642=ORIENTED_EDGE('',*,*,#2805,.F.);
#3643=ORIENTED_EDGE('',*,*,#2795,.F.);
#3644=ORIENTED_EDGE('',*,*,#2808,.T.);
#3645=ORIENTED_EDGE('',*,*,#2809,.T.);
#3646=ORIENTED_EDGE('',*,*,#2810,.T.);
#3647=ORIENTED_EDGE('',*,*,#2811,.T.);
#3648=ORIENTED_EDGE('',*,*,#2809,.F.);
#3649=ORIENTED_EDGE('',*,*,#2812,.F.);
#3650=ORIENTED_EDGE('',*,*,#2813,.F.);
#3651=ORIENTED_EDGE('',*,*,#2814,.F.);
#3652=ORIENTED_EDGE('',*,*,#2808,.F.);
#3653=ORIENTED_EDGE('',*,*,#2815,.T.);
#3654=ORIENTED_EDGE('',*,*,#2816,.F.);
#3655=ORIENTED_EDGE('',*,*,#2817,.T.);
#3656=ORIENTED_EDGE('',*,*,#2812,.T.);
#3657=ORIENTED_EDGE('',*,*,#2817,.F.);
#3658=ORIENTED_EDGE('',*,*,#2818,.F.);
#3659=ORIENTED_EDGE('',*,*,#2813,.T.);
#3660=ORIENTED_EDGE('',*,*,#2811,.F.);
#3661=ORIENTED_EDGE('',*,*,#2819,.F.);
#3662=ORIENTED_EDGE('',*,*,#2815,.F.);
#3663=ORIENTED_EDGE('',*,*,#2810,.F.);
#3664=ORIENTED_EDGE('',*,*,#2814,.T.);
#3665=ORIENTED_EDGE('',*,*,#2818,.T.);
#3666=ORIENTED_EDGE('',*,*,#2816,.T.);
#3667=ORIENTED_EDGE('',*,*,#2819,.T.);
#3668=ORIENTED_EDGE('',*,*,#2820,.T.);
#3669=ORIENTED_EDGE('',*,*,#2821,.T.);
#3670=ORIENTED_EDGE('',*,*,#2822,.T.);
#3671=ORIENTED_EDGE('',*,*,#2823,.T.);
#3672=ORIENTED_EDGE('',*,*,#2824,.T.);
#3673=ORIENTED_EDGE('',*,*,#2820,.F.);
#3674=ORIENTED_EDGE('',*,*,#2825,.F.);
#3675=ORIENTED_EDGE('',*,*,#2826,.T.);
#3676=ORIENTED_EDGE('',*,*,#2827,.T.);
#3677=ORIENTED_EDGE('',*,*,#2828,.T.);
#3678=ORIENTED_EDGE('',*,*,#2824,.F.);
#3679=ORIENTED_EDGE('',*,*,#2829,.T.);
#3680=ORIENTED_EDGE('',*,*,#2825,.T.);
#3681=ORIENTED_EDGE('',*,*,#2826,.F.);
#3682=ORIENTED_EDGE('',*,*,#2829,.F.);
#3683=ORIENTED_EDGE('',*,*,#2823,.F.);
#3684=ORIENTED_EDGE('',*,*,#2830,.F.);
#3685=ORIENTED_EDGE('',*,*,#2831,.F.);
#3686=ORIENTED_EDGE('',*,*,#2822,.F.);
#3687=ORIENTED_EDGE('',*,*,#2832,.F.);
#3688=ORIENTED_EDGE('',*,*,#2833,.F.);
#3689=ORIENTED_EDGE('',*,*,#2830,.T.);
#3690=ORIENTED_EDGE('',*,*,#2831,.T.);
#3691=ORIENTED_EDGE('',*,*,#2833,.T.);
#3692=ORIENTED_EDGE('',*,*,#2834,.F.);
#3693=ORIENTED_EDGE('',*,*,#2827,.F.);
#3694=ORIENTED_EDGE('',*,*,#2821,.F.);
#3695=ORIENTED_EDGE('',*,*,#2828,.F.);
#3696=ORIENTED_EDGE('',*,*,#2834,.T.);
#3697=ORIENTED_EDGE('',*,*,#2832,.T.);
#3698=ORIENTED_EDGE('',*,*,#2835,.F.);
#3699=ORIENTED_EDGE('',*,*,#2836,.F.);
#3700=ORIENTED_EDGE('',*,*,#2837,.F.);
#3701=ORIENTED_EDGE('',*,*,#2838,.F.);
#3702=ORIENTED_EDGE('',*,*,#2839,.F.);
#3703=ORIENTED_EDGE('',*,*,#2840,.F.);
#3704=ORIENTED_EDGE('',*,*,#2838,.T.);
#3705=ORIENTED_EDGE('',*,*,#2841,.T.);
#3706=ORIENTED_EDGE('',*,*,#2842,.F.);
#3707=ORIENTED_EDGE('',*,*,#2843,.F.);
#3708=ORIENTED_EDGE('',*,*,#2837,.T.);
#3709=ORIENTED_EDGE('',*,*,#2844,.T.);
#3710=ORIENTED_EDGE('',*,*,#2845,.F.);
#3711=ORIENTED_EDGE('',*,*,#2841,.F.);
#3712=ORIENTED_EDGE('',*,*,#2836,.T.);
#3713=ORIENTED_EDGE('',*,*,#2846,.T.);
#3714=ORIENTED_EDGE('',*,*,#2847,.F.);
#3715=ORIENTED_EDGE('',*,*,#2844,.F.);
#3716=ORIENTED_EDGE('',*,*,#2839,.T.);
#3717=ORIENTED_EDGE('',*,*,#2843,.T.);
#3718=ORIENTED_EDGE('',*,*,#2848,.F.);
#3719=ORIENTED_EDGE('',*,*,#2849,.F.);
#3720=ORIENTED_EDGE('',*,*,#2840,.T.);
#3721=ORIENTED_EDGE('',*,*,#2849,.T.);
#3722=ORIENTED_EDGE('',*,*,#2850,.F.);
#3723=ORIENTED_EDGE('',*,*,#2851,.F.);
#3724=ORIENTED_EDGE('',*,*,#2835,.T.);
#3725=ORIENTED_EDGE('',*,*,#2851,.T.);
#3726=ORIENTED_EDGE('',*,*,#2852,.F.);
#3727=ORIENTED_EDGE('',*,*,#2846,.F.);
#3728=ORIENTED_EDGE('',*,*,#2853,.F.);
#3729=ORIENTED_EDGE('',*,*,#2854,.T.);
#3730=ORIENTED_EDGE('',*,*,#2855,.F.);
#3731=ORIENTED_EDGE('',*,*,#2856,.F.);
#3732=ORIENTED_EDGE('',*,*,#2857,.F.);
#3733=ORIENTED_EDGE('',*,*,#2856,.T.);
#3734=ORIENTED_EDGE('',*,*,#2858,.F.);
#3735=ORIENTED_EDGE('',*,*,#2859,.F.);
#3736=ORIENTED_EDGE('',*,*,#2860,.F.);
#3737=ORIENTED_EDGE('',*,*,#2859,.T.);
#3738=ORIENTED_EDGE('',*,*,#2861,.F.);
#3739=ORIENTED_EDGE('',*,*,#2862,.F.);
#3740=ORIENTED_EDGE('',*,*,#2863,.F.);
#3741=ORIENTED_EDGE('',*,*,#2862,.T.);
#3742=ORIENTED_EDGE('',*,*,#2864,.F.);
#3743=ORIENTED_EDGE('',*,*,#2865,.F.);
#3744=ORIENTED_EDGE('',*,*,#2866,.F.);
#3745=ORIENTED_EDGE('',*,*,#2865,.T.);
#3746=ORIENTED_EDGE('',*,*,#2867,.F.);
#3747=ORIENTED_EDGE('',*,*,#2868,.F.);
#3748=ORIENTED_EDGE('',*,*,#2869,.F.);
#3749=ORIENTED_EDGE('',*,*,#2868,.T.);
#3750=ORIENTED_EDGE('',*,*,#2870,.F.);
#3751=ORIENTED_EDGE('',*,*,#2854,.F.);
#3752=ORIENTED_EDGE('',*,*,#2870,.T.);
#3753=ORIENTED_EDGE('',*,*,#2867,.T.);
#3754=ORIENTED_EDGE('',*,*,#2864,.T.);
#3755=ORIENTED_EDGE('',*,*,#2861,.T.);
#3756=ORIENTED_EDGE('',*,*,#2858,.T.);
#3757=ORIENTED_EDGE('',*,*,#2855,.T.);
#3758=ORIENTED_EDGE('',*,*,#2852,.T.);
#3759=ORIENTED_EDGE('',*,*,#2850,.T.);
#3760=ORIENTED_EDGE('',*,*,#2848,.T.);
#3761=ORIENTED_EDGE('',*,*,#2842,.T.);
#3762=ORIENTED_EDGE('',*,*,#2845,.T.);
#3763=ORIENTED_EDGE('',*,*,#2847,.T.);
#3764=ORIENTED_EDGE('',*,*,#2869,.T.);
#3765=ORIENTED_EDGE('',*,*,#2853,.T.);
#3766=ORIENTED_EDGE('',*,*,#2857,.T.);
#3767=ORIENTED_EDGE('',*,*,#2860,.T.);
#3768=ORIENTED_EDGE('',*,*,#2863,.T.);
#3769=ORIENTED_EDGE('',*,*,#2866,.T.);
#3770=ORIENTED_EDGE('',*,*,#2871,.F.);
#3771=ORIENTED_EDGE('',*,*,#2872,.T.);
#3772=ORIENTED_EDGE('',*,*,#2873,.T.);
#3773=ORIENTED_EDGE('',*,*,#2872,.F.);
#3774=ORIENTED_EDGE('',*,*,#2871,.T.);
#3775=ORIENTED_EDGE('',*,*,#2873,.F.);
#3776=ORIENTED_EDGE('',*,*,#2874,.F.);
#3777=ORIENTED_EDGE('',*,*,#2875,.F.);
#3778=ORIENTED_EDGE('',*,*,#2876,.T.);
#3779=ORIENTED_EDGE('',*,*,#2877,.F.);
#3780=ORIENTED_EDGE('',*,*,#2878,.F.);
#3781=ORIENTED_EDGE('',*,*,#2879,.F.);
#3782=ORIENTED_EDGE('',*,*,#2880,.F.);
#3783=ORIENTED_EDGE('',*,*,#2875,.T.);
#3784=ORIENTED_EDGE('',*,*,#2876,.F.);
#3785=ORIENTED_EDGE('',*,*,#2880,.T.);
#3786=ORIENTED_EDGE('',*,*,#2881,.F.);
#3787=ORIENTED_EDGE('',*,*,#2882,.F.);
#3788=ORIENTED_EDGE('',*,*,#2883,.F.);
#3789=ORIENTED_EDGE('',*,*,#2877,.T.);
#3790=ORIENTED_EDGE('',*,*,#2882,.T.);
#3791=ORIENTED_EDGE('',*,*,#2884,.F.);
#3792=ORIENTED_EDGE('',*,*,#2885,.F.);
#3793=ORIENTED_EDGE('',*,*,#2884,.T.);
#3794=ORIENTED_EDGE('',*,*,#2881,.T.);
#3795=ORIENTED_EDGE('',*,*,#2879,.T.);
#3796=ORIENTED_EDGE('',*,*,#2886,.F.);
#3797=ORIENTED_EDGE('',*,*,#2887,.T.);
#3798=ORIENTED_EDGE('',*,*,#2888,.T.);
#3799=ORIENTED_EDGE('',*,*,#2889,.T.);
#3800=ORIENTED_EDGE('',*,*,#2890,.F.);
#3801=ORIENTED_EDGE('',*,*,#2891,.F.);
#3802=ORIENTED_EDGE('',*,*,#2892,.T.);
#3803=ORIENTED_EDGE('',*,*,#2887,.F.);
#3804=ORIENTED_EDGE('',*,*,#2893,.F.);
#3805=ORIENTED_EDGE('',*,*,#2889,.F.);
#3806=ORIENTED_EDGE('',*,*,#2894,.F.);
#3807=ORIENTED_EDGE('',*,*,#2895,.F.);
#3808=ORIENTED_EDGE('',*,*,#2896,.F.);
#3809=ORIENTED_EDGE('',*,*,#2894,.T.);
#3810=ORIENTED_EDGE('',*,*,#2888,.F.);
#3811=ORIENTED_EDGE('',*,*,#2892,.F.);
#3812=ORIENTED_EDGE('',*,*,#2897,.F.);
#3813=ORIENTED_EDGE('',*,*,#2898,.F.);
#3814=ORIENTED_EDGE('',*,*,#2895,.T.);
#3815=ORIENTED_EDGE('',*,*,#2896,.T.);
#3816=ORIENTED_EDGE('',*,*,#2897,.T.);
#3817=ORIENTED_EDGE('',*,*,#2891,.T.);
#3818=ORIENTED_EDGE('',*,*,#2899,.T.);
#3819=ORIENTED_EDGE('',*,*,#2900,.T.);
#3820=ORIENTED_EDGE('',*,*,#2901,.T.);
#3821=ORIENTED_EDGE('',*,*,#2902,.T.);
#3822=ORIENTED_EDGE('',*,*,#2902,.F.);
#3823=ORIENTED_EDGE('',*,*,#2903,.F.);
#3824=ORIENTED_EDGE('',*,*,#2904,.F.);
#3825=ORIENTED_EDGE('',*,*,#2905,.F.);
#3826=ORIENTED_EDGE('',*,*,#2901,.F.);
#3827=ORIENTED_EDGE('',*,*,#2906,.T.);
#3828=ORIENTED_EDGE('',*,*,#2907,.F.);
#3829=ORIENTED_EDGE('',*,*,#2908,.T.);
#3830=ORIENTED_EDGE('',*,*,#2909,.F.);
#3831=ORIENTED_EDGE('',*,*,#2910,.T.);
#3832=ORIENTED_EDGE('',*,*,#2911,.F.);
#3833=ORIENTED_EDGE('',*,*,#2903,.T.);
#3834=ORIENTED_EDGE('',*,*,#2912,.F.);
#3835=ORIENTED_EDGE('',*,*,#2913,.F.);
#3836=ORIENTED_EDGE('',*,*,#2914,.F.);
#3837=ORIENTED_EDGE('',*,*,#2915,.F.);
#3838=ORIENTED_EDGE('',*,*,#2916,.F.);
#3839=ORIENTED_EDGE('',*,*,#2917,.F.);
#3840=ORIENTED_EDGE('',*,*,#2918,.F.);
#3841=ORIENTED_EDGE('',*,*,#2919,.F.);
#3842=ORIENTED_EDGE('',*,*,#2920,.F.);
#3843=ORIENTED_EDGE('',*,*,#2921,.F.);
#3844=ORIENTED_EDGE('',*,*,#2922,.F.);
#3845=ORIENTED_EDGE('',*,*,#2923,.F.);
#3846=ORIENTED_EDGE('',*,*,#2924,.F.);
#3847=ORIENTED_EDGE('',*,*,#2925,.F.);
#3848=ORIENTED_EDGE('',*,*,#2926,.F.);
#3849=ORIENTED_EDGE('',*,*,#2927,.F.);
#3850=ORIENTED_EDGE('',*,*,#2928,.F.);
#3851=ORIENTED_EDGE('',*,*,#2929,.F.);
#3852=ORIENTED_EDGE('',*,*,#2930,.F.);
#3853=ORIENTED_EDGE('',*,*,#2931,.F.);
#3854=ORIENTED_EDGE('',*,*,#2932,.F.);
#3855=ORIENTED_EDGE('',*,*,#2933,.F.);
#3856=ORIENTED_EDGE('',*,*,#2934,.F.);
#3857=ORIENTED_EDGE('',*,*,#2935,.F.);
#3858=ORIENTED_EDGE('',*,*,#2936,.T.);
#3859=ORIENTED_EDGE('',*,*,#2904,.T.);
#3860=ORIENTED_EDGE('',*,*,#2911,.T.);
#3861=ORIENTED_EDGE('',*,*,#2937,.T.);
#3862=ORIENTED_EDGE('',*,*,#2937,.F.);
#3863=ORIENTED_EDGE('',*,*,#2910,.F.);
#3864=ORIENTED_EDGE('',*,*,#2938,.F.);
#3865=ORIENTED_EDGE('',*,*,#2939,.F.);
#3866=ORIENTED_EDGE('',*,*,#2940,.T.);
#3867=ORIENTED_EDGE('',*,*,#2938,.T.);
#3868=ORIENTED_EDGE('',*,*,#2909,.T.);
#3869=ORIENTED_EDGE('',*,*,#2941,.T.);
#3870=ORIENTED_EDGE('',*,*,#2941,.F.);
#3871=ORIENTED_EDGE('',*,*,#2908,.F.);
#3872=ORIENTED_EDGE('',*,*,#2942,.F.);
#3873=ORIENTED_EDGE('',*,*,#2943,.F.);
#3874=ORIENTED_EDGE('',*,*,#2944,.T.);
#3875=ORIENTED_EDGE('',*,*,#2942,.T.);
#3876=ORIENTED_EDGE('',*,*,#2907,.T.);
#3877=ORIENTED_EDGE('',*,*,#2945,.T.);
#3878=ORIENTED_EDGE('',*,*,#2913,.T.);
#3879=ORIENTED_EDGE('',*,*,#2946,.T.);
#3880=ORIENTED_EDGE('',*,*,#2947,.F.);
#3881=ORIENTED_EDGE('',*,*,#2948,.F.);
#3882=ORIENTED_EDGE('',*,*,#2914,.T.);
#3883=ORIENTED_EDGE('',*,*,#2948,.T.);
#3884=ORIENTED_EDGE('',*,*,#2949,.F.);
#3885=ORIENTED_EDGE('',*,*,#2950,.F.);
#3886=ORIENTED_EDGE('',*,*,#2915,.T.);
#3887=ORIENTED_EDGE('',*,*,#2950,.T.);
#3888=ORIENTED_EDGE('',*,*,#2951,.F.);
#3889=ORIENTED_EDGE('',*,*,#2952,.F.);
#3890=ORIENTED_EDGE('',*,*,#2916,.T.);
#3891=ORIENTED_EDGE('',*,*,#2952,.T.);
#3892=ORIENTED_EDGE('',*,*,#2953,.F.);
#3893=ORIENTED_EDGE('',*,*,#2954,.F.);
#3894=ORIENTED_EDGE('',*,*,#2917,.T.);
#3895=ORIENTED_EDGE('',*,*,#2954,.T.);
#3896=ORIENTED_EDGE('',*,*,#2955,.F.);
#3897=ORIENTED_EDGE('',*,*,#2956,.F.);
#3898=ORIENTED_EDGE('',*,*,#2918,.T.);
#3899=ORIENTED_EDGE('',*,*,#2956,.T.);
#3900=ORIENTED_EDGE('',*,*,#2957,.F.);
#3901=ORIENTED_EDGE('',*,*,#2958,.F.);
#3902=ORIENTED_EDGE('',*,*,#2878,.T.);
#3903=ORIENTED_EDGE('',*,*,#2874,.T.);
#3904=ORIENTED_EDGE('',*,*,#2883,.T.);
#3905=ORIENTED_EDGE('',*,*,#2885,.T.);
#3906=ORIENTED_EDGE('',*,*,#2919,.T.);
#3907=ORIENTED_EDGE('',*,*,#2958,.T.);
#3908=ORIENTED_EDGE('',*,*,#2959,.F.);
#3909=ORIENTED_EDGE('',*,*,#2960,.F.);
#3910=ORIENTED_EDGE('',*,*,#2920,.T.);
#3911=ORIENTED_EDGE('',*,*,#2960,.T.);
#3912=ORIENTED_EDGE('',*,*,#2961,.F.);
#3913=ORIENTED_EDGE('',*,*,#2962,.F.);
#3914=ORIENTED_EDGE('',*,*,#2921,.T.);
#3915=ORIENTED_EDGE('',*,*,#2962,.T.);
#3916=ORIENTED_EDGE('',*,*,#2963,.F.);
#3917=ORIENTED_EDGE('',*,*,#2964,.F.);
#3918=ORIENTED_EDGE('',*,*,#2922,.T.);
#3919=ORIENTED_EDGE('',*,*,#2964,.T.);
#3920=ORIENTED_EDGE('',*,*,#2965,.F.);
#3921=ORIENTED_EDGE('',*,*,#2966,.F.);
#3922=ORIENTED_EDGE('',*,*,#2923,.T.);
#3923=ORIENTED_EDGE('',*,*,#2966,.T.);
#3924=ORIENTED_EDGE('',*,*,#2967,.F.);
#3925=ORIENTED_EDGE('',*,*,#2968,.F.);
#3926=ORIENTED_EDGE('',*,*,#2924,.T.);
#3927=ORIENTED_EDGE('',*,*,#2968,.T.);
#3928=ORIENTED_EDGE('',*,*,#2969,.F.);
#3929=ORIENTED_EDGE('',*,*,#2970,.F.);
#3930=ORIENTED_EDGE('',*,*,#2925,.T.);
#3931=ORIENTED_EDGE('',*,*,#2970,.T.);
#3932=ORIENTED_EDGE('',*,*,#2971,.F.);
#3933=ORIENTED_EDGE('',*,*,#2972,.F.);
#3934=ORIENTED_EDGE('',*,*,#2926,.T.);
#3935=ORIENTED_EDGE('',*,*,#2972,.T.);
#3936=ORIENTED_EDGE('',*,*,#2973,.F.);
#3937=ORIENTED_EDGE('',*,*,#2974,.F.);
#3938=ORIENTED_EDGE('',*,*,#2927,.T.);
#3939=ORIENTED_EDGE('',*,*,#2974,.T.);
#3940=ORIENTED_EDGE('',*,*,#2975,.F.);
#3941=ORIENTED_EDGE('',*,*,#2976,.F.);
#3942=ORIENTED_EDGE('',*,*,#2928,.T.);
#3943=ORIENTED_EDGE('',*,*,#2976,.T.);
#3944=ORIENTED_EDGE('',*,*,#2977,.F.);
#3945=ORIENTED_EDGE('',*,*,#2978,.F.);
#3946=ORIENTED_EDGE('',*,*,#2929,.T.);
#3947=ORIENTED_EDGE('',*,*,#2978,.T.);
#3948=ORIENTED_EDGE('',*,*,#2979,.F.);
#3949=ORIENTED_EDGE('',*,*,#2980,.F.);
#3950=ORIENTED_EDGE('',*,*,#2930,.T.);
#3951=ORIENTED_EDGE('',*,*,#2980,.T.);
#3952=ORIENTED_EDGE('',*,*,#2981,.F.);
#3953=ORIENTED_EDGE('',*,*,#2982,.F.);
#3954=ORIENTED_EDGE('',*,*,#2890,.T.);
#3955=ORIENTED_EDGE('',*,*,#2886,.T.);
#3956=ORIENTED_EDGE('',*,*,#2893,.T.);
#3957=ORIENTED_EDGE('',*,*,#2898,.T.);
#3958=ORIENTED_EDGE('',*,*,#2931,.T.);
#3959=ORIENTED_EDGE('',*,*,#2982,.T.);
#3960=ORIENTED_EDGE('',*,*,#2983,.F.);
#3961=ORIENTED_EDGE('',*,*,#2984,.F.);
#3962=ORIENTED_EDGE('',*,*,#2932,.T.);
#3963=ORIENTED_EDGE('',*,*,#2984,.T.);
#3964=ORIENTED_EDGE('',*,*,#2985,.F.);
#3965=ORIENTED_EDGE('',*,*,#2986,.F.);
#3966=ORIENTED_EDGE('',*,*,#2933,.T.);
#3967=ORIENTED_EDGE('',*,*,#2986,.T.);
#3968=ORIENTED_EDGE('',*,*,#2987,.F.);
#3969=ORIENTED_EDGE('',*,*,#2988,.F.);
#3970=ORIENTED_EDGE('',*,*,#2934,.T.);
#3971=ORIENTED_EDGE('',*,*,#2988,.T.);
#3972=ORIENTED_EDGE('',*,*,#2989,.F.);
#3973=ORIENTED_EDGE('',*,*,#2990,.F.);
#3974=ORIENTED_EDGE('',*,*,#2935,.T.);
#3975=ORIENTED_EDGE('',*,*,#2990,.T.);
#3976=ORIENTED_EDGE('',*,*,#2991,.F.);
#3977=ORIENTED_EDGE('',*,*,#2992,.F.);
#3978=ORIENTED_EDGE('',*,*,#2912,.T.);
#3979=ORIENTED_EDGE('',*,*,#2992,.T.);
#3980=ORIENTED_EDGE('',*,*,#2993,.F.);
#3981=ORIENTED_EDGE('',*,*,#2946,.F.);
#3982=ORIENTED_EDGE('',*,*,#2900,.F.);
#3983=ORIENTED_EDGE('',*,*,#2994,.F.);
#3984=ORIENTED_EDGE('',*,*,#2945,.F.);
#3985=ORIENTED_EDGE('',*,*,#2906,.F.);
#3986=ORIENTED_EDGE('',*,*,#2899,.F.);
#3987=ORIENTED_EDGE('',*,*,#2905,.T.);
#3988=ORIENTED_EDGE('',*,*,#2936,.F.);
#3989=ORIENTED_EDGE('',*,*,#2939,.T.);
#3990=ORIENTED_EDGE('',*,*,#2940,.F.);
#3991=ORIENTED_EDGE('',*,*,#2943,.T.);
#3992=ORIENTED_EDGE('',*,*,#2944,.F.);
#3993=ORIENTED_EDGE('',*,*,#2994,.T.);
#3994=ORIENTED_EDGE('',*,*,#2993,.T.);
#3995=ORIENTED_EDGE('',*,*,#2991,.T.);
#3996=ORIENTED_EDGE('',*,*,#2989,.T.);
#3997=ORIENTED_EDGE('',*,*,#2987,.T.);
#3998=ORIENTED_EDGE('',*,*,#2985,.T.);
#3999=ORIENTED_EDGE('',*,*,#2983,.T.);
#4000=ORIENTED_EDGE('',*,*,#2981,.T.);
#4001=ORIENTED_EDGE('',*,*,#2979,.T.);
#4002=ORIENTED_EDGE('',*,*,#2977,.T.);
#4003=ORIENTED_EDGE('',*,*,#2975,.T.);
#4004=ORIENTED_EDGE('',*,*,#2973,.T.);
#4005=ORIENTED_EDGE('',*,*,#2971,.T.);
#4006=ORIENTED_EDGE('',*,*,#2969,.T.);
#4007=ORIENTED_EDGE('',*,*,#2967,.T.);
#4008=ORIENTED_EDGE('',*,*,#2965,.T.);
#4009=ORIENTED_EDGE('',*,*,#2963,.T.);
#4010=ORIENTED_EDGE('',*,*,#2961,.T.);
#4011=ORIENTED_EDGE('',*,*,#2959,.T.);
#4012=ORIENTED_EDGE('',*,*,#2957,.T.);
#4013=ORIENTED_EDGE('',*,*,#2955,.T.);
#4014=ORIENTED_EDGE('',*,*,#2953,.T.);
#4015=ORIENTED_EDGE('',*,*,#2951,.T.);
#4016=ORIENTED_EDGE('',*,*,#2949,.T.);
#4017=ORIENTED_EDGE('',*,*,#2947,.T.);
#4018=ORIENTED_EDGE('',*,*,#2995,.F.);
#4019=ORIENTED_EDGE('',*,*,#2996,.T.);
#4020=ORIENTED_EDGE('',*,*,#2997,.T.);
#4021=ORIENTED_EDGE('',*,*,#2998,.T.);
#4022=ORIENTED_EDGE('',*,*,#2999,.T.);
#4023=ORIENTED_EDGE('',*,*,#3000,.T.);
#4024=ORIENTED_EDGE('',*,*,#2996,.F.);
#4025=ORIENTED_EDGE('',*,*,#3000,.F.);
#4026=ORIENTED_EDGE('',*,*,#2999,.F.);
#4027=ORIENTED_EDGE('',*,*,#2998,.F.);
#4028=ORIENTED_EDGE('',*,*,#2997,.F.);
#4029=ORIENTED_EDGE('',*,*,#3001,.T.);
#4030=ORIENTED_EDGE('',*,*,#2995,.T.);
#4031=ORIENTED_EDGE('',*,*,#3001,.F.);
#4032=ORIENTED_EDGE('',*,*,#3002,.F.);
#4033=ORIENTED_EDGE('',*,*,#3003,.F.);
#4034=ORIENTED_EDGE('',*,*,#3004,.F.);
#4035=ORIENTED_EDGE('',*,*,#3005,.F.);
#4036=ORIENTED_EDGE('',*,*,#3006,.F.);
#4037=ORIENTED_EDGE('',*,*,#3007,.T.);
#4038=ORIENTED_EDGE('',*,*,#3008,.F.);
#4039=ORIENTED_EDGE('',*,*,#3007,.F.);
#4040=ORIENTED_EDGE('',*,*,#3002,.T.);
#4041=ORIENTED_EDGE('',*,*,#3009,.F.);
#4042=ORIENTED_EDGE('',*,*,#3004,.T.);
#4043=ORIENTED_EDGE('',*,*,#3010,.F.);
#4044=ORIENTED_EDGE('',*,*,#3009,.T.);
#4045=ORIENTED_EDGE('',*,*,#3005,.T.);
#4046=ORIENTED_EDGE('',*,*,#3008,.T.);
#4047=ORIENTED_EDGE('',*,*,#3003,.T.);
#4048=ORIENTED_EDGE('',*,*,#3010,.T.);
#4049=ORIENTED_EDGE('',*,*,#3006,.T.);
#4050=ORIENTED_EDGE('',*,*,#3011,.T.);
#4051=ORIENTED_EDGE('',*,*,#3012,.T.);
#4052=ORIENTED_EDGE('',*,*,#3013,.T.);
#4053=ORIENTED_EDGE('',*,*,#3014,.T.);
#4054=ORIENTED_EDGE('',*,*,#3015,.T.);
#4055=ORIENTED_EDGE('',*,*,#3016,.T.);
#4056=ORIENTED_EDGE('',*,*,#3017,.T.);
#4057=ORIENTED_EDGE('',*,*,#3018,.T.);
#4058=ORIENTED_EDGE('',*,*,#3011,.F.);
#4059=ORIENTED_EDGE('',*,*,#3019,.T.);
#4060=ORIENTED_EDGE('',*,*,#3020,.F.);
#4061=ORIENTED_EDGE('',*,*,#3018,.F.);
#4062=ORIENTED_EDGE('',*,*,#3021,.F.);
#4063=ORIENTED_EDGE('',*,*,#3014,.F.);
#4064=ORIENTED_EDGE('',*,*,#3022,.T.);
#4065=ORIENTED_EDGE('',*,*,#3023,.F.);
#4066=ORIENTED_EDGE('',*,*,#3019,.F.);
#4067=ORIENTED_EDGE('',*,*,#3013,.F.);
#4068=ORIENTED_EDGE('',*,*,#3024,.T.);
#4069=ORIENTED_EDGE('',*,*,#3016,.F.);
#4070=ORIENTED_EDGE('',*,*,#3025,.F.);
#4071=ORIENTED_EDGE('',*,*,#3022,.F.);
#4072=ORIENTED_EDGE('',*,*,#3012,.F.);
#4073=ORIENTED_EDGE('',*,*,#3021,.T.);
#4074=ORIENTED_EDGE('',*,*,#3017,.F.);
#4075=ORIENTED_EDGE('',*,*,#3024,.F.);
#4076=ORIENTED_EDGE('',*,*,#3015,.F.);
#4077=ORIENTED_EDGE('',*,*,#3020,.T.);
#4078=ORIENTED_EDGE('',*,*,#3023,.T.);
#4079=ORIENTED_EDGE('',*,*,#3025,.T.);
#4080=ORIENTED_EDGE('',*,*,#3026,.F.);
#4081=ORIENTED_EDGE('',*,*,#3027,.F.);
#4082=ORIENTED_EDGE('',*,*,#3028,.F.);
#4083=ORIENTED_EDGE('',*,*,#3029,.F.);
#4084=ORIENTED_EDGE('',*,*,#3028,.T.);
#4085=ORIENTED_EDGE('',*,*,#3030,.T.);
#4086=ORIENTED_EDGE('',*,*,#3031,.F.);
#4087=ORIENTED_EDGE('',*,*,#3032,.F.);
#4088=ORIENTED_EDGE('',*,*,#3027,.T.);
#4089=ORIENTED_EDGE('',*,*,#3033,.T.);
#4090=ORIENTED_EDGE('',*,*,#3034,.F.);
#4091=ORIENTED_EDGE('',*,*,#3030,.F.);
#4092=ORIENTED_EDGE('',*,*,#3029,.T.);
#4093=ORIENTED_EDGE('',*,*,#3032,.T.);
#4094=ORIENTED_EDGE('',*,*,#3035,.F.);
#4095=ORIENTED_EDGE('',*,*,#3036,.F.);
#4096=ORIENTED_EDGE('',*,*,#3026,.T.);
#4097=ORIENTED_EDGE('',*,*,#3036,.T.);
#4098=ORIENTED_EDGE('',*,*,#3037,.F.);
#4099=ORIENTED_EDGE('',*,*,#3033,.F.);
#4100=ORIENTED_EDGE('',*,*,#3038,.T.);
#4101=ORIENTED_EDGE('',*,*,#3039,.T.);
#4102=ORIENTED_EDGE('',*,*,#3040,.F.);
#4103=ORIENTED_EDGE('',*,*,#3041,.F.);
#4104=ORIENTED_EDGE('',*,*,#3042,.T.);
#4105=ORIENTED_EDGE('',*,*,#3041,.T.);
#4106=ORIENTED_EDGE('',*,*,#3043,.F.);
#4107=ORIENTED_EDGE('',*,*,#3044,.F.);
#4108=ORIENTED_EDGE('',*,*,#3045,.T.);
#4109=ORIENTED_EDGE('',*,*,#3044,.T.);
#4110=ORIENTED_EDGE('',*,*,#3046,.F.);
#4111=ORIENTED_EDGE('',*,*,#3047,.F.);
#4112=ORIENTED_EDGE('',*,*,#3048,.T.);
#4113=ORIENTED_EDGE('',*,*,#3047,.T.);
#4114=ORIENTED_EDGE('',*,*,#3049,.F.);
#4115=ORIENTED_EDGE('',*,*,#3039,.F.);
#4116=ORIENTED_EDGE('',*,*,#3049,.T.);
#4117=ORIENTED_EDGE('',*,*,#3046,.T.);
#4118=ORIENTED_EDGE('',*,*,#3043,.T.);
#4119=ORIENTED_EDGE('',*,*,#3040,.T.);
#4120=ORIENTED_EDGE('',*,*,#3037,.T.);
#4121=ORIENTED_EDGE('',*,*,#3035,.T.);
#4122=ORIENTED_EDGE('',*,*,#3031,.T.);
#4123=ORIENTED_EDGE('',*,*,#3034,.T.);
#4124=ORIENTED_EDGE('',*,*,#3048,.F.);
#4125=ORIENTED_EDGE('',*,*,#3038,.F.);
#4126=ORIENTED_EDGE('',*,*,#3042,.F.);
#4127=ORIENTED_EDGE('',*,*,#3045,.F.);
#4128=ORIENTED_EDGE('',*,*,#3050,.T.);
#4129=ORIENTED_EDGE('',*,*,#3051,.T.);
#4130=ORIENTED_EDGE('',*,*,#3052,.T.);
#4131=ORIENTED_EDGE('',*,*,#3053,.T.);
#4132=ORIENTED_EDGE('',*,*,#3054,.T.);
#4133=ORIENTED_EDGE('',*,*,#3055,.T.);
#4134=ORIENTED_EDGE('',*,*,#3056,.T.);
#4135=ORIENTED_EDGE('',*,*,#3057,.T.);
#4136=ORIENTED_EDGE('',*,*,#3058,.T.);
#4137=ORIENTED_EDGE('',*,*,#3059,.T.);
#4138=ORIENTED_EDGE('',*,*,#3060,.T.);
#4139=ORIENTED_EDGE('',*,*,#3061,.T.);
#4140=ORIENTED_EDGE('',*,*,#3062,.T.);
#4141=ORIENTED_EDGE('',*,*,#3063,.T.);
#4142=ORIENTED_EDGE('',*,*,#3064,.T.);
#4143=ORIENTED_EDGE('',*,*,#3065,.T.);
#4144=ORIENTED_EDGE('',*,*,#3066,.F.);
#4145=ORIENTED_EDGE('',*,*,#3067,.T.);
#4146=ORIENTED_EDGE('',*,*,#3063,.F.);
#4147=ORIENTED_EDGE('',*,*,#3068,.F.);
#4148=ORIENTED_EDGE('',*,*,#3069,.F.);
#4149=ORIENTED_EDGE('',*,*,#3068,.T.);
#4150=ORIENTED_EDGE('',*,*,#3062,.F.);
#4151=ORIENTED_EDGE('',*,*,#3070,.F.);
#4152=ORIENTED_EDGE('',*,*,#3071,.T.);
#4153=ORIENTED_EDGE('',*,*,#3072,.T.);
#4154=ORIENTED_EDGE('',*,*,#3066,.T.);
#4155=ORIENTED_EDGE('',*,*,#3069,.T.);
#4156=ORIENTED_EDGE('',*,*,#3073,.F.);
#4157=ORIENTED_EDGE('',*,*,#3074,.T.);
#4158=ORIENTED_EDGE('',*,*,#3060,.F.);
#4159=ORIENTED_EDGE('',*,*,#3075,.F.);
#4160=ORIENTED_EDGE('',*,*,#3076,.F.);
#4161=ORIENTED_EDGE('',*,*,#3075,.T.);
#4162=ORIENTED_EDGE('',*,*,#3059,.F.);
#4163=ORIENTED_EDGE('',*,*,#3077,.F.);
#4164=ORIENTED_EDGE('',*,*,#3078,.F.);
#4165=ORIENTED_EDGE('',*,*,#3079,.T.);
#4166=ORIENTED_EDGE('',*,*,#3050,.F.);
#4167=ORIENTED_EDGE('',*,*,#3080,.F.);
#4168=ORIENTED_EDGE('',*,*,#3071,.F.);
#4169=ORIENTED_EDGE('',*,*,#3070,.T.);
#4170=ORIENTED_EDGE('',*,*,#3061,.F.);
#4171=ORIENTED_EDGE('',*,*,#3074,.F.);
#4172=ORIENTED_EDGE('',*,*,#3078,.T.);
#4173=ORIENTED_EDGE('',*,*,#3073,.T.);
#4174=ORIENTED_EDGE('',*,*,#3076,.T.);
#4175=ORIENTED_EDGE('',*,*,#3081,.T.);
#4176=ORIENTED_EDGE('',*,*,#3082,.F.);
#4177=ORIENTED_EDGE('',*,*,#3083,.T.);
#4178=ORIENTED_EDGE('',*,*,#3056,.F.);
#4179=ORIENTED_EDGE('',*,*,#3084,.F.);
#4180=ORIENTED_EDGE('',*,*,#3085,.F.);
#4181=ORIENTED_EDGE('',*,*,#3086,.T.);
#4182=ORIENTED_EDGE('',*,*,#3051,.F.);
#4183=ORIENTED_EDGE('',*,*,#3079,.F.);
#4184=ORIENTED_EDGE('',*,*,#3081,.F.);
#4185=ORIENTED_EDGE('',*,*,#3077,.T.);
#4186=ORIENTED_EDGE('',*,*,#3058,.F.);
#4187=ORIENTED_EDGE('',*,*,#3087,.F.);
#4188=ORIENTED_EDGE('',*,*,#3088,.F.);
#4189=ORIENTED_EDGE('',*,*,#3087,.T.);
#4190=ORIENTED_EDGE('',*,*,#3057,.F.);
#4191=ORIENTED_EDGE('',*,*,#3083,.F.);
#4192=ORIENTED_EDGE('',*,*,#3088,.T.);
#4193=ORIENTED_EDGE('',*,*,#3082,.T.);
#4194=ORIENTED_EDGE('',*,*,#3089,.T.);
#4195=ORIENTED_EDGE('',*,*,#3085,.T.);
#4196=ORIENTED_EDGE('',*,*,#3090,.F.);
#4197=ORIENTED_EDGE('',*,*,#3091,.T.);
#4198=ORIENTED_EDGE('',*,*,#3064,.F.);
#4199=ORIENTED_EDGE('',*,*,#3067,.F.);
#4200=ORIENTED_EDGE('',*,*,#3072,.F.);
#4201=ORIENTED_EDGE('',*,*,#3080,.T.);
#4202=ORIENTED_EDGE('',*,*,#3053,.F.);
#4203=ORIENTED_EDGE('',*,*,#3092,.F.);
#4204=ORIENTED_EDGE('',*,*,#3093,.F.);
#4205=ORIENTED_EDGE('',*,*,#3092,.T.);
#4206=ORIENTED_EDGE('',*,*,#3052,.F.);
#4207=ORIENTED_EDGE('',*,*,#3086,.F.);
#4208=ORIENTED_EDGE('',*,*,#3089,.F.);
#4209=ORIENTED_EDGE('',*,*,#3084,.T.);
#4210=ORIENTED_EDGE('',*,*,#3055,.F.);
#4211=ORIENTED_EDGE('',*,*,#3094,.F.);
#4212=ORIENTED_EDGE('',*,*,#3095,.F.);
#4213=ORIENTED_EDGE('',*,*,#3094,.T.);
#4214=ORIENTED_EDGE('',*,*,#3054,.F.);
#4215=ORIENTED_EDGE('',*,*,#3096,.F.);
#4216=ORIENTED_EDGE('',*,*,#3097,.F.);
#4217=ORIENTED_EDGE('',*,*,#3096,.T.);
#4218=ORIENTED_EDGE('',*,*,#3065,.F.);
#4219=ORIENTED_EDGE('',*,*,#3091,.F.);
#4220=ORIENTED_EDGE('',*,*,#3097,.T.);
#4221=ORIENTED_EDGE('',*,*,#3090,.T.);
#4222=ORIENTED_EDGE('',*,*,#3093,.T.);
#4223=ORIENTED_EDGE('',*,*,#3095,.T.);
#4224=ORIENTED_EDGE('',*,*,#3098,.F.);
#4225=ORIENTED_EDGE('',*,*,#3099,.T.);
#4226=ORIENTED_EDGE('',*,*,#3100,.T.);
#4227=ORIENTED_EDGE('',*,*,#3099,.F.);
#4228=ORIENTED_EDGE('',*,*,#3098,.T.);
#4229=ORIENTED_EDGE('',*,*,#3100,.F.);
#4230=ORIENTED_EDGE('',*,*,#3101,.F.);
#4231=ORIENTED_EDGE('',*,*,#3102,.T.);
#4232=ORIENTED_EDGE('',*,*,#3103,.F.);
#4233=ORIENTED_EDGE('',*,*,#3104,.F.);
#4234=ORIENTED_EDGE('',*,*,#3105,.T.);
#4235=ORIENTED_EDGE('',*,*,#3104,.T.);
#4236=ORIENTED_EDGE('',*,*,#3106,.F.);
#4237=ORIENTED_EDGE('',*,*,#3107,.F.);
#4238=ORIENTED_EDGE('',*,*,#3108,.T.);
#4239=ORIENTED_EDGE('',*,*,#3107,.T.);
#4240=ORIENTED_EDGE('',*,*,#3109,.F.);
#4241=ORIENTED_EDGE('',*,*,#3110,.F.);
#4242=ORIENTED_EDGE('',*,*,#3111,.T.);
#4243=ORIENTED_EDGE('',*,*,#3110,.T.);
#4244=ORIENTED_EDGE('',*,*,#3112,.F.);
#4245=ORIENTED_EDGE('',*,*,#3102,.F.);
#4246=ORIENTED_EDGE('',*,*,#3112,.T.);
#4247=ORIENTED_EDGE('',*,*,#3109,.T.);
#4248=ORIENTED_EDGE('',*,*,#3106,.T.);
#4249=ORIENTED_EDGE('',*,*,#3103,.T.);
#4250=ORIENTED_EDGE('',*,*,#3111,.F.);
#4251=ORIENTED_EDGE('',*,*,#3101,.T.);
#4252=ORIENTED_EDGE('',*,*,#3105,.F.);
#4253=ORIENTED_EDGE('',*,*,#3108,.F.);
#4254=ORIENTED_EDGE('',*,*,#3113,.F.);
#4255=ORIENTED_EDGE('',*,*,#3114,.T.);
#4256=ORIENTED_EDGE('',*,*,#3115,.F.);
#4257=ORIENTED_EDGE('',*,*,#3116,.F.);
#4258=ORIENTED_EDGE('',*,*,#3117,.T.);
#4259=ORIENTED_EDGE('',*,*,#3116,.T.);
#4260=ORIENTED_EDGE('',*,*,#3118,.F.);
#4261=ORIENTED_EDGE('',*,*,#3119,.F.);
#4262=ORIENTED_EDGE('',*,*,#3120,.T.);
#4263=ORIENTED_EDGE('',*,*,#3119,.T.);
#4264=ORIENTED_EDGE('',*,*,#3121,.F.);
#4265=ORIENTED_EDGE('',*,*,#3122,.F.);
#4266=ORIENTED_EDGE('',*,*,#3123,.T.);
#4267=ORIENTED_EDGE('',*,*,#3122,.T.);
#4268=ORIENTED_EDGE('',*,*,#3124,.F.);
#4269=ORIENTED_EDGE('',*,*,#3114,.F.);
#4270=ORIENTED_EDGE('',*,*,#3124,.T.);
#4271=ORIENTED_EDGE('',*,*,#3121,.T.);
#4272=ORIENTED_EDGE('',*,*,#3118,.T.);
#4273=ORIENTED_EDGE('',*,*,#3115,.T.);
#4274=ORIENTED_EDGE('',*,*,#3123,.F.);
#4275=ORIENTED_EDGE('',*,*,#3113,.T.);
#4276=ORIENTED_EDGE('',*,*,#3117,.F.);
#4277=ORIENTED_EDGE('',*,*,#3120,.F.);
#4278=ORIENTED_EDGE('',*,*,#3125,.F.);
#4279=ORIENTED_EDGE('',*,*,#3126,.T.);
#4280=ORIENTED_EDGE('',*,*,#3127,.F.);
#4281=ORIENTED_EDGE('',*,*,#3128,.F.);
#4282=ORIENTED_EDGE('',*,*,#3129,.T.);
#4283=ORIENTED_EDGE('',*,*,#3128,.T.);
#4284=ORIENTED_EDGE('',*,*,#3130,.F.);
#4285=ORIENTED_EDGE('',*,*,#3131,.F.);
#4286=ORIENTED_EDGE('',*,*,#3132,.T.);
#4287=ORIENTED_EDGE('',*,*,#3131,.T.);
#4288=ORIENTED_EDGE('',*,*,#3133,.F.);
#4289=ORIENTED_EDGE('',*,*,#3134,.F.);
#4290=ORIENTED_EDGE('',*,*,#3135,.T.);
#4291=ORIENTED_EDGE('',*,*,#3134,.T.);
#4292=ORIENTED_EDGE('',*,*,#3136,.F.);
#4293=ORIENTED_EDGE('',*,*,#3126,.F.);
#4294=ORIENTED_EDGE('',*,*,#3136,.T.);
#4295=ORIENTED_EDGE('',*,*,#3133,.T.);
#4296=ORIENTED_EDGE('',*,*,#3130,.T.);
#4297=ORIENTED_EDGE('',*,*,#3127,.T.);
#4298=ORIENTED_EDGE('',*,*,#3135,.F.);
#4299=ORIENTED_EDGE('',*,*,#3125,.T.);
#4300=ORIENTED_EDGE('',*,*,#3129,.F.);
#4301=ORIENTED_EDGE('',*,*,#3132,.F.);
#4302=ORIENTED_EDGE('',*,*,#3137,.F.);
#4303=ORIENTED_EDGE('',*,*,#3138,.T.);
#4304=ORIENTED_EDGE('',*,*,#3139,.T.);
#4305=ORIENTED_EDGE('',*,*,#3138,.F.);
#4306=ORIENTED_EDGE('',*,*,#3137,.T.);
#4307=ORIENTED_EDGE('',*,*,#3139,.F.);
#4308=ORIENTED_EDGE('',*,*,#3140,.T.);
#4309=ORIENTED_EDGE('',*,*,#3141,.T.);
#4310=ORIENTED_EDGE('',*,*,#3142,.T.);
#4311=ORIENTED_EDGE('',*,*,#3143,.T.);
#4312=ORIENTED_EDGE('',*,*,#3144,.F.);
#4313=ORIENTED_EDGE('',*,*,#3145,.F.);
#4314=ORIENTED_EDGE('',*,*,#3146,.F.);
#4315=ORIENTED_EDGE('',*,*,#3147,.F.);
#4316=ORIENTED_EDGE('',*,*,#3148,.F.);
#4317=ORIENTED_EDGE('',*,*,#3149,.F.);
#4318=ORIENTED_EDGE('',*,*,#3150,.F.);
#4319=ORIENTED_EDGE('',*,*,#3151,.F.);
#4320=ORIENTED_EDGE('',*,*,#3152,.F.);
#4321=ORIENTED_EDGE('',*,*,#3153,.F.);
#4322=ORIENTED_EDGE('',*,*,#3154,.F.);
#4323=ORIENTED_EDGE('',*,*,#3155,.F.);
#4324=ORIENTED_EDGE('',*,*,#3156,.F.);
#4325=ORIENTED_EDGE('',*,*,#3157,.F.);
#4326=ORIENTED_EDGE('',*,*,#3158,.F.);
#4327=ORIENTED_EDGE('',*,*,#3159,.F.);
#4328=ORIENTED_EDGE('',*,*,#3160,.F.);
#4329=ORIENTED_EDGE('',*,*,#3161,.F.);
#4330=ORIENTED_EDGE('',*,*,#3162,.F.);
#4331=ORIENTED_EDGE('',*,*,#3163,.F.);
#4332=ORIENTED_EDGE('',*,*,#3164,.F.);
#4333=ORIENTED_EDGE('',*,*,#3165,.F.);
#4334=ORIENTED_EDGE('',*,*,#3166,.F.);
#4335=ORIENTED_EDGE('',*,*,#3167,.F.);
#4336=ORIENTED_EDGE('',*,*,#3168,.F.);
#4337=ORIENTED_EDGE('',*,*,#3169,.F.);
#4338=ORIENTED_EDGE('',*,*,#3170,.F.);
#4339=ORIENTED_EDGE('',*,*,#3171,.F.);
#4340=ORIENTED_EDGE('',*,*,#3172,.F.);
#4341=ORIENTED_EDGE('',*,*,#3173,.F.);
#4342=ORIENTED_EDGE('',*,*,#3174,.F.);
#4343=ORIENTED_EDGE('',*,*,#3175,.F.);
#4344=ORIENTED_EDGE('',*,*,#3176,.F.);
#4345=ORIENTED_EDGE('',*,*,#3177,.F.);
#4346=ORIENTED_EDGE('',*,*,#3178,.F.);
#4347=ORIENTED_EDGE('',*,*,#3179,.F.);
#4348=ORIENTED_EDGE('',*,*,#3180,.F.);
#4349=ORIENTED_EDGE('',*,*,#3181,.F.);
#4350=ORIENTED_EDGE('',*,*,#3182,.F.);
#4351=ORIENTED_EDGE('',*,*,#3183,.F.);
#4352=ORIENTED_EDGE('',*,*,#3184,.F.);
#4353=ORIENTED_EDGE('',*,*,#3185,.F.);
#4354=ORIENTED_EDGE('',*,*,#3186,.F.);
#4355=ORIENTED_EDGE('',*,*,#3187,.F.);
#4356=ORIENTED_EDGE('',*,*,#3188,.F.);
#4357=ORIENTED_EDGE('',*,*,#3189,.F.);
#4358=ORIENTED_EDGE('',*,*,#3190,.F.);
#4359=ORIENTED_EDGE('',*,*,#3191,.F.);
#4360=ORIENTED_EDGE('',*,*,#3192,.F.);
#4361=ORIENTED_EDGE('',*,*,#3193,.F.);
#4362=ORIENTED_EDGE('',*,*,#3194,.F.);
#4363=ORIENTED_EDGE('',*,*,#3195,.F.);
#4364=ORIENTED_EDGE('',*,*,#3196,.F.);
#4365=ORIENTED_EDGE('',*,*,#3197,.F.);
#4366=ORIENTED_EDGE('',*,*,#3198,.F.);
#4367=ORIENTED_EDGE('',*,*,#3199,.F.);
#4368=ORIENTED_EDGE('',*,*,#3200,.F.);
#4369=ORIENTED_EDGE('',*,*,#3201,.F.);
#4370=ORIENTED_EDGE('',*,*,#3202,.F.);
#4371=ORIENTED_EDGE('',*,*,#3203,.F.);
#4372=ORIENTED_EDGE('',*,*,#3204,.F.);
#4373=ORIENTED_EDGE('',*,*,#3205,.F.);
#4374=ORIENTED_EDGE('',*,*,#3206,.F.);
#4375=ORIENTED_EDGE('',*,*,#3207,.F.);
#4376=ORIENTED_EDGE('',*,*,#3208,.F.);
#4377=ORIENTED_EDGE('',*,*,#3209,.T.);
#4378=ORIENTED_EDGE('',*,*,#3144,.T.);
#4379=ORIENTED_EDGE('',*,*,#3209,.F.);
#4380=ORIENTED_EDGE('',*,*,#3210,.F.);
#4381=ORIENTED_EDGE('',*,*,#3211,.T.);
#4382=ORIENTED_EDGE('',*,*,#3145,.T.);
#4383=ORIENTED_EDGE('',*,*,#3211,.F.);
#4384=ORIENTED_EDGE('',*,*,#3212,.F.);
#4385=ORIENTED_EDGE('',*,*,#3213,.T.);
#4386=ORIENTED_EDGE('',*,*,#3146,.T.);
#4387=ORIENTED_EDGE('',*,*,#3213,.F.);
#4388=ORIENTED_EDGE('',*,*,#3214,.F.);
#4389=ORIENTED_EDGE('',*,*,#3215,.T.);
#4390=ORIENTED_EDGE('',*,*,#3147,.T.);
#4391=ORIENTED_EDGE('',*,*,#3215,.F.);
#4392=ORIENTED_EDGE('',*,*,#3216,.F.);
#4393=ORIENTED_EDGE('',*,*,#3217,.T.);
#4394=ORIENTED_EDGE('',*,*,#3148,.T.);
#4395=ORIENTED_EDGE('',*,*,#3217,.F.);
#4396=ORIENTED_EDGE('',*,*,#3218,.F.);
#4397=ORIENTED_EDGE('',*,*,#3219,.T.);
#4398=ORIENTED_EDGE('',*,*,#3149,.T.);
#4399=ORIENTED_EDGE('',*,*,#3219,.F.);
#4400=ORIENTED_EDGE('',*,*,#3220,.F.);
#4401=ORIENTED_EDGE('',*,*,#3221,.T.);
#4402=ORIENTED_EDGE('',*,*,#3150,.T.);
#4403=ORIENTED_EDGE('',*,*,#3221,.F.);
#4404=ORIENTED_EDGE('',*,*,#3222,.F.);
#4405=ORIENTED_EDGE('',*,*,#3223,.T.);
#4406=ORIENTED_EDGE('',*,*,#3151,.T.);
#4407=ORIENTED_EDGE('',*,*,#3223,.F.);
#4408=ORIENTED_EDGE('',*,*,#3224,.F.);
#4409=ORIENTED_EDGE('',*,*,#3225,.T.);
#4410=ORIENTED_EDGE('',*,*,#3152,.T.);
#4411=ORIENTED_EDGE('',*,*,#3225,.F.);
#4412=ORIENTED_EDGE('',*,*,#3226,.F.);
#4413=ORIENTED_EDGE('',*,*,#3227,.T.);
#4414=ORIENTED_EDGE('',*,*,#3153,.T.);
#4415=ORIENTED_EDGE('',*,*,#3227,.F.);
#4416=ORIENTED_EDGE('',*,*,#3228,.F.);
#4417=ORIENTED_EDGE('',*,*,#3229,.T.);
#4418=ORIENTED_EDGE('',*,*,#3154,.T.);
#4419=ORIENTED_EDGE('',*,*,#3229,.F.);
#4420=ORIENTED_EDGE('',*,*,#3230,.F.);
#4421=ORIENTED_EDGE('',*,*,#3231,.T.);
#4422=ORIENTED_EDGE('',*,*,#3155,.T.);
#4423=ORIENTED_EDGE('',*,*,#3231,.F.);
#4424=ORIENTED_EDGE('',*,*,#3232,.F.);
#4425=ORIENTED_EDGE('',*,*,#3233,.T.);
#4426=ORIENTED_EDGE('',*,*,#3156,.T.);
#4427=ORIENTED_EDGE('',*,*,#3233,.F.);
#4428=ORIENTED_EDGE('',*,*,#3234,.F.);
#4429=ORIENTED_EDGE('',*,*,#3235,.T.);
#4430=ORIENTED_EDGE('',*,*,#3157,.T.);
#4431=ORIENTED_EDGE('',*,*,#3235,.F.);
#4432=ORIENTED_EDGE('',*,*,#3236,.F.);
#4433=ORIENTED_EDGE('',*,*,#3237,.T.);
#4434=ORIENTED_EDGE('',*,*,#3158,.T.);
#4435=ORIENTED_EDGE('',*,*,#3237,.F.);
#4436=ORIENTED_EDGE('',*,*,#3238,.F.);
#4437=ORIENTED_EDGE('',*,*,#3239,.T.);
#4438=ORIENTED_EDGE('',*,*,#3159,.T.);
#4439=ORIENTED_EDGE('',*,*,#3239,.F.);
#4440=ORIENTED_EDGE('',*,*,#3240,.F.);
#4441=ORIENTED_EDGE('',*,*,#3241,.T.);
#4442=ORIENTED_EDGE('',*,*,#3160,.T.);
#4443=ORIENTED_EDGE('',*,*,#3241,.F.);
#4444=ORIENTED_EDGE('',*,*,#3242,.F.);
#4445=ORIENTED_EDGE('',*,*,#3243,.T.);
#4446=ORIENTED_EDGE('',*,*,#3161,.T.);
#4447=ORIENTED_EDGE('',*,*,#3243,.F.);
#4448=ORIENTED_EDGE('',*,*,#3244,.F.);
#4449=ORIENTED_EDGE('',*,*,#3245,.T.);
#4450=ORIENTED_EDGE('',*,*,#3162,.T.);
#4451=ORIENTED_EDGE('',*,*,#3245,.F.);
#4452=ORIENTED_EDGE('',*,*,#3246,.F.);
#4453=ORIENTED_EDGE('',*,*,#3247,.T.);
#4454=ORIENTED_EDGE('',*,*,#3163,.T.);
#4455=ORIENTED_EDGE('',*,*,#3247,.F.);
#4456=ORIENTED_EDGE('',*,*,#3248,.F.);
#4457=ORIENTED_EDGE('',*,*,#3249,.T.);
#4458=ORIENTED_EDGE('',*,*,#3164,.T.);
#4459=ORIENTED_EDGE('',*,*,#3249,.F.);
#4460=ORIENTED_EDGE('',*,*,#3250,.F.);
#4461=ORIENTED_EDGE('',*,*,#3251,.T.);
#4462=ORIENTED_EDGE('',*,*,#3165,.T.);
#4463=ORIENTED_EDGE('',*,*,#3251,.F.);
#4464=ORIENTED_EDGE('',*,*,#3252,.F.);
#4465=ORIENTED_EDGE('',*,*,#3253,.T.);
#4466=ORIENTED_EDGE('',*,*,#3166,.T.);
#4467=ORIENTED_EDGE('',*,*,#3253,.F.);
#4468=ORIENTED_EDGE('',*,*,#3254,.F.);
#4469=ORIENTED_EDGE('',*,*,#3255,.T.);
#4470=ORIENTED_EDGE('',*,*,#3167,.T.);
#4471=ORIENTED_EDGE('',*,*,#3255,.F.);
#4472=ORIENTED_EDGE('',*,*,#3256,.F.);
#4473=ORIENTED_EDGE('',*,*,#3257,.T.);
#4474=ORIENTED_EDGE('',*,*,#3168,.T.);
#4475=ORIENTED_EDGE('',*,*,#3257,.F.);
#4476=ORIENTED_EDGE('',*,*,#3258,.F.);
#4477=ORIENTED_EDGE('',*,*,#3259,.T.);
#4478=ORIENTED_EDGE('',*,*,#3169,.T.);
#4479=ORIENTED_EDGE('',*,*,#3259,.F.);
#4480=ORIENTED_EDGE('',*,*,#3260,.F.);
#4481=ORIENTED_EDGE('',*,*,#3261,.T.);
#4482=ORIENTED_EDGE('',*,*,#3170,.T.);
#4483=ORIENTED_EDGE('',*,*,#3261,.F.);
#4484=ORIENTED_EDGE('',*,*,#3262,.F.);
#4485=ORIENTED_EDGE('',*,*,#3263,.T.);
#4486=ORIENTED_EDGE('',*,*,#3171,.T.);
#4487=ORIENTED_EDGE('',*,*,#3263,.F.);
#4488=ORIENTED_EDGE('',*,*,#3264,.F.);
#4489=ORIENTED_EDGE('',*,*,#3265,.T.);
#4490=ORIENTED_EDGE('',*,*,#3172,.T.);
#4491=ORIENTED_EDGE('',*,*,#3265,.F.);
#4492=ORIENTED_EDGE('',*,*,#3266,.F.);
#4493=ORIENTED_EDGE('',*,*,#3267,.T.);
#4494=ORIENTED_EDGE('',*,*,#3173,.T.);
#4495=ORIENTED_EDGE('',*,*,#3267,.F.);
#4496=ORIENTED_EDGE('',*,*,#3268,.F.);
#4497=ORIENTED_EDGE('',*,*,#3269,.T.);
#4498=ORIENTED_EDGE('',*,*,#3174,.T.);
#4499=ORIENTED_EDGE('',*,*,#3269,.F.);
#4500=ORIENTED_EDGE('',*,*,#3270,.F.);
#4501=ORIENTED_EDGE('',*,*,#3271,.T.);
#4502=ORIENTED_EDGE('',*,*,#3175,.T.);
#4503=ORIENTED_EDGE('',*,*,#3271,.F.);
#4504=ORIENTED_EDGE('',*,*,#3272,.F.);
#4505=ORIENTED_EDGE('',*,*,#3273,.T.);
#4506=ORIENTED_EDGE('',*,*,#3176,.T.);
#4507=ORIENTED_EDGE('',*,*,#3273,.F.);
#4508=ORIENTED_EDGE('',*,*,#3274,.F.);
#4509=ORIENTED_EDGE('',*,*,#3275,.T.);
#4510=ORIENTED_EDGE('',*,*,#3177,.T.);
#4511=ORIENTED_EDGE('',*,*,#3275,.F.);
#4512=ORIENTED_EDGE('',*,*,#3276,.F.);
#4513=ORIENTED_EDGE('',*,*,#3277,.T.);
#4514=ORIENTED_EDGE('',*,*,#3178,.T.);
#4515=ORIENTED_EDGE('',*,*,#3277,.F.);
#4516=ORIENTED_EDGE('',*,*,#3278,.F.);
#4517=ORIENTED_EDGE('',*,*,#3279,.T.);
#4518=ORIENTED_EDGE('',*,*,#3179,.T.);
#4519=ORIENTED_EDGE('',*,*,#3279,.F.);
#4520=ORIENTED_EDGE('',*,*,#3280,.F.);
#4521=ORIENTED_EDGE('',*,*,#3281,.T.);
#4522=ORIENTED_EDGE('',*,*,#3180,.T.);
#4523=ORIENTED_EDGE('',*,*,#3281,.F.);
#4524=ORIENTED_EDGE('',*,*,#3282,.F.);
#4525=ORIENTED_EDGE('',*,*,#3283,.T.);
#4526=ORIENTED_EDGE('',*,*,#3181,.T.);
#4527=ORIENTED_EDGE('',*,*,#3283,.F.);
#4528=ORIENTED_EDGE('',*,*,#3284,.F.);
#4529=ORIENTED_EDGE('',*,*,#3285,.T.);
#4530=ORIENTED_EDGE('',*,*,#3182,.T.);
#4531=ORIENTED_EDGE('',*,*,#3285,.F.);
#4532=ORIENTED_EDGE('',*,*,#3286,.F.);
#4533=ORIENTED_EDGE('',*,*,#3287,.T.);
#4534=ORIENTED_EDGE('',*,*,#3183,.T.);
#4535=ORIENTED_EDGE('',*,*,#3287,.F.);
#4536=ORIENTED_EDGE('',*,*,#3288,.F.);
#4537=ORIENTED_EDGE('',*,*,#3289,.T.);
#4538=ORIENTED_EDGE('',*,*,#3184,.T.);
#4539=ORIENTED_EDGE('',*,*,#3289,.F.);
#4540=ORIENTED_EDGE('',*,*,#3290,.F.);
#4541=ORIENTED_EDGE('',*,*,#3291,.T.);
#4542=ORIENTED_EDGE('',*,*,#3185,.T.);
#4543=ORIENTED_EDGE('',*,*,#3291,.F.);
#4544=ORIENTED_EDGE('',*,*,#3292,.F.);
#4545=ORIENTED_EDGE('',*,*,#3293,.T.);
#4546=ORIENTED_EDGE('',*,*,#3186,.T.);
#4547=ORIENTED_EDGE('',*,*,#3293,.F.);
#4548=ORIENTED_EDGE('',*,*,#3294,.F.);
#4549=ORIENTED_EDGE('',*,*,#3295,.T.);
#4550=ORIENTED_EDGE('',*,*,#3187,.T.);
#4551=ORIENTED_EDGE('',*,*,#3295,.F.);
#4552=ORIENTED_EDGE('',*,*,#3296,.F.);
#4553=ORIENTED_EDGE('',*,*,#3297,.T.);
#4554=ORIENTED_EDGE('',*,*,#3188,.T.);
#4555=ORIENTED_EDGE('',*,*,#3297,.F.);
#4556=ORIENTED_EDGE('',*,*,#3298,.F.);
#4557=ORIENTED_EDGE('',*,*,#3299,.T.);
#4558=ORIENTED_EDGE('',*,*,#3189,.T.);
#4559=ORIENTED_EDGE('',*,*,#3299,.F.);
#4560=ORIENTED_EDGE('',*,*,#3300,.F.);
#4561=ORIENTED_EDGE('',*,*,#3301,.T.);
#4562=ORIENTED_EDGE('',*,*,#3190,.T.);
#4563=ORIENTED_EDGE('',*,*,#3301,.F.);
#4564=ORIENTED_EDGE('',*,*,#3302,.F.);
#4565=ORIENTED_EDGE('',*,*,#3303,.T.);
#4566=ORIENTED_EDGE('',*,*,#3191,.T.);
#4567=ORIENTED_EDGE('',*,*,#3303,.F.);
#4568=ORIENTED_EDGE('',*,*,#3304,.F.);
#4569=ORIENTED_EDGE('',*,*,#3305,.T.);
#4570=ORIENTED_EDGE('',*,*,#3192,.T.);
#4571=ORIENTED_EDGE('',*,*,#3305,.F.);
#4572=ORIENTED_EDGE('',*,*,#3306,.F.);
#4573=ORIENTED_EDGE('',*,*,#3307,.T.);
#4574=ORIENTED_EDGE('',*,*,#3193,.T.);
#4575=ORIENTED_EDGE('',*,*,#3307,.F.);
#4576=ORIENTED_EDGE('',*,*,#3308,.F.);
#4577=ORIENTED_EDGE('',*,*,#3309,.T.);
#4578=ORIENTED_EDGE('',*,*,#3194,.T.);
#4579=ORIENTED_EDGE('',*,*,#3309,.F.);
#4580=ORIENTED_EDGE('',*,*,#3310,.F.);
#4581=ORIENTED_EDGE('',*,*,#3311,.T.);
#4582=ORIENTED_EDGE('',*,*,#3195,.T.);
#4583=ORIENTED_EDGE('',*,*,#3311,.F.);
#4584=ORIENTED_EDGE('',*,*,#3312,.F.);
#4585=ORIENTED_EDGE('',*,*,#3313,.T.);
#4586=ORIENTED_EDGE('',*,*,#3196,.T.);
#4587=ORIENTED_EDGE('',*,*,#3313,.F.);
#4588=ORIENTED_EDGE('',*,*,#3314,.F.);
#4589=ORIENTED_EDGE('',*,*,#3315,.T.);
#4590=ORIENTED_EDGE('',*,*,#3197,.T.);
#4591=ORIENTED_EDGE('',*,*,#3315,.F.);
#4592=ORIENTED_EDGE('',*,*,#3316,.F.);
#4593=ORIENTED_EDGE('',*,*,#3317,.T.);
#4594=ORIENTED_EDGE('',*,*,#3198,.T.);
#4595=ORIENTED_EDGE('',*,*,#3317,.F.);
#4596=ORIENTED_EDGE('',*,*,#3318,.F.);
#4597=ORIENTED_EDGE('',*,*,#3319,.T.);
#4598=ORIENTED_EDGE('',*,*,#3199,.T.);
#4599=ORIENTED_EDGE('',*,*,#3319,.F.);
#4600=ORIENTED_EDGE('',*,*,#3320,.F.);
#4601=ORIENTED_EDGE('',*,*,#3321,.T.);
#4602=ORIENTED_EDGE('',*,*,#3200,.T.);
#4603=ORIENTED_EDGE('',*,*,#3321,.F.);
#4604=ORIENTED_EDGE('',*,*,#3322,.F.);
#4605=ORIENTED_EDGE('',*,*,#3323,.T.);
#4606=ORIENTED_EDGE('',*,*,#3201,.T.);
#4607=ORIENTED_EDGE('',*,*,#3323,.F.);
#4608=ORIENTED_EDGE('',*,*,#3324,.F.);
#4609=ORIENTED_EDGE('',*,*,#3325,.T.);
#4610=ORIENTED_EDGE('',*,*,#3202,.T.);
#4611=ORIENTED_EDGE('',*,*,#3325,.F.);
#4612=ORIENTED_EDGE('',*,*,#3326,.F.);
#4613=ORIENTED_EDGE('',*,*,#3327,.T.);
#4614=ORIENTED_EDGE('',*,*,#3203,.T.);
#4615=ORIENTED_EDGE('',*,*,#3327,.F.);
#4616=ORIENTED_EDGE('',*,*,#3328,.F.);
#4617=ORIENTED_EDGE('',*,*,#3329,.T.);
#4618=ORIENTED_EDGE('',*,*,#3204,.T.);
#4619=ORIENTED_EDGE('',*,*,#3329,.F.);
#4620=ORIENTED_EDGE('',*,*,#3330,.F.);
#4621=ORIENTED_EDGE('',*,*,#3331,.T.);
#4622=ORIENTED_EDGE('',*,*,#3205,.T.);
#4623=ORIENTED_EDGE('',*,*,#3331,.F.);
#4624=ORIENTED_EDGE('',*,*,#3332,.F.);
#4625=ORIENTED_EDGE('',*,*,#3333,.T.);
#4626=ORIENTED_EDGE('',*,*,#3206,.T.);
#4627=ORIENTED_EDGE('',*,*,#3333,.F.);
#4628=ORIENTED_EDGE('',*,*,#3334,.F.);
#4629=ORIENTED_EDGE('',*,*,#3335,.T.);
#4630=ORIENTED_EDGE('',*,*,#3207,.T.);
#4631=ORIENTED_EDGE('',*,*,#3335,.F.);
#4632=ORIENTED_EDGE('',*,*,#3336,.T.);
#4633=ORIENTED_EDGE('',*,*,#3337,.T.);
#4634=ORIENTED_EDGE('',*,*,#3338,.T.);
#4635=ORIENTED_EDGE('',*,*,#3339,.T.);
#4636=ORIENTED_EDGE('',*,*,#3334,.T.);
#4637=ORIENTED_EDGE('',*,*,#3332,.T.);
#4638=ORIENTED_EDGE('',*,*,#3330,.T.);
#4639=ORIENTED_EDGE('',*,*,#3328,.T.);
#4640=ORIENTED_EDGE('',*,*,#3326,.T.);
#4641=ORIENTED_EDGE('',*,*,#3324,.T.);
#4642=ORIENTED_EDGE('',*,*,#3322,.T.);
#4643=ORIENTED_EDGE('',*,*,#3320,.T.);
#4644=ORIENTED_EDGE('',*,*,#3318,.T.);
#4645=ORIENTED_EDGE('',*,*,#3316,.T.);
#4646=ORIENTED_EDGE('',*,*,#3314,.T.);
#4647=ORIENTED_EDGE('',*,*,#3312,.T.);
#4648=ORIENTED_EDGE('',*,*,#3310,.T.);
#4649=ORIENTED_EDGE('',*,*,#3308,.T.);
#4650=ORIENTED_EDGE('',*,*,#3306,.T.);
#4651=ORIENTED_EDGE('',*,*,#3304,.T.);
#4652=ORIENTED_EDGE('',*,*,#3302,.T.);
#4653=ORIENTED_EDGE('',*,*,#3300,.T.);
#4654=ORIENTED_EDGE('',*,*,#3298,.T.);
#4655=ORIENTED_EDGE('',*,*,#3296,.T.);
#4656=ORIENTED_EDGE('',*,*,#3294,.T.);
#4657=ORIENTED_EDGE('',*,*,#3292,.T.);
#4658=ORIENTED_EDGE('',*,*,#3290,.T.);
#4659=ORIENTED_EDGE('',*,*,#3288,.T.);
#4660=ORIENTED_EDGE('',*,*,#3286,.T.);
#4661=ORIENTED_EDGE('',*,*,#3284,.T.);
#4662=ORIENTED_EDGE('',*,*,#3282,.T.);
#4663=ORIENTED_EDGE('',*,*,#3280,.T.);
#4664=ORIENTED_EDGE('',*,*,#3278,.T.);
#4665=ORIENTED_EDGE('',*,*,#3276,.T.);
#4666=ORIENTED_EDGE('',*,*,#3274,.T.);
#4667=ORIENTED_EDGE('',*,*,#3272,.T.);
#4668=ORIENTED_EDGE('',*,*,#3270,.T.);
#4669=ORIENTED_EDGE('',*,*,#3268,.T.);
#4670=ORIENTED_EDGE('',*,*,#3266,.T.);
#4671=ORIENTED_EDGE('',*,*,#3264,.T.);
#4672=ORIENTED_EDGE('',*,*,#3262,.T.);
#4673=ORIENTED_EDGE('',*,*,#3260,.T.);
#4674=ORIENTED_EDGE('',*,*,#3258,.T.);
#4675=ORIENTED_EDGE('',*,*,#3256,.T.);
#4676=ORIENTED_EDGE('',*,*,#3254,.T.);
#4677=ORIENTED_EDGE('',*,*,#3252,.T.);
#4678=ORIENTED_EDGE('',*,*,#3250,.T.);
#4679=ORIENTED_EDGE('',*,*,#3248,.T.);
#4680=ORIENTED_EDGE('',*,*,#3246,.T.);
#4681=ORIENTED_EDGE('',*,*,#3244,.T.);
#4682=ORIENTED_EDGE('',*,*,#3242,.T.);
#4683=ORIENTED_EDGE('',*,*,#3240,.T.);
#4684=ORIENTED_EDGE('',*,*,#3238,.T.);
#4685=ORIENTED_EDGE('',*,*,#3236,.T.);
#4686=ORIENTED_EDGE('',*,*,#3234,.T.);
#4687=ORIENTED_EDGE('',*,*,#3232,.T.);
#4688=ORIENTED_EDGE('',*,*,#3230,.T.);
#4689=ORIENTED_EDGE('',*,*,#3228,.T.);
#4690=ORIENTED_EDGE('',*,*,#3226,.T.);
#4691=ORIENTED_EDGE('',*,*,#3224,.T.);
#4692=ORIENTED_EDGE('',*,*,#3222,.T.);
#4693=ORIENTED_EDGE('',*,*,#3220,.T.);
#4694=ORIENTED_EDGE('',*,*,#3218,.T.);
#4695=ORIENTED_EDGE('',*,*,#3216,.T.);
#4696=ORIENTED_EDGE('',*,*,#3214,.T.);
#4697=ORIENTED_EDGE('',*,*,#3212,.T.);
#4698=ORIENTED_EDGE('',*,*,#3210,.T.);
#4699=ORIENTED_EDGE('',*,*,#3208,.T.);
#4700=ORIENTED_EDGE('',*,*,#3340,.T.);
#4701=ORIENTED_EDGE('',*,*,#3341,.T.);
#4702=ORIENTED_EDGE('',*,*,#3140,.F.);
#4703=ORIENTED_EDGE('',*,*,#3342,.F.);
#4704=ORIENTED_EDGE('',*,*,#3343,.T.);
#4705=ORIENTED_EDGE('',*,*,#3342,.T.);
#4706=ORIENTED_EDGE('',*,*,#3143,.F.);
#4707=ORIENTED_EDGE('',*,*,#3344,.F.);
#4708=ORIENTED_EDGE('',*,*,#3345,.T.);
#4709=ORIENTED_EDGE('',*,*,#3344,.T.);
#4710=ORIENTED_EDGE('',*,*,#3142,.F.);
#4711=ORIENTED_EDGE('',*,*,#3346,.F.);
#4712=ORIENTED_EDGE('',*,*,#3347,.T.);
#4713=ORIENTED_EDGE('',*,*,#3346,.T.);
#4714=ORIENTED_EDGE('',*,*,#3141,.F.);
#4715=ORIENTED_EDGE('',*,*,#3341,.F.);
#4716=ORIENTED_EDGE('',*,*,#3348,.F.);
#4717=ORIENTED_EDGE('',*,*,#3349,.T.);
#4718=ORIENTED_EDGE('',*,*,#3336,.F.);
#4719=ORIENTED_EDGE('',*,*,#3350,.F.);
#4720=ORIENTED_EDGE('',*,*,#3351,.F.);
#4721=ORIENTED_EDGE('',*,*,#3350,.T.);
#4722=ORIENTED_EDGE('',*,*,#3339,.F.);
#4723=ORIENTED_EDGE('',*,*,#3352,.F.);
#4724=ORIENTED_EDGE('',*,*,#3353,.T.);
#4725=ORIENTED_EDGE('',*,*,#3352,.T.);
#4726=ORIENTED_EDGE('',*,*,#3338,.F.);
#4727=ORIENTED_EDGE('',*,*,#3354,.F.);
#4728=ORIENTED_EDGE('',*,*,#3355,.T.);
#4729=ORIENTED_EDGE('',*,*,#3354,.T.);
#4730=ORIENTED_EDGE('',*,*,#3337,.F.);
#4731=ORIENTED_EDGE('',*,*,#3349,.F.);
#4732=ORIENTED_EDGE('',*,*,#3355,.F.);
#4733=ORIENTED_EDGE('',*,*,#3348,.T.);
#4734=ORIENTED_EDGE('',*,*,#3351,.T.);
#4735=ORIENTED_EDGE('',*,*,#3353,.F.);
#4736=ORIENTED_EDGE('',*,*,#3347,.F.);
#4737=ORIENTED_EDGE('',*,*,#3340,.F.);
#4738=ORIENTED_EDGE('',*,*,#3343,.F.);
#4739=ORIENTED_EDGE('',*,*,#3345,.F.);
#4740=ORIENTED_EDGE('',*,*,#3356,.F.);
#4741=ORIENTED_EDGE('',*,*,#3357,.T.);
#4742=ORIENTED_EDGE('',*,*,#3358,.T.);
#4743=ORIENTED_EDGE('',*,*,#3359,.T.);
#4744=ORIENTED_EDGE('',*,*,#3360,.T.);
#4745=ORIENTED_EDGE('',*,*,#3361,.T.);
#4746=ORIENTED_EDGE('',*,*,#3362,.F.);
#4747=ORIENTED_EDGE('',*,*,#3359,.F.);
#4748=ORIENTED_EDGE('',*,*,#3360,.F.);
#4749=ORIENTED_EDGE('',*,*,#3358,.F.);
#4750=ORIENTED_EDGE('',*,*,#3363,.T.);
#4751=ORIENTED_EDGE('',*,*,#3364,.T.);
#4752=ORIENTED_EDGE('',*,*,#3357,.F.);
#4753=ORIENTED_EDGE('',*,*,#3365,.F.);
#4754=ORIENTED_EDGE('',*,*,#3366,.T.);
#4755=ORIENTED_EDGE('',*,*,#3363,.F.);
#4756=ORIENTED_EDGE('',*,*,#3361,.F.);
#4757=ORIENTED_EDGE('',*,*,#3364,.F.);
#4758=ORIENTED_EDGE('',*,*,#3366,.F.);
#4759=ORIENTED_EDGE('',*,*,#3367,.F.);
#4760=ORIENTED_EDGE('',*,*,#3365,.T.);
#4761=ORIENTED_EDGE('',*,*,#3356,.T.);
#4762=ORIENTED_EDGE('',*,*,#3362,.T.);
#4763=ORIENTED_EDGE('',*,*,#3367,.T.);
#4764=PLANE('',#5282);
#4765=PLANE('',#5283);
#4766=PLANE('',#5284);
#4767=PLANE('',#5285);
#4768=PLANE('',#5286);
#4769=PLANE('',#5287);
#4770=PLANE('',#5293);
#4771=PLANE('',#5294);
#4772=PLANE('',#5295);
#4773=PLANE('',#5296);
#4774=PLANE('',#5297);
#4775=PLANE('',#5302);
#4776=PLANE('',#5305);
#4777=PLANE('',#5307);
#4778=PLANE('',#5310);
#4779=PLANE('',#5311);
#4780=PLANE('',#5312);
#4781=PLANE('',#5317);
#4782=PLANE('',#5322);
#4783=PLANE('',#5323);
#4784=PLANE('',#5324);
#4785=PLANE('',#5325);
#4786=PLANE('',#5326);
#4787=PLANE('',#5327);
#4788=PLANE('',#5328);
#4789=PLANE('',#5329);
#4790=PLANE('',#5330);
#4791=PLANE('',#5331);
#4792=PLANE('',#5335);
#4793=PLANE('',#5336);
#4794=PLANE('',#5337);
#4795=PLANE('',#5338);
#4796=PLANE('',#5339);
#4797=PLANE('',#5340);
#4798=PLANE('',#5341);
#4799=PLANE('',#5342);
#4800=PLANE('',#5343);
#4801=PLANE('',#5344);
#4802=PLANE('',#5345);
#4803=PLANE('',#5346);
#4804=PLANE('',#5347);
#4805=PLANE('',#5352);
#4806=PLANE('',#5356);
#4807=PLANE('',#5357);
#4808=PLANE('',#5358);
#4809=PLANE('',#5359);
#4810=PLANE('',#5360);
#4811=PLANE('',#5361);
#4812=PLANE('',#5362);
#4813=PLANE('',#5364);
#4814=PLANE('',#5368);
#4815=PLANE('',#5369);
#4816=PLANE('',#5370);
#4817=PLANE('',#5371);
#4818=PLANE('',#5376);
#4819=PLANE('',#5377);
#4820=PLANE('',#5378);
#4821=PLANE('',#5379);
#4822=PLANE('',#5380);
#4823=PLANE('',#5381);
#4824=PLANE('',#5382);
#4825=PLANE('',#5383);
#4826=PLANE('',#5384);
#4827=PLANE('',#5385);
#4828=PLANE('',#5386);
#4829=PLANE('',#5387);
#4830=PLANE('',#5388);
#4831=PLANE('',#5389);
#4832=PLANE('',#5390);
#4833=PLANE('',#5391);
#4834=PLANE('',#5392);
#4835=PLANE('',#5393);
#4836=PLANE('',#5394);
#4837=PLANE('',#5395);
#4838=PLANE('',#5399);
#4839=PLANE('',#5400);
#4840=PLANE('',#5401);
#4841=PLANE('',#5403);
#4842=PLANE('',#5406);
#4843=PLANE('',#5407);
#4844=PLANE('',#5408);
#4845=PLANE('',#5410);
#4846=PLANE('',#5411);
#4847=PLANE('',#5415);
#4848=PLANE('',#5419);
#4849=PLANE('',#5420);
#4850=PLANE('',#5426);
#4851=PLANE('',#5429);
#4852=PLANE('',#5432);
#4853=PLANE('',#5433);
#4854=PLANE('',#5434);
#4855=PLANE('',#5435);
#4856=PLANE('',#5436);
#4857=PLANE('',#5437);
#4858=PLANE('',#5438);
#4859=PLANE('',#5439);
#4860=PLANE('',#5440);
#4861=PLANE('',#5441);
#4862=PLANE('',#5442);
#4863=PLANE('',#5443);
#4864=PLANE('',#5444);
#4865=PLANE('',#5445);
#4866=PLANE('',#5446);
#4867=PLANE('',#5447);
#4868=PLANE('',#5448);
#4869=PLANE('',#5449);
#4870=PLANE('',#5450);
#4871=PLANE('',#5451);
#4872=PLANE('',#5452);
#4873=PLANE('',#5453);
#4874=PLANE('',#5454);
#4875=PLANE('',#5455);
#4876=PLANE('',#5456);
#4877=PLANE('',#5457);
#4878=PLANE('',#5458);
#4879=PLANE('',#5460);
#4880=PLANE('',#5476);
#4881=PLANE('',#5477);
#4882=PLANE('',#5478);
#4883=PLANE('',#5479);
#4884=PLANE('',#5480);
#4885=PLANE('',#5481);
#4886=PLANE('',#5482);
#4887=PLANE('',#5483);
#4888=PLANE('',#5484);
#4889=PLANE('',#5485);
#4890=PLANE('',#5486);
#4891=PLANE('',#5487);
#4892=PLANE('',#5488);
#4893=PLANE('',#5489);
#4894=PLANE('',#5490);
#4895=PLANE('',#5491);
#4896=PLANE('',#5492);
#4897=PLANE('',#5493);
#4898=PLANE('',#5494);
#4899=PLANE('',#5495);
#4900=PLANE('',#5496);
#4901=PLANE('',#5497);
#4902=PLANE('',#5498);
#4903=PLANE('',#5499);
#4904=PLANE('',#5500);
#4905=PLANE('',#5501);
#4906=PLANE('',#5502);
#4907=PLANE('',#5503);
#4908=PLANE('',#5504);
#4909=PLANE('',#5505);
#4910=PLANE('',#5506);
#4911=PLANE('',#5507);
#4912=PLANE('',#5508);
#4913=PLANE('',#5509);
#4914=PLANE('',#5510);
#4915=PLANE('',#5511);
#4916=PLANE('',#5512);
#4917=PLANE('',#5513);
#4918=PLANE('',#5517);
#4919=PLANE('',#5518);
#4920=PLANE('',#5519);
#4921=PLANE('',#5520);
#4922=PLANE('',#5521);
#4923=PLANE('',#5522);
#4924=PLANE('',#5523);
#4925=PLANE('',#5524);
#4926=PLANE('',#5525);
#4927=PLANE('',#5526);
#4928=PLANE('',#5527);
#4929=PLANE('',#5528);
#4930=PLANE('',#5529);
#4931=PLANE('',#5530);
#4932=PLANE('',#5531);
#4933=PLANE('',#5532);
#4934=PLANE('',#5533);
#4935=PLANE('',#5534);
#4936=PLANE('',#5535);
#4937=PLANE('',#5536);
#4938=PLANE('',#5540);
#4939=PLANE('',#5541);
#4940=PLANE('',#5542);
#4941=PLANE('',#5735);
#4942=PLANE('',#5736);
#4943=PLANE('',#5737);
#4944=PLANE('',#5738);
#4945=PLANE('',#5739);
#4946=PLANE('',#5740);
#4947=PLANE('',#5741);
#4948=PLANE('',#5742);
#4949=PLANE('',#5743);
#4950=PLANE('',#5744);
#4951=PLANE('',#5745);
#4952=PLANE('',#5746);
#4953=PLANE('',#5747);
#4954=PLANE('',#5748);
#4955=PLANE('',#5749);
#4956=PLANE('',#5750);
#4957=ADVANCED_FACE('',(#497),#4764,.T.);
#4958=ADVANCED_FACE('',(#498),#4765,.T.);
#4959=ADVANCED_FACE('',(#499),#4766,.T.);
#4960=ADVANCED_FACE('',(#500),#4767,.T.);
#4961=ADVANCED_FACE('',(#501),#4768,.T.);
#4962=ADVANCED_FACE('',(#502),#4769,.F.);
#4963=ADVANCED_FACE('',(#503),#361,.T.);
#4964=ADVANCED_FACE('',(#504),#4770,.F.);
#4965=ADVANCED_FACE('',(#505),#4771,.T.);
#4966=ADVANCED_FACE('',(#506),#4772,.T.);
#4967=ADVANCED_FACE('',(#507),#4773,.T.);
#4968=ADVANCED_FACE('',(#508),#4774,.T.);
#4969=ADVANCED_FACE('',(#509),#173,.T.);
#4970=ADVANCED_FACE('',(#510),#174,.T.);
#4971=ADVANCED_FACE('',(#511),#4775,.T.);
#4972=ADVANCED_FACE('',(#512),#362,.T.);
#4973=ADVANCED_FACE('',(#513),#4776,.T.);
#4974=ADVANCED_FACE('',(#514),#363,.T.);
#4975=ADVANCED_FACE('',(#515),#4777,.T.);
#4976=ADVANCED_FACE('',(#516),#364,.T.);
#4977=ADVANCED_FACE('',(#517),#4778,.T.);
#4978=ADVANCED_FACE('',(#518),#4779,.T.);
#4979=ADVANCED_FACE('',(#519),#156,.T.);
#4980=ADVANCED_FACE('',(#520),#157,.T.);
#4981=ADVANCED_FACE('',(#521),#4780,.T.);
#4982=ADVANCED_FACE('',(#522),#365,.T.);
#4983=ADVANCED_FACE('',(#523),#4781,.T.);
#4984=ADVANCED_FACE('',(#524),#366,.T.);
#4985=ADVANCED_FACE('',(#525),#4782,.T.);
#4986=ADVANCED_FACE('',(#526),#4783,.T.);
#4987=ADVANCED_FACE('',(#527),#4784,.T.);
#4988=ADVANCED_FACE('',(#528),#4785,.F.);
#4989=ADVANCED_FACE('',(#529),#4786,.T.);
#4990=ADVANCED_FACE('',(#530),#4787,.T.);
#4991=ADVANCED_FACE('',(#531),#4788,.T.);
#4992=ADVANCED_FACE('',(#532),#4789,.T.);
#4993=ADVANCED_FACE('',(#533),#4790,.T.);
#4994=ADVANCED_FACE('',(#534),#4791,.F.);
#4995=ADVANCED_FACE('',(#535),#367,.T.);
#4996=ADVANCED_FACE('',(#536),#4792,.T.);
#4997=ADVANCED_FACE('',(#537),#4793,.T.);
#4998=ADVANCED_FACE('',(#538),#4794,.T.);
#4999=ADVANCED_FACE('',(#539),#4795,.T.);
#5000=ADVANCED_FACE('',(#540),#4796,.F.);
#5001=ADVANCED_FACE('',(#541),#4797,.T.);
#5002=ADVANCED_FACE('',(#542),#4798,.T.);
#5003=ADVANCED_FACE('',(#543),#4799,.T.);
#5004=ADVANCED_FACE('',(#544),#4800,.T.);
#5005=ADVANCED_FACE('',(#545),#4801,.T.);
#5006=ADVANCED_FACE('',(#546),#4802,.F.);
#5007=ADVANCED_FACE('',(#547),#4803,.T.);
#5008=ADVANCED_FACE('',(#548),#158,.T.);
#5009=ADVANCED_FACE('',(#549),#159,.T.);
#5010=ADVANCED_FACE('',(#550),#4804,.T.);
#5011=ADVANCED_FACE('',(#551),#368,.T.);
#5012=ADVANCED_FACE('',(#552),#4805,.T.);
#5013=ADVANCED_FACE('',(#553),#369,.T.);
#5014=ADVANCED_FACE('',(#554),#4806,.T.);
#5015=ADVANCED_FACE('',(#555),#4807,.T.);
#5016=ADVANCED_FACE('',(#556),#4808,.T.);
#5017=ADVANCED_FACE('',(#557),#4809,.T.);
#5018=ADVANCED_FACE('',(#558),#4810,.T.);
#5019=ADVANCED_FACE('',(#559),#4811,.F.);
#5020=ADVANCED_FACE('',(#560),#4812,.T.);
#5021=ADVANCED_FACE('',(#561),#4813,.T.);
#5022=ADVANCED_FACE('',(#562),#370,.T.);
#5023=ADVANCED_FACE('',(#563),#4814,.T.);
#5024=ADVANCED_FACE('',(#564),#4815,.T.);
#5025=ADVANCED_FACE('',(#565),#4816,.F.);
#5026=ADVANCED_FACE('',(#566),#4817,.T.);
#5027=ADVANCED_FACE('',(#567),#371,.T.);
#5028=ADVANCED_FACE('',(#568),#4818,.T.);
#5029=ADVANCED_FACE('',(#569),#4819,.F.);
#5030=ADVANCED_FACE('',(#570),#4820,.T.);
#5031=ADVANCED_FACE('',(#571),#4821,.T.);
#5032=ADVANCED_FACE('',(#572),#4822,.T.);
#5033=ADVANCED_FACE('',(#573),#4823,.T.);
#5034=ADVANCED_FACE('',(#574),#4824,.T.);
#5035=ADVANCED_FACE('',(#575),#4825,.T.);
#5036=ADVANCED_FACE('',(#576),#4826,.T.);
#5037=ADVANCED_FACE('',(#577),#4827,.T.);
#5038=ADVANCED_FACE('',(#578),#4828,.T.);
#5039=ADVANCED_FACE('',(#579),#4829,.T.);
#5040=ADVANCED_FACE('',(#580),#4830,.T.);
#5041=ADVANCED_FACE('',(#581),#4831,.T.);
#5042=ADVANCED_FACE('',(#582),#4832,.T.);
#5043=ADVANCED_FACE('',(#583),#4833,.T.);
#5044=ADVANCED_FACE('',(#584),#4834,.T.);
#5045=ADVANCED_FACE('',(#585),#4835,.T.);
#5046=ADVANCED_FACE('',(#586,#15),#4836,.T.);
#5047=ADVANCED_FACE('',(#587),#4837,.F.);
#5048=ADVANCED_FACE('',(#588),#372,.T.);
#5049=ADVANCED_FACE('',(#589),#4838,.T.);
#5050=ADVANCED_FACE('',(#590),#4839,.F.);
#5051=ADVANCED_FACE('',(#591),#4840,.F.);
#5052=ADVANCED_FACE('',(#592),#4841,.T.);
#5053=ADVANCED_FACE('',(#593),#373,.F.);
#5054=ADVANCED_FACE('',(#594),#4842,.T.);
#5055=ADVANCED_FACE('',(#595),#4843,.T.);
#5056=ADVANCED_FACE('',(#596),#4844,.T.);
#5057=ADVANCED_FACE('',(#597),#4845,.T.);
#5058=ADVANCED_FACE('',(#598),#4846,.T.);
#5059=ADVANCED_FACE('',(#599),#374,.F.);
#5060=ADVANCED_FACE('',(#600),#4847,.F.);
#5061=ADVANCED_FACE('',(#601),#375,.T.);
#5062=ADVANCED_FACE('',(#602),#4848,.T.);
#5063=ADVANCED_FACE('',(#603,#16),#4849,.F.);
#5064=ADVANCED_FACE('',(#604),#376,.T.);
#5065=ADVANCED_FACE('',(#605),#4850,.T.);
#5066=ADVANCED_FACE('',(#606),#377,.T.);
#5067=ADVANCED_FACE('',(#607),#4851,.T.);
#5068=ADVANCED_FACE('',(#608),#378,.T.);
#5069=ADVANCED_FACE('',(#609),#4852,.T.);
#5070=ADVANCED_FACE('',(#610),#4853,.T.);
#5071=ADVANCED_FACE('',(#611),#4854,.T.);
#5072=ADVANCED_FACE('',(#612),#4855,.T.);
#5073=ADVANCED_FACE('',(#613),#4856,.T.);
#5074=ADVANCED_FACE('',(#614,#17),#4857,.T.);
#5075=ADVANCED_FACE('',(#615),#4858,.T.);
#5076=ADVANCED_FACE('',(#616),#4859,.T.);
#5077=ADVANCED_FACE('',(#617),#4860,.T.);
#5078=ADVANCED_FACE('',(#618),#4861,.T.);
#5079=ADVANCED_FACE('',(#619),#4862,.T.);
#5080=ADVANCED_FACE('',(#620),#4863,.T.);
#5081=ADVANCED_FACE('',(#621),#4864,.T.);
#5082=ADVANCED_FACE('',(#622),#4865,.T.);
#5083=ADVANCED_FACE('',(#623),#4866,.T.);
#5084=ADVANCED_FACE('',(#624),#4867,.T.);
#5085=ADVANCED_FACE('',(#625),#4868,.T.);
#5086=ADVANCED_FACE('',(#626,#18),#4869,.T.);
#5087=ADVANCED_FACE('',(#627),#4870,.T.);
#5088=ADVANCED_FACE('',(#628),#4871,.T.);
#5089=ADVANCED_FACE('',(#629),#4872,.T.);
#5090=ADVANCED_FACE('',(#630),#4873,.T.);
#5091=ADVANCED_FACE('',(#631),#4874,.T.);
#5092=ADVANCED_FACE('',(#632),#4875,.T.);
#5093=ADVANCED_FACE('',(#633),#4876,.T.);
#5094=ADVANCED_FACE('',(#634,#19),#4877,.T.);
#5095=ADVANCED_FACE('',(#635),#4878,.F.);
#5096=ADVANCED_FACE('',(#636),#4879,.T.);
#5097=ADVANCED_FACE('',(#637),#379,.T.);
#5098=ADVANCED_FACE('',(#638),#380,.T.);
#5099=ADVANCED_FACE('',(#639),#381,.F.);
#5100=ADVANCED_FACE('',(#640),#382,.T.);
#5101=ADVANCED_FACE('',(#641,#20),#4880,.T.);
#5102=ADVANCED_FACE('',(#642,#21),#4881,.F.);
#5103=ADVANCED_FACE('',(#643),#4882,.F.);
#5104=ADVANCED_FACE('',(#644),#4883,.T.);
#5105=ADVANCED_FACE('',(#645),#4884,.T.);
#5106=ADVANCED_FACE('',(#646),#4885,.T.);
#5107=ADVANCED_FACE('',(#647),#4886,.T.);
#5108=ADVANCED_FACE('',(#648),#4887,.T.);
#5109=ADVANCED_FACE('',(#649),#4888,.T.);
#5110=ADVANCED_FACE('',(#650),#4889,.T.);
#5111=ADVANCED_FACE('',(#651),#4890,.T.);
#5112=ADVANCED_FACE('',(#652),#4891,.T.);
#5113=ADVANCED_FACE('',(#653),#4892,.T.);
#5114=ADVANCED_FACE('',(#654),#4893,.T.);
#5115=ADVANCED_FACE('',(#655),#4894,.T.);
#5116=ADVANCED_FACE('',(#656),#4895,.T.);
#5117=ADVANCED_FACE('',(#657),#4896,.T.);
#5118=ADVANCED_FACE('',(#658),#4897,.T.);
#5119=ADVANCED_FACE('',(#659,#22),#4898,.T.);
#5120=ADVANCED_FACE('',(#660),#4899,.F.);
#5121=ADVANCED_FACE('',(#661),#4900,.T.);
#5122=ADVANCED_FACE('',(#662),#4901,.F.);
#5123=ADVANCED_FACE('',(#663),#4902,.T.);
#5124=ADVANCED_FACE('',(#664),#4903,.T.);
#5125=ADVANCED_FACE('',(#665),#4904,.F.);
#5126=ADVANCED_FACE('',(#666),#4905,.T.);
#5127=ADVANCED_FACE('',(#667),#4906,.T.);
#5128=ADVANCED_FACE('',(#668),#4907,.T.);
#5129=ADVANCED_FACE('',(#669),#4908,.F.);
#5130=ADVANCED_FACE('',(#670),#4909,.T.);
#5131=ADVANCED_FACE('',(#671),#4910,.T.);
#5132=ADVANCED_FACE('',(#672),#4911,.T.);
#5133=ADVANCED_FACE('',(#673),#4912,.F.);
#5134=ADVANCED_FACE('',(#674),#4913,.T.);
#5135=ADVANCED_FACE('',(#675),#4914,.T.);
#5136=ADVANCED_FACE('',(#676),#4915,.T.);
#5137=ADVANCED_FACE('',(#677),#4916,.T.);
#5138=ADVANCED_FACE('',(#678),#4917,.F.);
#5139=ADVANCED_FACE('',(#679),#383,.T.);
#5140=ADVANCED_FACE('',(#680),#4918,.T.);
#5141=ADVANCED_FACE('',(#681),#4919,.F.);
#5142=ADVANCED_FACE('',(#682),#4920,.T.);
#5143=ADVANCED_FACE('',(#683),#4921,.T.);
#5144=ADVANCED_FACE('',(#684),#4922,.T.);
#5145=ADVANCED_FACE('',(#685),#4923,.T.);
#5146=ADVANCED_FACE('',(#686),#4924,.T.);
#5147=ADVANCED_FACE('',(#687),#4925,.F.);
#5148=ADVANCED_FACE('',(#688),#4926,.T.);
#5149=ADVANCED_FACE('',(#689),#4927,.T.);
#5150=ADVANCED_FACE('',(#690),#4928,.T.);
#5151=ADVANCED_FACE('',(#691),#4929,.T.);
#5152=ADVANCED_FACE('',(#692),#4930,.T.);
#5153=ADVANCED_FACE('',(#693),#4931,.F.);
#5154=ADVANCED_FACE('',(#694),#4932,.T.);
#5155=ADVANCED_FACE('',(#695),#4933,.T.);
#5156=ADVANCED_FACE('',(#696),#4934,.T.);
#5157=ADVANCED_FACE('',(#697),#4935,.T.);
#5158=ADVANCED_FACE('',(#698),#4936,.T.);
#5159=ADVANCED_FACE('',(#699),#4937,.F.);
#5160=ADVANCED_FACE('',(#700),#384,.T.);
#5161=ADVANCED_FACE('',(#701),#4938,.T.);
#5162=ADVANCED_FACE('',(#702),#4939,.F.);
#5163=ADVANCED_FACE('',(#703,#23,#24,#25,#26,#27,#28,#29,#30,#31,#32,#33,
#34,#35,#36,#37,#38,#39,#40,#41,#42,#43,#44,#45,#46,#47,#48,#49,#50,#51,
#52,#53,#54,#55,#56,#57,#58,#59,#60,#61,#62,#63,#64,#65,#66,#67,#68,#69,
#70,#71,#72,#73,#74,#75,#76,#77,#78,#79,#80,#81,#82,#83,#84,#85,#86),#4940,
 .F.);
#5164=ADVANCED_FACE('',(#704),#385,.F.);
#5165=ADVANCED_FACE('',(#705),#386,.F.);
#5166=ADVANCED_FACE('',(#706),#387,.F.);
#5167=ADVANCED_FACE('',(#707),#388,.F.);
#5168=ADVANCED_FACE('',(#708),#389,.F.);
#5169=ADVANCED_FACE('',(#709),#390,.F.);
#5170=ADVANCED_FACE('',(#710),#391,.F.);
#5171=ADVANCED_FACE('',(#711),#392,.F.);
#5172=ADVANCED_FACE('',(#712),#393,.F.);
#5173=ADVANCED_FACE('',(#713),#394,.F.);
#5174=ADVANCED_FACE('',(#714),#395,.F.);
#5175=ADVANCED_FACE('',(#715),#396,.F.);
#5176=ADVANCED_FACE('',(#716),#397,.F.);
#5177=ADVANCED_FACE('',(#717),#398,.F.);
#5178=ADVANCED_FACE('',(#718),#399,.F.);
#5179=ADVANCED_FACE('',(#719),#400,.F.);
#5180=ADVANCED_FACE('',(#720),#401,.F.);
#5181=ADVANCED_FACE('',(#721),#402,.F.);
#5182=ADVANCED_FACE('',(#722),#403,.F.);
#5183=ADVANCED_FACE('',(#723),#404,.F.);
#5184=ADVANCED_FACE('',(#724),#405,.F.);
#5185=ADVANCED_FACE('',(#725),#406,.F.);
#5186=ADVANCED_FACE('',(#726),#407,.F.);
#5187=ADVANCED_FACE('',(#727),#408,.F.);
#5188=ADVANCED_FACE('',(#728),#409,.F.);
#5189=ADVANCED_FACE('',(#729),#410,.F.);
#5190=ADVANCED_FACE('',(#730),#411,.F.);
#5191=ADVANCED_FACE('',(#731),#412,.F.);
#5192=ADVANCED_FACE('',(#732),#413,.F.);
#5193=ADVANCED_FACE('',(#733),#414,.F.);
#5194=ADVANCED_FACE('',(#734),#415,.F.);
#5195=ADVANCED_FACE('',(#735),#416,.F.);
#5196=ADVANCED_FACE('',(#736),#417,.F.);
#5197=ADVANCED_FACE('',(#737),#418,.F.);
#5198=ADVANCED_FACE('',(#738),#419,.F.);
#5199=ADVANCED_FACE('',(#739),#420,.F.);
#5200=ADVANCED_FACE('',(#740),#421,.F.);
#5201=ADVANCED_FACE('',(#741),#422,.F.);
#5202=ADVANCED_FACE('',(#742),#423,.F.);
#5203=ADVANCED_FACE('',(#743),#424,.F.);
#5204=ADVANCED_FACE('',(#744),#425,.F.);
#5205=ADVANCED_FACE('',(#745),#426,.F.);
#5206=ADVANCED_FACE('',(#746),#427,.F.);
#5207=ADVANCED_FACE('',(#747),#428,.F.);
#5208=ADVANCED_FACE('',(#748),#429,.F.);
#5209=ADVANCED_FACE('',(#749),#430,.F.);
#5210=ADVANCED_FACE('',(#750),#431,.F.);
#5211=ADVANCED_FACE('',(#751),#432,.F.);
#5212=ADVANCED_FACE('',(#752),#433,.F.);
#5213=ADVANCED_FACE('',(#753),#434,.F.);
#5214=ADVANCED_FACE('',(#754),#435,.F.);
#5215=ADVANCED_FACE('',(#755),#436,.F.);
#5216=ADVANCED_FACE('',(#756),#437,.F.);
#5217=ADVANCED_FACE('',(#757),#438,.F.);
#5218=ADVANCED_FACE('',(#758),#439,.F.);
#5219=ADVANCED_FACE('',(#759),#440,.F.);
#5220=ADVANCED_FACE('',(#760),#441,.F.);
#5221=ADVANCED_FACE('',(#761),#442,.F.);
#5222=ADVANCED_FACE('',(#762),#443,.F.);
#5223=ADVANCED_FACE('',(#763),#444,.F.);
#5224=ADVANCED_FACE('',(#764),#445,.F.);
#5225=ADVANCED_FACE('',(#765),#446,.F.);
#5226=ADVANCED_FACE('',(#766),#447,.F.);
#5227=ADVANCED_FACE('',(#767),#448,.F.);
#5228=ADVANCED_FACE('',(#768,#87,#88,#89,#90,#91,#92,#93,#94,#95,#96,#97,
#98,#99,#100,#101,#102,#103,#104,#105,#106,#107,#108,#109,#110,#111,#112,
#113,#114,#115,#116,#117,#118,#119,#120,#121,#122,#123,#124,#125,#126,#127,
#128,#129,#130,#131,#132,#133,#134,#135,#136,#137,#138,#139,#140,#141,#142,
#143,#144,#145,#146,#147,#148,#149,#150),#4941,.T.);
#5229=ADVANCED_FACE('',(#769),#4942,.T.);
#5230=ADVANCED_FACE('',(#770),#4943,.T.);
#5231=ADVANCED_FACE('',(#771),#4944,.T.);
#5232=ADVANCED_FACE('',(#772),#4945,.T.);
#5233=ADVANCED_FACE('',(#773),#4946,.T.);
#5234=ADVANCED_FACE('',(#774),#4947,.T.);
#5235=ADVANCED_FACE('',(#775),#4948,.T.);
#5236=ADVANCED_FACE('',(#776),#4949,.T.);
#5237=ADVANCED_FACE('',(#777,#151),#4950,.F.);
#5238=ADVANCED_FACE('',(#778),#4951,.T.);
#5239=ADVANCED_FACE('',(#779),#4952,.T.);
#5240=ADVANCED_FACE('',(#780),#4953,.T.);
#5241=ADVANCED_FACE('',(#781),#4954,.T.);
#5242=ADVANCED_FACE('',(#782),#4955,.T.);
#5243=ADVANCED_FACE('',(#783),#4956,.F.);
#5244=CLOSED_SHELL('',(#4957,#4958,#4959,#4960,#4961,#4962));
#5245=CLOSED_SHELL('',(#4963,#4964,#4965,#4966,#4967,#4968,#4969,#4970,
#4971,#4972,#4973,#4974,#4975));
#5246=CLOSED_SHELL('',(#4976,#4977,#4978,#4979,#4980,#4981,#4982,#4983,
#4984,#4985,#4986,#4987,#4988));
#5247=CLOSED_SHELL('',(#4989,#4990,#4991,#4992,#4993,#4994));
#5248=CLOSED_SHELL('',(#4995,#4996,#4997,#4998,#4999,#5000));
#5249=CLOSED_SHELL('',(#5001,#5002,#5003,#5004,#5005,#5006));
#5250=CLOSED_SHELL('',(#5007,#5008,#5009,#5010,#5011,#5012,#5013,#5014,
#5015,#5016,#5017,#5018,#5019));
#5251=CLOSED_SHELL('',(#5020,#5021,#5022,#5023,#5024,#5025));
#5252=CLOSED_SHELL('',(#5026,#5027,#5028,#5029,#5030,#5031,#5032));
#5253=CLOSED_SHELL('',(#5033,#5034,#5035,#5036,#5037,#5038,#5039,#5040,
#5041,#5042,#5043,#5044,#5045,#5046,#5047));
#5254=CLOSED_SHELL('',(#5048,#5049,#5050));
#5255=CLOSED_SHELL('',(#5051,#5052,#5053,#5054,#5055,#5056,#5057,#5058,
#5059,#5060,#5061,#5062,#5063,#5064,#5065,#5066,#5067,#5068,#5069,#5070,
#5071,#5072,#5073,#5074,#5075,#5076,#5077,#5078,#5079,#5080,#5081,#5082,
#5083,#5084,#5085,#5086,#5087,#5088,#5089,#5090,#5091,#5092,#5093,#5094));
#5256=CLOSED_SHELL('',(#5095,#5096,#5097));
#5257=CLOSED_SHELL('',(#5098,#5099,#5100,#5101,#5102));
#5258=CLOSED_SHELL('',(#5103,#5104,#5105,#5106,#5107,#5108,#5109));
#5259=CLOSED_SHELL('',(#5110,#5111,#5112,#5113,#5114,#5115,#5116,#5117,
#5118,#5119,#5120));
#5260=CLOSED_SHELL('',(#5121,#5122,#5123,#5124,#5125,#5126,#5127,#5128,
#5129,#5130,#5131,#5132,#5133,#5134,#5135,#5136,#5137,#5138));
#5261=CLOSED_SHELL('',(#5139,#5140,#5141));
#5262=CLOSED_SHELL('',(#5142,#5143,#5144,#5145,#5146,#5147));
#5263=CLOSED_SHELL('',(#5148,#5149,#5150,#5151,#5152,#5153));
#5264=CLOSED_SHELL('',(#5154,#5155,#5156,#5157,#5158,#5159));
#5265=CLOSED_SHELL('',(#5160,#5161,#5162));
#5266=CLOSED_SHELL('',(#5163,#5164,#5165,#5166,#5167,#5168,#5169,#5170,
#5171,#5172,#5173,#5174,#5175,#5176,#5177,#5178,#5179,#5180,#5181,#5182,
#5183,#5184,#5185,#5186,#5187,#5188,#5189,#5190,#5191,#5192,#5193,#5194,
#5195,#5196,#5197,#5198,#5199,#5200,#5201,#5202,#5203,#5204,#5205,#5206,
#5207,#5208,#5209,#5210,#5211,#5212,#5213,#5214,#5215,#5216,#5217,#5218,
#5219,#5220,#5221,#5222,#5223,#5224,#5225,#5226,#5227,#5228,#5229,#5230,
#5231,#5232,#5233,#5234,#5235,#5236,#5237));
#5267=CLOSED_SHELL('',(#5238,#5239,#5240,#5241,#5242,#5243));
#5268=DERIVED_UNIT_ELEMENT(#5270,1.);
#5269=DERIVED_UNIT_ELEMENT(#8806,-3.);
#5270=(
MASS_UNIT()
NAMED_UNIT(*)
SI_UNIT(.KILO.,.GRAM.)
);
#5271=DERIVED_UNIT((#5268,#5269));
#5272=MEASURE_REPRESENTATION_ITEM('density measure',
POSITIVE_RATIO_MEASURE(7850.),#5271);
#5273=PROPERTY_DEFINITION_REPRESENTATION(#5278,#5275);
#5274=PROPERTY_DEFINITION_REPRESENTATION(#5279,#5276);
#5275=REPRESENTATION('material name',(#5277),#8801);
#5276=REPRESENTATION('density',(#5272),#8801);
#5277=DESCRIPTIVE_REPRESENTATION_ITEM('Steel','Steel');
#5278=PROPERTY_DEFINITION('material property','material name',#8819);
#5279=PROPERTY_DEFINITION('material property','density of part',#8819);
#5280=AXIS2_PLACEMENT_3D('',#7195,#5752,#5753);
#5281=AXIS2_PLACEMENT_3D('',#7196,#5754,#5755);
#5282=AXIS2_PLACEMENT_3D('',#7197,#5756,#5757);
#5283=AXIS2_PLACEMENT_3D('',#7206,#5762,#5763);
#5284=AXIS2_PLACEMENT_3D('',#7212,#5767,#5768);
#5285=AXIS2_PLACEMENT_3D('',#7216,#5771,#5772);
#5286=AXIS2_PLACEMENT_3D('',#7220,#5775,#5776);
#5287=AXIS2_PLACEMENT_3D('',#7222,#5778,#5779);
#5288=AXIS2_PLACEMENT_3D('',#7223,#5780,#5781);
#5289=AXIS2_PLACEMENT_3D('',#7226,#5782,#5783);
#5290=AXIS2_PLACEMENT_3D('',#7230,#5785,#5786);
#5291=AXIS2_PLACEMENT_3D('',#7232,#5787,#5788);
#5292=AXIS2_PLACEMENT_3D('',#7234,#5789,#5790);
#5293=AXIS2_PLACEMENT_3D('',#7236,#5792,#5793);
#5294=AXIS2_PLACEMENT_3D('',#7244,#5798,#5799);
#5295=AXIS2_PLACEMENT_3D('',#7248,#5802,#5803);
#5296=AXIS2_PLACEMENT_3D('',#7252,#5806,#5807);
#5297=AXIS2_PLACEMENT_3D('',#7256,#5810,#5811);
#5298=AXIS2_PLACEMENT_3D('',#7260,#5814,#5815);
#5299=AXIS2_PLACEMENT_3D('',#7261,#5816,#5817);
#5300=AXIS2_PLACEMENT_3D('',#7262,#5818,#5819);
#5301=AXIS2_PLACEMENT_3D('',#7263,#5820,#5821);
#5302=AXIS2_PLACEMENT_3D('',#7264,#5822,#5823);
#5303=AXIS2_PLACEMENT_3D('',#7268,#5826,#5827);
#5304=AXIS2_PLACEMENT_3D('',#7271,#5829,#5830);
#5305=AXIS2_PLACEMENT_3D('',#7272,#5831,#5832);
#5306=AXIS2_PLACEMENT_3D('',#7274,#5834,#5835);
#5307=AXIS2_PLACEMENT_3D('',#7276,#5837,#5838);
#5308=AXIS2_PLACEMENT_3D('',#7277,#5839,#5840);
#5309=AXIS2_PLACEMENT_3D('',#7325,#5843,#5844);
#5310=AXIS2_PLACEMENT_3D('',#7326,#5845,#5846);
#5311=AXIS2_PLACEMENT_3D('',#7332,#5850,#5851);
#5312=AXIS2_PLACEMENT_3D('',#7390,#5856,#5857);
#5313=AXIS2_PLACEMENT_3D('',#7394,#5860,#5861);
#5314=AXIS2_PLACEMENT_3D('',#7396,#5862,#5863);
#5315=AXIS2_PLACEMENT_3D('',#7400,#5865,#5866);
#5316=AXIS2_PLACEMENT_3D('',#7402,#5867,#5868);
#5317=AXIS2_PLACEMENT_3D('',#7404,#5870,#5871);
#5318=AXIS2_PLACEMENT_3D('',#7406,#5872,#5873);
#5319=AXIS2_PLACEMENT_3D('',#7408,#5875,#5876);
#5320=AXIS2_PLACEMENT_3D('',#7410,#5877,#5878);
#5321=AXIS2_PLACEMENT_3D('',#7412,#5879,#5880);
#5322=AXIS2_PLACEMENT_3D('',#7414,#5882,#5883);
#5323=AXIS2_PLACEMENT_3D('',#7416,#5885,#5886);
#5324=AXIS2_PLACEMENT_3D('',#7418,#5888,#5889);
#5325=AXIS2_PLACEMENT_3D('',#7420,#5891,#5892);
#5326=AXIS2_PLACEMENT_3D('',#7421,#5893,#5894);
#5327=AXIS2_PLACEMENT_3D('',#7430,#5899,#5900);
#5328=AXIS2_PLACEMENT_3D('',#7436,#5904,#5905);
#5329=AXIS2_PLACEMENT_3D('',#7442,#5909,#5910);
#5330=AXIS2_PLACEMENT_3D('',#7445,#5913,#5914);
#5331=AXIS2_PLACEMENT_3D('',#7446,#5915,#5916);
#5332=AXIS2_PLACEMENT_3D('',#7447,#5917,#5918);
#5333=AXIS2_PLACEMENT_3D('',#7450,#5919,#5920);
#5334=AXIS2_PLACEMENT_3D('',#7454,#5922,#5923);
#5335=AXIS2_PLACEMENT_3D('',#7456,#5925,#5926);
#5336=AXIS2_PLACEMENT_3D('',#7462,#5930,#5931);
#5337=AXIS2_PLACEMENT_3D('',#7466,#5934,#5935);
#5338=AXIS2_PLACEMENT_3D('',#7470,#5938,#5939);
#5339=AXIS2_PLACEMENT_3D('',#7472,#5941,#5942);
#5340=AXIS2_PLACEMENT_3D('',#7473,#5943,#5944);
#5341=AXIS2_PLACEMENT_3D('',#7482,#5949,#5950);
#5342=AXIS2_PLACEMENT_3D('',#7488,#5954,#5955);
#5343=AXIS2_PLACEMENT_3D('',#7492,#5958,#5959);
#5344=AXIS2_PLACEMENT_3D('',#7496,#5962,#5963);
#5345=AXIS2_PLACEMENT_3D('',#7498,#5965,#5966);
#5346=AXIS2_PLACEMENT_3D('',#7499,#5967,#5968);
#5347=AXIS2_PLACEMENT_3D('',#7594,#5974,#5975);
#5348=AXIS2_PLACEMENT_3D('',#7600,#5979,#5980);
#5349=AXIS2_PLACEMENT_3D('',#7602,#5981,#5982);
#5350=AXIS2_PLACEMENT_3D('',#7606,#5984,#5985);
#5351=AXIS2_PLACEMENT_3D('',#7607,#5986,#5987);
#5352=AXIS2_PLACEMENT_3D('',#7608,#5988,#5989);
#5353=AXIS2_PLACEMENT_3D('',#7614,#5993,#5994);
#5354=AXIS2_PLACEMENT_3D('',#7616,#5995,#5996);
#5355=AXIS2_PLACEMENT_3D('',#7619,#5998,#5999);
#5356=AXIS2_PLACEMENT_3D('',#7620,#6000,#6001);
#5357=AXIS2_PLACEMENT_3D('',#7626,#6005,#6006);
#5358=AXIS2_PLACEMENT_3D('',#7630,#6009,#6010);
#5359=AXIS2_PLACEMENT_3D('',#7632,#6012,#6013);
#5360=AXIS2_PLACEMENT_3D('',#7635,#6016,#6017);
#5361=AXIS2_PLACEMENT_3D('',#7636,#6018,#6019);
#5362=AXIS2_PLACEMENT_3D('',#7637,#6020,#6021);
#5363=AXIS2_PLACEMENT_3D('',#7640,#6022,#6023);
#5364=AXIS2_PLACEMENT_3D('',#7646,#6027,#6028);
#5365=AXIS2_PLACEMENT_3D('',#7652,#6032,#6033);
#5366=AXIS2_PLACEMENT_3D('',#7654,#6034,#6035);
#5367=AXIS2_PLACEMENT_3D('',#7657,#6037,#6038);
#5368=AXIS2_PLACEMENT_3D('',#7658,#6039,#6040);
#5369=AXIS2_PLACEMENT_3D('',#7660,#6042,#6043);
#5370=AXIS2_PLACEMENT_3D('',#7662,#6045,#6046);
#5371=AXIS2_PLACEMENT_3D('',#7663,#6047,#6048);
#5372=AXIS2_PLACEMENT_3D('',#7666,#6049,#6050);
#5373=AXIS2_PLACEMENT_3D('',#7674,#6055,#6056);
#5374=AXIS2_PLACEMENT_3D('',#7678,#6058,#6059);
#5375=AXIS2_PLACEMENT_3D('',#7681,#6061,#6062);
#5376=AXIS2_PLACEMENT_3D('',#7682,#6063,#6064);
#5377=AXIS2_PLACEMENT_3D('',#7684,#6066,#6067);
#5378=AXIS2_PLACEMENT_3D('',#7688,#6070,#6071);
#5379=AXIS2_PLACEMENT_3D('',#7692,#6074,#6075);
#5380=AXIS2_PLACEMENT_3D('',#7694,#6077,#6078);
#5381=AXIS2_PLACEMENT_3D('',#7695,#6079,#6080);
#5382=AXIS2_PLACEMENT_3D('',#7708,#6087,#6088);
#5383=AXIS2_PLACEMENT_3D('',#7714,#6092,#6093);
#5384=AXIS2_PLACEMENT_3D('',#7718,#6096,#6097);
#5385=AXIS2_PLACEMENT_3D('',#7722,#6100,#6101);
#5386=AXIS2_PLACEMENT_3D('',#7726,#6104,#6105);
#5387=AXIS2_PLACEMENT_3D('',#7730,#6108,#6109);
#5388=AXIS2_PLACEMENT_3D('',#7732,#6111,#6112);
#5389=AXIS2_PLACEMENT_3D('',#7741,#6117,#6118);
#5390=AXIS2_PLACEMENT_3D('',#7747,#6122,#6123);
#5391=AXIS2_PLACEMENT_3D('',#7753,#6127,#6128);
#5392=AXIS2_PLACEMENT_3D('',#7759,#6132,#6133);
#5393=AXIS2_PLACEMENT_3D('',#7765,#6137,#6138);
#5394=AXIS2_PLACEMENT_3D('',#7768,#6141,#6142);
#5395=AXIS2_PLACEMENT_3D('',#7769,#6143,#6144);
#5396=AXIS2_PLACEMENT_3D('',#7770,#6145,#6146);
#5397=AXIS2_PLACEMENT_3D('',#7772,#6147,#6148);
#5398=AXIS2_PLACEMENT_3D('',#7775,#6150,#6151);
#5399=AXIS2_PLACEMENT_3D('',#7776,#6152,#6153);
#5400=AXIS2_PLACEMENT_3D('',#7777,#6154,#6155);
#5401=AXIS2_PLACEMENT_3D('',#7778,#6156,#6157);
#5402=AXIS2_PLACEMENT_3D('',#7785,#6160,#6161);
#5403=AXIS2_PLACEMENT_3D('',#7787,#6163,#6164);
#5404=AXIS2_PLACEMENT_3D('',#7793,#6168,#6169);
#5405=AXIS2_PLACEMENT_3D('',#7795,#6170,#6171);
#5406=AXIS2_PLACEMENT_3D('',#7797,#6173,#6174);
#5407=AXIS2_PLACEMENT_3D('',#7801,#6177,#6178);
#5408=AXIS2_PLACEMENT_3D('',#7803,#6180,#6181);
#5409=AXIS2_PLACEMENT_3D('',#7810,#6184,#6185);
#5410=AXIS2_PLACEMENT_3D('',#7812,#6187,#6188);
#5411=AXIS2_PLACEMENT_3D('',#7818,#6192,#6193);
#5412=AXIS2_PLACEMENT_3D('',#7824,#6197,#6198);
#5413=AXIS2_PLACEMENT_3D('',#7826,#6199,#6200);
#5414=AXIS2_PLACEMENT_3D('',#7827,#6201,#6202);
#5415=AXIS2_PLACEMENT_3D('',#7828,#6203,#6204);
#5416=AXIS2_PLACEMENT_3D('',#7830,#6206,#6207);
#5417=AXIS2_PLACEMENT_3D('',#7833,#6208,#6209);
#5418=AXIS2_PLACEMENT_3D('',#7837,#6211,#6212);
#5419=AXIS2_PLACEMENT_3D('',#7839,#6214,#6215);
#5420=AXIS2_PLACEMENT_3D('',#7845,#6219,#6220);
#5421=AXIS2_PLACEMENT_3D('',#7849,#6222,#6223);
#5422=AXIS2_PLACEMENT_3D('',#7853,#6225,#6226);
#5423=AXIS2_PLACEMENT_3D('',#7856,#6228,#6229);
#5424=AXIS2_PLACEMENT_3D('',#7905,#6254,#6255);
#5425=AXIS2_PLACEMENT_3D('',#7907,#6256,#6257);
#5426=AXIS2_PLACEMENT_3D('',#7909,#6259,#6260);
#5427=AXIS2_PLACEMENT_3D('',#7913,#6263,#6264);
#5428=AXIS2_PLACEMENT_3D('',#7915,#6265,#6266);
#5429=AXIS2_PLACEMENT_3D('',#7917,#6268,#6269);
#5430=AXIS2_PLACEMENT_3D('',#7921,#6272,#6273);
#5431=AXIS2_PLACEMENT_3D('',#7923,#6274,#6275);
#5432=AXIS2_PLACEMENT_3D('',#7925,#6277,#6278);
#5433=AXIS2_PLACEMENT_3D('',#7931,#6282,#6283);
#5434=AXIS2_PLACEMENT_3D('',#7935,#6286,#6287);
#5435=AXIS2_PLACEMENT_3D('',#7939,#6290,#6291);
#5436=AXIS2_PLACEMENT_3D('',#7943,#6294,#6295);
#5437=AXIS2_PLACEMENT_3D('',#7947,#6298,#6299);
#5438=AXIS2_PLACEMENT_3D('',#7951,#6302,#6303);
#5439=AXIS2_PLACEMENT_3D('',#7955,#6306,#6307);
#5440=AXIS2_PLACEMENT_3D('',#7959,#6310,#6311);
#5441=AXIS2_PLACEMENT_3D('',#7963,#6314,#6315);
#5442=AXIS2_PLACEMENT_3D('',#7967,#6318,#6319);
#5443=AXIS2_PLACEMENT_3D('',#7971,#6322,#6323);
#5444=AXIS2_PLACEMENT_3D('',#7975,#6326,#6327);
#5445=AXIS2_PLACEMENT_3D('',#7979,#6330,#6331);
#5446=AXIS2_PLACEMENT_3D('',#7983,#6334,#6335);
#5447=AXIS2_PLACEMENT_3D('',#7987,#6338,#6339);
#5448=AXIS2_PLACEMENT_3D('',#7991,#6342,#6343);
#5449=AXIS2_PLACEMENT_3D('',#7995,#6346,#6347);
#5450=AXIS2_PLACEMENT_3D('',#7999,#6350,#6351);
#5451=AXIS2_PLACEMENT_3D('',#8003,#6354,#6355);
#5452=AXIS2_PLACEMENT_3D('',#8007,#6358,#6359);
#5453=AXIS2_PLACEMENT_3D('',#8011,#6362,#6363);
#5454=AXIS2_PLACEMENT_3D('',#8015,#6366,#6367);
#5455=AXIS2_PLACEMENT_3D('',#8019,#6370,#6371);
#5456=AXIS2_PLACEMENT_3D('',#8021,#6373,#6374);
#5457=AXIS2_PLACEMENT_3D('',#8023,#6376,#6377);
#5458=AXIS2_PLACEMENT_3D('',#8024,#6378,#6379);
#5459=AXIS2_PLACEMENT_3D('',#8026,#6380,#6381);
#5460=AXIS2_PLACEMENT_3D('',#8027,#6382,#6383);
#5461=AXIS2_PLACEMENT_3D('',#8030,#6384,#6385);
#5462=AXIS2_PLACEMENT_3D('',#8032,#6386,#6387);
#5463=AXIS2_PLACEMENT_3D('',#8034,#6388,#6389);
#5464=AXIS2_PLACEMENT_3D('',#8036,#6390,#6391);
#5465=AXIS2_PLACEMENT_3D('',#8037,#6392,#6393);
#5466=AXIS2_PLACEMENT_3D('',#8038,#6394,#6395);
#5467=AXIS2_PLACEMENT_3D('',#8040,#6397,#6398);
#5468=AXIS2_PLACEMENT_3D('',#8045,#6400,#6401);
#5469=AXIS2_PLACEMENT_3D('',#8048,#6403,#6404);
#5470=AXIS2_PLACEMENT_3D('',#8049,#6405,#6406);
#5471=AXIS2_PLACEMENT_3D('',#8051,#6407,#6408);
#5472=AXIS2_PLACEMENT_3D('',#8054,#6410,#6411);
#5473=AXIS2_PLACEMENT_3D('',#8055,#6412,#6413);
#5474=AXIS2_PLACEMENT_3D('',#8056,#6414,#6415);
#5475=AXIS2_PLACEMENT_3D('',#8057,#6416,#6417);
#5476=AXIS2_PLACEMENT_3D('',#8058,#6418,#6419);
#5477=AXIS2_PLACEMENT_3D('',#8059,#6420,#6421);
#5478=AXIS2_PLACEMENT_3D('',#8060,#6422,#6423);
#5479=AXIS2_PLACEMENT_3D('',#8069,#6428,#6429);
#5480=AXIS2_PLACEMENT_3D('',#8078,#6434,#6435);
#5481=AXIS2_PLACEMENT_3D('',#8083,#6439,#6440);
#5482=AXIS2_PLACEMENT_3D('',#8087,#6443,#6444);
#5483=AXIS2_PLACEMENT_3D('',#8090,#6447,#6448);
#5484=AXIS2_PLACEMENT_3D('',#8091,#6449,#6450);
#5485=AXIS2_PLACEMENT_3D('',#8092,#6451,#6452);
#5486=AXIS2_PLACEMENT_3D('',#8101,#6457,#6458);
#5487=AXIS2_PLACEMENT_3D('',#8107,#6462,#6463);
#5488=AXIS2_PLACEMENT_3D('',#8111,#6466,#6467);
#5489=AXIS2_PLACEMENT_3D('',#8115,#6470,#6471);
#5490=AXIS2_PLACEMENT_3D('',#8117,#6473,#6474);
#5491=AXIS2_PLACEMENT_3D('',#8126,#6479,#6480);
#5492=AXIS2_PLACEMENT_3D('',#8132,#6484,#6485);
#5493=AXIS2_PLACEMENT_3D('',#8138,#6489,#6490);
#5494=AXIS2_PLACEMENT_3D('',#8141,#6493,#6494);
#5495=AXIS2_PLACEMENT_3D('',#8142,#6495,#6496);
#5496=AXIS2_PLACEMENT_3D('',#8143,#6497,#6498);
#5497=AXIS2_PLACEMENT_3D('',#8152,#6503,#6504);
#5498=AXIS2_PLACEMENT_3D('',#8177,#6517,#6518);
#5499=AXIS2_PLACEMENT_3D('',#8183,#6522,#6523);
#5500=AXIS2_PLACEMENT_3D('',#8187,#6526,#6527);
#5501=AXIS2_PLACEMENT_3D('',#8191,#6530,#6531);
#5502=AXIS2_PLACEMENT_3D('',#8197,#6535,#6536);
#5503=AXIS2_PLACEMENT_3D('',#8201,#6539,#6540);
#5504=AXIS2_PLACEMENT_3D('',#8206,#6544,#6545);
#5505=AXIS2_PLACEMENT_3D('',#8208,#6547,#6548);
#5506=AXIS2_PLACEMENT_3D('',#8214,#6552,#6553);
#5507=AXIS2_PLACEMENT_3D('',#8220,#6557,#6558);
#5508=AXIS2_PLACEMENT_3D('',#8222,#6560,#6561);
#5509=AXIS2_PLACEMENT_3D('',#8224,#6563,#6564);
#5510=AXIS2_PLACEMENT_3D('',#8230,#6568,#6569);
#5511=AXIS2_PLACEMENT_3D('',#8234,#6572,#6573);
#5512=AXIS2_PLACEMENT_3D('',#8238,#6576,#6577);
#5513=AXIS2_PLACEMENT_3D('',#8240,#6579,#6580);
#5514=AXIS2_PLACEMENT_3D('',#8241,#6581,#6582);
#5515=AXIS2_PLACEMENT_3D('',#8243,#6583,#6584);
#5516=AXIS2_PLACEMENT_3D('',#8246,#6586,#6587);
#5517=AXIS2_PLACEMENT_3D('',#8247,#6588,#6589);
#5518=AXIS2_PLACEMENT_3D('',#8248,#6590,#6591);
#5519=AXIS2_PLACEMENT_3D('',#8249,#6592,#6593);
#5520=AXIS2_PLACEMENT_3D('',#8258,#6598,#6599);
#5521=AXIS2_PLACEMENT_3D('',#8264,#6603,#6604);
#5522=AXIS2_PLACEMENT_3D('',#8270,#6608,#6609);
#5523=AXIS2_PLACEMENT_3D('',#8273,#6612,#6613);
#5524=AXIS2_PLACEMENT_3D('',#8274,#6614,#6615);
#5525=AXIS2_PLACEMENT_3D('',#8275,#6616,#6617);
#5526=AXIS2_PLACEMENT_3D('',#8284,#6622,#6623);
#5527=AXIS2_PLACEMENT_3D('',#8290,#6627,#6628);
#5528=AXIS2_PLACEMENT_3D('',#8296,#6632,#6633);
#5529=AXIS2_PLACEMENT_3D('',#8299,#6636,#6637);
#5530=AXIS2_PLACEMENT_3D('',#8300,#6638,#6639);
#5531=AXIS2_PLACEMENT_3D('',#8301,#6640,#6641);
#5532=AXIS2_PLACEMENT_3D('',#8310,#6646,#6647);
#5533=AXIS2_PLACEMENT_3D('',#8316,#6651,#6652);
#5534=AXIS2_PLACEMENT_3D('',#8322,#6656,#6657);
#5535=AXIS2_PLACEMENT_3D('',#8325,#6660,#6661);
#5536=AXIS2_PLACEMENT_3D('',#8326,#6662,#6663);
#5537=AXIS2_PLACEMENT_3D('',#8327,#6664,#6665);
#5538=AXIS2_PLACEMENT_3D('',#8329,#6666,#6667);
#5539=AXIS2_PLACEMENT_3D('',#8332,#6669,#6670);
#5540=AXIS2_PLACEMENT_3D('',#8333,#6671,#6672);
#5541=AXIS2_PLACEMENT_3D('',#8334,#6673,#6674);
#5542=AXIS2_PLACEMENT_3D('',#8335,#6675,#6676);
#5543=AXIS2_PLACEMENT_3D('',#8345,#6681,#6682);
#5544=AXIS2_PLACEMENT_3D('',#8347,#6683,#6684);
#5545=AXIS2_PLACEMENT_3D('',#8349,#6685,#6686);
#5546=AXIS2_PLACEMENT_3D('',#8351,#6687,#6688);
#5547=AXIS2_PLACEMENT_3D('',#8353,#6689,#6690);
#5548=AXIS2_PLACEMENT_3D('',#8355,#6691,#6692);
#5549=AXIS2_PLACEMENT_3D('',#8357,#6693,#6694);
#5550=AXIS2_PLACEMENT_3D('',#8359,#6695,#6696);
#5551=AXIS2_PLACEMENT_3D('',#8361,#6697,#6698);
#5552=AXIS2_PLACEMENT_3D('',#8363,#6699,#6700);
#5553=AXIS2_PLACEMENT_3D('',#8365,#6701,#6702);
#5554=AXIS2_PLACEMENT_3D('',#8367,#6703,#6704);
#5555=AXIS2_PLACEMENT_3D('',#8369,#6705,#6706);
#5556=AXIS2_PLACEMENT_3D('',#8371,#6707,#6708);
#5557=AXIS2_PLACEMENT_3D('',#8373,#6709,#6710);
#5558=AXIS2_PLACEMENT_3D('',#8375,#6711,#6712);
#5559=AXIS2_PLACEMENT_3D('',#8377,#6713,#6714);
#5560=AXIS2_PLACEMENT_3D('',#8379,#6715,#6716);
#5561=AXIS2_PLACEMENT_3D('',#8381,#6717,#6718);
#5562=AXIS2_PLACEMENT_3D('',#8383,#6719,#6720);
#5563=AXIS2_PLACEMENT_3D('',#8385,#6721,#6722);
#5564=AXIS2_PLACEMENT_3D('',#8387,#6723,#6724);
#5565=AXIS2_PLACEMENT_3D('',#8389,#6725,#6726);
#5566=AXIS2_PLACEMENT_3D('',#8391,#6727,#6728);
#5567=AXIS2_PLACEMENT_3D('',#8393,#6729,#6730);
#5568=AXIS2_PLACEMENT_3D('',#8395,#6731,#6732);
#5569=AXIS2_PLACEMENT_3D('',#8397,#6733,#6734);
#5570=AXIS2_PLACEMENT_3D('',#8399,#6735,#6736);
#5571=AXIS2_PLACEMENT_3D('',#8401,#6737,#6738);
#5572=AXIS2_PLACEMENT_3D('',#8403,#6739,#6740);
#5573=AXIS2_PLACEMENT_3D('',#8405,#6741,#6742);
#5574=AXIS2_PLACEMENT_3D('',#8407,#6743,#6744);
#5575=AXIS2_PLACEMENT_3D('',#8409,#6745,#6746);
#5576=AXIS2_PLACEMENT_3D('',#8411,#6747,#6748);
#5577=AXIS2_PLACEMENT_3D('',#8413,#6749,#6750);
#5578=AXIS2_PLACEMENT_3D('',#8415,#6751,#6752);
#5579=AXIS2_PLACEMENT_3D('',#8417,#6753,#6754);
#5580=AXIS2_PLACEMENT_3D('',#8419,#6755,#6756);
#5581=AXIS2_PLACEMENT_3D('',#8421,#6757,#6758);
#5582=AXIS2_PLACEMENT_3D('',#8423,#6759,#6760);
#5583=AXIS2_PLACEMENT_3D('',#8425,#6761,#6762);
#5584=AXIS2_PLACEMENT_3D('',#8427,#6763,#6764);
#5585=AXIS2_PLACEMENT_3D('',#8429,#6765,#6766);
#5586=AXIS2_PLACEMENT_3D('',#8431,#6767,#6768);
#5587=AXIS2_PLACEMENT_3D('',#8433,#6769,#6770);
#5588=AXIS2_PLACEMENT_3D('',#8435,#6771,#6772);
#5589=AXIS2_PLACEMENT_3D('',#8437,#6773,#6774);
#5590=AXIS2_PLACEMENT_3D('',#8439,#6775,#6776);
#5591=AXIS2_PLACEMENT_3D('',#8441,#6777,#6778);
#5592=AXIS2_PLACEMENT_3D('',#8443,#6779,#6780);
#5593=AXIS2_PLACEMENT_3D('',#8445,#6781,#6782);
#5594=AXIS2_PLACEMENT_3D('',#8447,#6783,#6784);
#5595=AXIS2_PLACEMENT_3D('',#8449,#6785,#6786);
#5596=AXIS2_PLACEMENT_3D('',#8451,#6787,#6788);
#5597=AXIS2_PLACEMENT_3D('',#8453,#6789,#6790);
#5598=AXIS2_PLACEMENT_3D('',#8455,#6791,#6792);
#5599=AXIS2_PLACEMENT_3D('',#8457,#6793,#6794);
#5600=AXIS2_PLACEMENT_3D('',#8459,#6795,#6796);
#5601=AXIS2_PLACEMENT_3D('',#8461,#6797,#6798);
#5602=AXIS2_PLACEMENT_3D('',#8463,#6799,#6800);
#5603=AXIS2_PLACEMENT_3D('',#8465,#6801,#6802);
#5604=AXIS2_PLACEMENT_3D('',#8467,#6803,#6804);
#5605=AXIS2_PLACEMENT_3D('',#8469,#6805,#6806);
#5606=AXIS2_PLACEMENT_3D('',#8471,#6807,#6808);
#5607=AXIS2_PLACEMENT_3D('',#8472,#6809,#6810);
#5608=AXIS2_PLACEMENT_3D('',#8474,#6811,#6812);
#5609=AXIS2_PLACEMENT_3D('',#8476,#6814,#6815);
#5610=AXIS2_PLACEMENT_3D('',#8478,#6816,#6817);
#5611=AXIS2_PLACEMENT_3D('',#8480,#6819,#6820);
#5612=AXIS2_PLACEMENT_3D('',#8482,#6821,#6822);
#5613=AXIS2_PLACEMENT_3D('',#8484,#6824,#6825);
#5614=AXIS2_PLACEMENT_3D('',#8486,#6826,#6827);
#5615=AXIS2_PLACEMENT_3D('',#8488,#6829,#6830);
#5616=AXIS2_PLACEMENT_3D('',#8490,#6831,#6832);
#5617=AXIS2_PLACEMENT_3D('',#8492,#6834,#6835);
#5618=AXIS2_PLACEMENT_3D('',#8494,#6836,#6837);
#5619=AXIS2_PLACEMENT_3D('',#8496,#6839,#6840);
#5620=AXIS2_PLACEMENT_3D('',#8498,#6841,#6842);
#5621=AXIS2_PLACEMENT_3D('',#8500,#6844,#6845);
#5622=AXIS2_PLACEMENT_3D('',#8502,#6846,#6847);
#5623=AXIS2_PLACEMENT_3D('',#8504,#6849,#6850);
#5624=AXIS2_PLACEMENT_3D('',#8506,#6851,#6852);
#5625=AXIS2_PLACEMENT_3D('',#8508,#6854,#6855);
#5626=AXIS2_PLACEMENT_3D('',#8510,#6856,#6857);
#5627=AXIS2_PLACEMENT_3D('',#8512,#6859,#6860);
#5628=AXIS2_PLACEMENT_3D('',#8514,#6861,#6862);
#5629=AXIS2_PLACEMENT_3D('',#8516,#6864,#6865);
#5630=AXIS2_PLACEMENT_3D('',#8518,#6866,#6867);
#5631=AXIS2_PLACEMENT_3D('',#8520,#6869,#6870);
#5632=AXIS2_PLACEMENT_3D('',#8522,#6871,#6872);
#5633=AXIS2_PLACEMENT_3D('',#8524,#6874,#6875);
#5634=AXIS2_PLACEMENT_3D('',#8526,#6876,#6877);
#5635=AXIS2_PLACEMENT_3D('',#8528,#6879,#6880);
#5636=AXIS2_PLACEMENT_3D('',#8530,#6881,#6882);
#5637=AXIS2_PLACEMENT_3D('',#8532,#6884,#6885);
#5638=AXIS2_PLACEMENT_3D('',#8534,#6886,#6887);
#5639=AXIS2_PLACEMENT_3D('',#8536,#6889,#6890);
#5640=AXIS2_PLACEMENT_3D('',#8538,#6891,#6892);
#5641=AXIS2_PLACEMENT_3D('',#8540,#6894,#6895);
#5642=AXIS2_PLACEMENT_3D('',#8542,#6896,#6897);
#5643=AXIS2_PLACEMENT_3D('',#8544,#6899,#6900);
#5644=AXIS2_PLACEMENT_3D('',#8546,#6901,#6902);
#5645=AXIS2_PLACEMENT_3D('',#8548,#6904,#6905);
#5646=AXIS2_PLACEMENT_3D('',#8550,#6906,#6907);
#5647=AXIS2_PLACEMENT_3D('',#8552,#6909,#6910);
#5648=AXIS2_PLACEMENT_3D('',#8554,#6911,#6912);
#5649=AXIS2_PLACEMENT_3D('',#8556,#6914,#6915);
#5650=AXIS2_PLACEMENT_3D('',#8558,#6916,#6917);
#5651=AXIS2_PLACEMENT_3D('',#8560,#6919,#6920);
#5652=AXIS2_PLACEMENT_3D('',#8562,#6921,#6922);
#5653=AXIS2_PLACEMENT_3D('',#8564,#6924,#6925);
#5654=AXIS2_PLACEMENT_3D('',#8566,#6926,#6927);
#5655=AXIS2_PLACEMENT_3D('',#8568,#6929,#6930);
#5656=AXIS2_PLACEMENT_3D('',#8570,#6931,#6932);
#5657=AXIS2_PLACEMENT_3D('',#8572,#6934,#6935);
#5658=AXIS2_PLACEMENT_3D('',#8574,#6936,#6937);
#5659=AXIS2_PLACEMENT_3D('',#8576,#6939,#6940);
#5660=AXIS2_PLACEMENT_3D('',#8578,#6941,#6942);
#5661=AXIS2_PLACEMENT_3D('',#8580,#6944,#6945);
#5662=AXIS2_PLACEMENT_3D('',#8582,#6946,#6947);
#5663=AXIS2_PLACEMENT_3D('',#8584,#6949,#6950);
#5664=AXIS2_PLACEMENT_3D('',#8586,#6951,#6952);
#5665=AXIS2_PLACEMENT_3D('',#8588,#6954,#6955);
#5666=AXIS2_PLACEMENT_3D('',#8590,#6956,#6957);
#5667=AXIS2_PLACEMENT_3D('',#8592,#6959,#6960);
#5668=AXIS2_PLACEMENT_3D('',#8594,#6961,#6962);
#5669=AXIS2_PLACEMENT_3D('',#8596,#6964,#6965);
#5670=AXIS2_PLACEMENT_3D('',#8598,#6966,#6967);
#5671=AXIS2_PLACEMENT_3D('',#8600,#6969,#6970);
#5672=AXIS2_PLACEMENT_3D('',#8602,#6971,#6972);
#5673=AXIS2_PLACEMENT_3D('',#8604,#6974,#6975);
#5674=AXIS2_PLACEMENT_3D('',#8606,#6976,#6977);
#5675=AXIS2_PLACEMENT_3D('',#8608,#6979,#6980);
#5676=AXIS2_PLACEMENT_3D('',#8610,#6981,#6982);
#5677=AXIS2_PLACEMENT_3D('',#8612,#6984,#6985);
#5678=AXIS2_PLACEMENT_3D('',#8614,#6986,#6987);
#5679=AXIS2_PLACEMENT_3D('',#8616,#6989,#6990);
#5680=AXIS2_PLACEMENT_3D('',#8618,#6991,#6992);
#5681=AXIS2_PLACEMENT_3D('',#8620,#6994,#6995);
#5682=AXIS2_PLACEMENT_3D('',#8622,#6996,#6997);
#5683=AXIS2_PLACEMENT_3D('',#8624,#6999,#7000);
#5684=AXIS2_PLACEMENT_3D('',#8626,#7001,#7002);
#5685=AXIS2_PLACEMENT_3D('',#8628,#7004,#7005);
#5686=AXIS2_PLACEMENT_3D('',#8630,#7006,#7007);
#5687=AXIS2_PLACEMENT_3D('',#8632,#7009,#7010);
#5688=AXIS2_PLACEMENT_3D('',#8634,#7011,#7012);
#5689=AXIS2_PLACEMENT_3D('',#8636,#7014,#7015);
#5690=AXIS2_PLACEMENT_3D('',#8638,#7016,#7017);
#5691=AXIS2_PLACEMENT_3D('',#8640,#7019,#7020);
#5692=AXIS2_PLACEMENT_3D('',#8642,#7021,#7022);
#5693=AXIS2_PLACEMENT_3D('',#8644,#7024,#7025);
#5694=AXIS2_PLACEMENT_3D('',#8646,#7026,#7027);
#5695=AXIS2_PLACEMENT_3D('',#8648,#7029,#7030);
#5696=AXIS2_PLACEMENT_3D('',#8650,#7031,#7032);
#5697=AXIS2_PLACEMENT_3D('',#8652,#7034,#7035);
#5698=AXIS2_PLACEMENT_3D('',#8654,#7036,#7037);
#5699=AXIS2_PLACEMENT_3D('',#8656,#7039,#7040);
#5700=AXIS2_PLACEMENT_3D('',#8658,#7041,#7042);
#5701=AXIS2_PLACEMENT_3D('',#8660,#7044,#7045);
#5702=AXIS2_PLACEMENT_3D('',#8662,#7046,#7047);
#5703=AXIS2_PLACEMENT_3D('',#8664,#7049,#7050);
#5704=AXIS2_PLACEMENT_3D('',#8666,#7051,#7052);
#5705=AXIS2_PLACEMENT_3D('',#8668,#7054,#7055);
#5706=AXIS2_PLACEMENT_3D('',#8670,#7056,#7057);
#5707=AXIS2_PLACEMENT_3D('',#8672,#7059,#7060);
#5708=AXIS2_PLACEMENT_3D('',#8674,#7061,#7062);
#5709=AXIS2_PLACEMENT_3D('',#8676,#7064,#7065);
#5710=AXIS2_PLACEMENT_3D('',#8678,#7066,#7067);
#5711=AXIS2_PLACEMENT_3D('',#8680,#7069,#7070);
#5712=AXIS2_PLACEMENT_3D('',#8682,#7071,#7072);
#5713=AXIS2_PLACEMENT_3D('',#8684,#7074,#7075);
#5714=AXIS2_PLACEMENT_3D('',#8686,#7076,#7077);
#5715=AXIS2_PLACEMENT_3D('',#8688,#7079,#7080);
#5716=AXIS2_PLACEMENT_3D('',#8690,#7081,#7082);
#5717=AXIS2_PLACEMENT_3D('',#8692,#7084,#7085);
#5718=AXIS2_PLACEMENT_3D('',#8694,#7086,#7087);
#5719=AXIS2_PLACEMENT_3D('',#8696,#7089,#7090);
#5720=AXIS2_PLACEMENT_3D('',#8698,#7091,#7092);
#5721=AXIS2_PLACEMENT_3D('',#8700,#7094,#7095);
#5722=AXIS2_PLACEMENT_3D('',#8702,#7096,#7097);
#5723=AXIS2_PLACEMENT_3D('',#8704,#7099,#7100);
#5724=AXIS2_PLACEMENT_3D('',#8706,#7101,#7102);
#5725=AXIS2_PLACEMENT_3D('',#8708,#7104,#7105);
#5726=AXIS2_PLACEMENT_3D('',#8710,#7106,#7107);
#5727=AXIS2_PLACEMENT_3D('',#8712,#7109,#7110);
#5728=AXIS2_PLACEMENT_3D('',#8714,#7111,#7112);
#5729=AXIS2_PLACEMENT_3D('',#8716,#7114,#7115);
#5730=AXIS2_PLACEMENT_3D('',#8718,#7116,#7117);
#5731=AXIS2_PLACEMENT_3D('',#8720,#7119,#7120);
#5732=AXIS2_PLACEMENT_3D('',#8722,#7121,#7122);
#5733=AXIS2_PLACEMENT_3D('',#8724,#7124,#7125);
#5734=AXIS2_PLACEMENT_3D('',#8726,#7126,#7127);
#5735=AXIS2_PLACEMENT_3D('',#8728,#7129,#7130);
#5736=AXIS2_PLACEMENT_3D('',#8737,#7135,#7136);
#5737=AXIS2_PLACEMENT_3D('',#8743,#7140,#7141);
#5738=AXIS2_PLACEMENT_3D('',#8747,#7144,#7145);
#5739=AXIS2_PLACEMENT_3D('',#8751,#7148,#7149);
#5740=AXIS2_PLACEMENT_3D('',#8753,#7151,#7152);
#5741=AXIS2_PLACEMENT_3D('',#8759,#7156,#7157);
#5742=AXIS2_PLACEMENT_3D('',#8763,#7160,#7161);
#5743=AXIS2_PLACEMENT_3D('',#8767,#7164,#7165);
#5744=AXIS2_PLACEMENT_3D('',#8769,#7167,#7168);
#5745=AXIS2_PLACEMENT_3D('',#8770,#7169,#7170);
#5746=AXIS2_PLACEMENT_3D('',#8779,#7175,#7176);
#5747=AXIS2_PLACEMENT_3D('',#8785,#7180,#7181);
#5748=AXIS2_PLACEMENT_3D('',#8789,#7184,#7185);
#5749=AXIS2_PLACEMENT_3D('',#8793,#7188,#7189);
#5750=AXIS2_PLACEMENT_3D('',#8795,#7191,#7192);
#5751=AXIS2_PLACEMENT_3D('',#8796,#7193,#7194);
#5752=DIRECTION('axis',(0.,0.,1.));
#5753=DIRECTION('refdir',(1.,0.,0.));
#5754=DIRECTION('axis',(0.,0.,1.));
#5755=DIRECTION('refdir',(1.,0.,0.));
#5756=DIRECTION('center_axis',(-0.640856382055789,0.29883623873012,0.707106781186547));
#5757=DIRECTION('ref_axis',(0.640856382055788,-0.29883623873012,0.707106781186548));
#5758=DIRECTION('',(0.4226182617407,0.90630778703665,0.));
#5759=DIRECTION('',(0.640856382055788,-0.29883623873012,0.707106781186548));
#5760=DIRECTION('',(0.4226182617407,0.90630778703665,0.));
#5761=DIRECTION('',(-0.279258277633819,0.767255811994709,-0.577350269189626));
#5762=DIRECTION('center_axis',(0.29883623873012,0.640856382055788,0.707106781186548));
#5763=DIRECTION('ref_axis',(0.90630778703665,-0.4226182617407,0.));
#5764=DIRECTION('',(0.90630778703665,-0.4226182617407,0.));
#5765=DIRECTION('',(0.29883623873012,0.640856382055789,-0.707106781186547));
#5766=DIRECTION('',(0.90630778703665,-0.4226182617407,0.));
#5767=DIRECTION('center_axis',(0.,0.,1.));
#5768=DIRECTION('ref_axis',(0.90630778703665,-0.4226182617407,0.));
#5769=DIRECTION('',(0.90630778703665,-0.4226182617407,0.));
#5770=DIRECTION('',(0.4226182617407,0.90630778703665,0.));
#5771=DIRECTION('center_axis',(-0.4226182617407,-0.90630778703665,0.));
#5772=DIRECTION('ref_axis',(0.90630778703665,-0.4226182617407,0.));
#5773=DIRECTION('',(-0.90630778703665,0.4226182617407,0.));
#5774=DIRECTION('',(0.,0.,1.));
#5775=DIRECTION('center_axis',(0.90630778703665,-0.4226182617407,0.));
#5776=DIRECTION('ref_axis',(0.4226182617407,0.90630778703665,0.));
#5777=DIRECTION('',(-0.4226182617407,-0.90630778703665,0.));
#5778=DIRECTION('center_axis',(0.,0.,1.));
#5779=DIRECTION('ref_axis',(-0.90630778703665,0.4226182617407,0.));
#5780=DIRECTION('center_axis',(0.,0.,1.));
#5781=DIRECTION('ref_axis',(0.925839967009294,0.377915804761099,0.));
#5782=DIRECTION('center_axis',(0.,0.,1.));
#5783=DIRECTION('ref_axis',(0.925839967009294,0.377915804761099,0.));
#5784=DIRECTION('',(0.,0.,-1.));
#5785=DIRECTION('center_axis',(-0.405579787672639,-0.579227965339569,-0.707106781186547));
#5786=DIRECTION('ref_axis',(0.405579787672639,0.579227965339569,-0.707106781186548));
#5787=DIRECTION('center_axis',(0.,0.,-1.));
#5788=DIRECTION('ref_axis',(0.925839967009294,0.377915804761099,0.));
#5789=DIRECTION('center_axis',(-0.579227965339569,0.405579787672639,-0.707106781186548));
#5790=DIRECTION('ref_axis',(0.579227965339569,-0.405579787672639,-0.707106781186547));
#5791=DIRECTION('',(0.,0.,1.));
#5792=DIRECTION('center_axis',(0.,0.,1.));
#5793=DIRECTION('ref_axis',(-0.573576436351046,-0.819152044288992,0.));
#5794=DIRECTION('',(0.984807753012208,0.17364817766693,0.));
#5795=DIRECTION('',(0.819152044288992,-0.573576436351046,0.));
#5796=DIRECTION('',(-0.573576436351046,-0.819152044288992,0.));
#5797=DIRECTION('',(-0.984807753012208,-0.17364817766693,0.));
#5798=DIRECTION('center_axis',(0.579227965339569,-0.405579787672639,0.707106781186548));
#5799=DIRECTION('ref_axis',(0.573576436351046,0.819152044288992,0.));
#5800=DIRECTION('',(-0.573576436351046,-0.819152044288992,0.));
#5801=DIRECTION('',(0.579227965339569,-0.405579787672639,-0.707106781186547));
#5802=DIRECTION('center_axis',(0.17364817766693,-0.984807753012208,0.));
#5803=DIRECTION('ref_axis',(0.,0.,1.));
#5804=DIRECTION('',(-0.984807753012208,-0.17364817766693,0.));
#5805=DIRECTION('',(0.,0.,-1.));
#5806=DIRECTION('center_axis',(0.405579787672639,0.579227965339569,0.707106781186547));
#5807=DIRECTION('ref_axis',(0.405579787672639,0.579227965339569,-0.707106781186548));
#5808=DIRECTION('',(-0.405579787672639,-0.579227965339569,0.707106781186548));
#5809=DIRECTION('',(0.819152044288992,-0.573576436351046,0.));
#5810=DIRECTION('center_axis',(-0.17364817766693,0.984807753012208,0.));
#5811=DIRECTION('ref_axis',(0.,0.,-1.));
#5812=DIRECTION('',(0.,0.,1.));
#5813=DIRECTION('',(0.984807753012208,0.17364817766693,0.));
#5814=DIRECTION('center_axis',(-0.573576436351046,-0.819152044288992,0.));
#5815=DIRECTION('ref_axis',(-0.57922796533957,0.405579787672639,0.707106781186547));
#5816=DIRECTION('center_axis',(0.573576436351046,0.819152044288992,0.));
#5817=DIRECTION('ref_axis',(-0.57922796533957,0.405579787672639,0.707106781186547));
#5818=DIRECTION('center_axis',(-0.819152044288992,0.573576436351046,0.));
#5819=DIRECTION('ref_axis',(-0.405579787672639,-0.579227965339569,0.707106781186548));
#5820=DIRECTION('center_axis',(0.819152044288992,-0.573576436351046,0.));
#5821=DIRECTION('ref_axis',(-0.405579787672639,-0.579227965339569,0.707106781186548));
#5822=DIRECTION('center_axis',(-0.573576436351046,-0.819152044288992,0.));
#5823=DIRECTION('ref_axis',(0.819152044288992,-0.573576436351046,0.));
#5824=DIRECTION('',(0.819152044288992,-0.573576436351046,0.));
#5825=DIRECTION('',(0.,0.,1.));
#5826=DIRECTION('center_axis',(0.819152044288992,-0.573576436351046,0.));
#5827=DIRECTION('ref_axis',(-0.405579787672639,-0.579227965339569,0.707106781186548));
#5828=DIRECTION('',(-0.819152044288992,0.573576436351046,0.));
#5829=DIRECTION('center_axis',(0.17364817766693,-0.984807753012208,0.));
#5830=DIRECTION('ref_axis',(-0.984807753012208,-0.17364817766693,0.));
#5831=DIRECTION('center_axis',(0.,0.,1.));
#5832=DIRECTION('ref_axis',(0.573576436351046,0.819152044288992,0.));
#5833=DIRECTION('',(0.573576436351046,0.819152044288992,0.));
#5834=DIRECTION('center_axis',(-0.573576436351046,-0.819152044288992,0.));
#5835=DIRECTION('ref_axis',(-0.57922796533957,0.405579787672639,0.707106781186547));
#5836=DIRECTION('',(-0.573576436351046,-0.819152044288992,0.));
#5837=DIRECTION('center_axis',(-0.819152044288992,0.573576436351046,0.));
#5838=DIRECTION('ref_axis',(-0.573576436351046,-0.819152044288992,0.));
#5839=DIRECTION('center_axis',(-0.996194698091746,4.19639636957564E-36,
0.0871557427476582));
#5840=DIRECTION('ref_axis',(0.0616284167162171,0.707106781186546,0.70441602640276));
#5841=DIRECTION('',(0.996194698091746,-4.19639636957564E-36,-0.0871557427476582));
#5842=DIRECTION('',(-0.996194698091746,4.19639636957564E-36,0.0871557427476582));
#5843=DIRECTION('center_axis',(1.,0.,6.93889390390723E-18));
#5844=DIRECTION('ref_axis',(-6.93889390390723E-18,7.57652372459006E-15,
1.));
#5845=DIRECTION('center_axis',(-1.,0.,-6.93889390390723E-18));
#5846=DIRECTION('ref_axis',(-3.34095588761524E-52,-1.,4.81482486096809E-35));
#5847=DIRECTION('',(-6.93889390390723E-18,4.81482486096809E-35,1.));
#5848=DIRECTION('',(3.34095588761524E-52,1.,-4.81482486096809E-35));
#5849=DIRECTION('',(4.91588322840095E-18,-0.705757556807951,-0.708453436019948));
#5850=DIRECTION('center_axis',(3.34095588761524E-52,1.,-4.81482486096809E-35));
#5851=DIRECTION('ref_axis',(-1.,0.,-6.93889390390723E-18));
#5852=DIRECTION('',(-6.93889390390723E-18,4.81482486096809E-35,1.));
#5853=DIRECTION('',(1.,0.,6.93889390390723E-18));
#5854=DIRECTION('',(-0.66430075157515,0.747465391477552,3.46312407954652E-16));
#5855=DIRECTION('',(0.707106781186548,-0.707106781186548,4.9065389333868E-18));
#5856=DIRECTION('center_axis',(0.707106781186548,0.707106781186548,4.9065389333868E-18));
#5857=DIRECTION('ref_axis',(6.93889390390723E-18,-4.81482486096809E-35,
-1.));
#5858=DIRECTION('',(-0.707106781186548,0.707106781186548,-4.9065389333868E-18));
#5859=DIRECTION('',(6.93889390390723E-18,-4.81482486096809E-35,-1.));
#5860=DIRECTION('center_axis',(-4.91588322840095E-18,0.705757556807951,
0.708453436019948));
#5861=DIRECTION('ref_axis',(0.728569974922181,-0.485270327851539,0.483423727746945));
#5862=DIRECTION('center_axis',(-0.0871557427476582,-4.79650299873674E-35,
-0.996194698091746));
#5863=DIRECTION('ref_axis',(0.0868240888334654,-0.996194698091746,-0.00759612349389592));
#5864=DIRECTION('',(8.33694758887798E-18,-0.705757556807951,-0.708453436019948));
#5865=DIRECTION('center_axis',(3.34095588761524E-52,1.,-4.81482486096809E-35));
#5866=DIRECTION('ref_axis',(3.72733202702457E-16,4.81482486096809E-35,1.));
#5867=DIRECTION('center_axis',(-6.93889390390723E-18,4.81482486096809E-35,
1.));
#5868=DIRECTION('ref_axis',(2.28673429401086E-16,-1.,1.63488891386644E-33));
#5869=DIRECTION('',(-4.91588322840095E-18,0.705757556807951,0.708453436019948));
#5870=DIRECTION('center_axis',(0.0871557427476582,4.79650299873674E-35,
0.996194698091746));
#5871=DIRECTION('ref_axis',(0.996194698091746,-4.19639636957564E-36,-0.0871557427476582));
#5872=DIRECTION('center_axis',(-0.0871557427476582,-4.79650299873674E-35,
-0.996194698091746));
#5873=DIRECTION('ref_axis',(0.0868240888334651,-0.996194698091746,-0.0075961234938959));
#5874=DIRECTION('',(-0.996194698091746,4.19639636957564E-36,0.0871557427476582));
#5875=DIRECTION('center_axis',(4.91588322840095E-18,-0.705757556807951,
-0.708453436019948));
#5876=DIRECTION('ref_axis',(-0.684971380162624,-0.516157902114587,0.514193765464711));
#5877=DIRECTION('center_axis',(-6.93889390390723E-18,4.81482486096809E-35,
1.));
#5878=DIRECTION('ref_axis',(-2.28673429401086E-16,-1.,-1.53859241664707E-33));
#5879=DIRECTION('center_axis',(3.34095588761524E-52,1.,-4.81482486096809E-35));
#5880=DIRECTION('ref_axis',(-2.34742151867726E-16,4.81482486096809E-35,
1.));
#5881=DIRECTION('',(-8.33694758887798E-18,0.705757556807951,0.708453436019948));
#5882=DIRECTION('center_axis',(1.,0.,6.93889390390723E-18));
#5883=DIRECTION('ref_axis',(3.34095588761524E-52,1.,-4.81482486096809E-35));
#5884=DIRECTION('',(-3.34095588761524E-52,-1.,4.81482486096809E-35));
#5885=DIRECTION('center_axis',(0.0616284167162193,-0.707106781186548,0.704416026402758));
#5886=DIRECTION('ref_axis',(0.996194698091746,-4.19639636957564E-36,-0.0871557427476582));
#5887=DIRECTION('',(0.996194698091746,-4.19639636957564E-36,-0.0871557427476582));
#5888=DIRECTION('center_axis',(-3.34095588761524E-52,-1.,4.81482486096809E-35));
#5889=DIRECTION('ref_axis',(1.,0.,6.93889390390723E-18));
#5890=DIRECTION('',(-1.,0.,-6.93889390390723E-18));
#5891=DIRECTION('center_axis',(-6.93889390390723E-18,4.81482486096809E-35,
1.));
#5892=DIRECTION('ref_axis',(-1.,0.,-6.93889390390723E-18));
#5893=DIRECTION('center_axis',(0.991341304539567,-0.131310387684258,0.));
#5894=DIRECTION('ref_axis',(0.131310387684258,0.991341304539567,0.));
#5895=DIRECTION('',(0.131310387684258,0.991341304539567,0.));
#5896=DIRECTION('',(0.,0.,1.));
#5897=DIRECTION('',(0.131310387684258,0.991341304539567,0.));
#5898=DIRECTION('',(0.,0.,1.));
#5899=DIRECTION('center_axis',(-0.665331518603913,-0.746548036198751,0.));
#5900=DIRECTION('ref_axis',(0.746548036198751,-0.665331518603912,0.));
#5901=DIRECTION('',(0.746548036198751,-0.665331518603912,0.));
#5902=DIRECTION('',(0.746548036198751,-0.665331518603912,0.));
#5903=DIRECTION('',(0.,0.,1.));
#5904=DIRECTION('center_axis',(0.131310387684258,0.991341304539567,0.));
#5905=DIRECTION('ref_axis',(-0.991341304539567,0.131310387684258,0.));
#5906=DIRECTION('',(-0.991341304539567,0.131310387684258,0.));
#5907=DIRECTION('',(-0.991341304539567,0.131310387684258,0.));
#5908=DIRECTION('',(0.,0.,1.));
#5909=DIRECTION('center_axis',(0.703577531956472,0.710618502803044,0.));
#5910=DIRECTION('ref_axis',(-0.710618502803044,0.703577531956472,0.));
#5911=DIRECTION('',(-0.710618502803044,0.703577531956472,0.));
#5912=DIRECTION('',(-0.710618502803044,0.703577531956472,0.));
#5913=DIRECTION('center_axis',(0.,0.,1.));
#5914=DIRECTION('ref_axis',(0.642787609686539,-0.766044443118978,0.));
#5915=DIRECTION('center_axis',(0.,0.,1.));
#5916=DIRECTION('ref_axis',(-0.642787609686539,0.766044443118978,0.));
#5917=DIRECTION('center_axis',(0.766044443118978,-0.642787609686539,0.));
#5918=DIRECTION('ref_axis',(0.514230087749232,0.612835554495182,0.6));
#5919=DIRECTION('center_axis',(0.766044443118978,-0.642787609686539,0.));
#5920=DIRECTION('ref_axis',(0.514230087749232,0.612835554495182,0.6));
#5921=DIRECTION('',(0.766044443118978,-0.642787609686539,0.));
#5922=DIRECTION('center_axis',(-0.766044443118978,0.642787609686539,0.));
#5923=DIRECTION('ref_axis',(0.514230087749232,0.612835554495182,0.6));
#5924=DIRECTION('',(0.766044443118978,-0.642787609686539,0.));
#5925=DIRECTION('center_axis',(0.,0.,1.));
#5926=DIRECTION('ref_axis',(0.766044443118978,-0.642787609686539,0.));
#5927=DIRECTION('',(-0.642787609686539,-0.766044443118978,0.));
#5928=DIRECTION('',(0.766044443118978,-0.642787609686539,0.));
#5929=DIRECTION('',(0.642787609686539,0.766044443118978,0.));
#5930=DIRECTION('center_axis',(-0.766044443118978,0.642787609686539,0.));
#5931=DIRECTION('ref_axis',(-0.642787609686539,-0.766044443118978,0.));
#5932=DIRECTION('',(0.642787609686539,0.766044443118978,0.));
#5933=DIRECTION('',(0.,0.,1.));
#5934=DIRECTION('center_axis',(0.766044443118978,-0.642787609686539,0.));
#5935=DIRECTION('ref_axis',(0.642787609686539,0.766044443118978,0.));
#5936=DIRECTION('',(0.,0.,1.));
#5937=DIRECTION('',(-0.642787609686539,-0.766044443118978,0.));
#5938=DIRECTION('center_axis',(-0.642787609686539,-0.766044443118978,0.));
#5939=DIRECTION('ref_axis',(0.766044443118978,-0.642787609686539,0.));
#5940=DIRECTION('',(-0.766044443118978,0.642787609686539,0.));
#5941=DIRECTION('center_axis',(0.,0.,1.));
#5942=DIRECTION('ref_axis',(-0.766044443118978,0.642787609686539,0.));
#5943=DIRECTION('center_axis',(0.,0.707106781186548,0.707106781186547));
#5944=DIRECTION('ref_axis',(1.,0.,0.));
#5945=DIRECTION('',(-0.454504872073677,-0.629851300411966,0.629851300411967));
#5946=DIRECTION('',(1.,0.,0.));
#5947=DIRECTION('',(0.454504872073676,0.629851300411966,-0.629851300411967));
#5948=DIRECTION('',(-1.,0.,0.));
#5949=DIRECTION('center_axis',(0.,0.,1.));
#5950=DIRECTION('ref_axis',(1.,0.,0.));
#5951=DIRECTION('',(-0.585162433555075,-0.810916103154884,0.));
#5952=DIRECTION('',(0.987118578858145,-0.159990347437199,0.));
#5953=DIRECTION('',(0.585162433555075,0.810916103154884,0.));
#5954=DIRECTION('center_axis',(-0.810916103154884,0.585162433555075,0.));
#5955=DIRECTION('ref_axis',(-0.585162433555075,-0.810916103154884,0.));
#5956=DIRECTION('',(-0.585162433555075,-0.810916103154884,0.));
#5957=DIRECTION('',(0.,0.,1.));
#5958=DIRECTION('center_axis',(0.810916103154884,-0.585162433555075,0.));
#5959=DIRECTION('ref_axis',(0.585162433555075,0.810916103154884,0.));
#5960=DIRECTION('',(0.,0.,1.));
#5961=DIRECTION('',(0.585162433555075,0.810916103154884,0.));
#5962=DIRECTION('center_axis',(-0.159990347437199,-0.987118578858145,0.));
#5963=DIRECTION('ref_axis',(0.987118578858145,-0.159990347437199,0.));
#5964=DIRECTION('',(0.987118578858145,-0.159990347437199,0.));
#5965=DIRECTION('center_axis',(0.,0.,1.));
#5966=DIRECTION('ref_axis',(-1.,0.,0.));
#5967=DIRECTION('center_axis',(0.54253178756625,-0.197465421817347,0.816496580927726));
#5968=DIRECTION('ref_axis',(0.81062632814054,0.378001264714001,-0.44721359549996));
#5969=DIRECTION('',(-0.378001264714001,0.810626328140542,0.447213595499956));
#5970=DIRECTION('',(-0.767255811994709,0.279258277633819,0.577350269189626));
#5971=DIRECTION('',(-0.342020143325668,-0.939692620785909,3.23017354143171E-15));
#5972=DIRECTION('',(0.767255811994709,-0.279258277633819,-0.577350269189626));
#5973=DIRECTION('',(0.350659635366997,0.93641179168894,0.0130681486904089));
#5974=DIRECTION('center_axis',(0.29883623873012,-0.640856382055788,0.707106781186548));
#5975=DIRECTION('ref_axis',(0.90630778703665,0.422618261740699,0.));
#5976=DIRECTION('',(0.279258277633819,0.767255811994708,0.577350269189626));
#5977=DIRECTION('',(0.90630778703665,0.422618261740699,0.));
#5978=DIRECTION('',(-0.29883623873012,0.640856382055788,0.707106781186547));
#5979=DIRECTION('center_axis',(0.279258277633819,0.767255811994708,0.577350269189626));
#5980=DIRECTION('ref_axis',(-0.640856382055791,-0.298836238730121,0.707106781186544));
#5981=DIRECTION('center_axis',(0.422618261740699,-0.90630778703665,0.));
#5982=DIRECTION('ref_axis',(0.640856382055788,0.298836238730119,0.707106781186549));
#5983=DIRECTION('',(-0.279258277633819,-0.767255811994708,-0.577350269189626));
#5984=DIRECTION('center_axis',(0.90630778703665,0.422618261740699,0.));
#5985=DIRECTION('ref_axis',(-0.29883623873012,0.640856382055788,0.707106781186548));
#5986=DIRECTION('center_axis',(-0.422618261740699,0.90630778703665,0.));
#5987=DIRECTION('ref_axis',(0.640856382055788,0.298836238730119,0.707106781186549));
#5988=DIRECTION('center_axis',(-0.422618261740699,0.90630778703665,0.));
#5989=DIRECTION('ref_axis',(-0.90630778703665,-0.422618261740699,0.));
#5990=DIRECTION('',(0.,0.,1.));
#5991=DIRECTION('',(-0.90630778703665,-0.422618261740699,0.));
#5992=DIRECTION('',(0.,0.,-1.));
#5993=DIRECTION('center_axis',(0.,0.,1.));
#5994=DIRECTION('ref_axis',(0.342020143325668,0.939692620785909,0.));
#5995=DIRECTION('center_axis',(-0.640856382055788,-0.29883623873012,-0.707106781186548));
#5996=DIRECTION('ref_axis',(0.640856382055789,0.29883623873012,-0.707106781186547));
#5997=DIRECTION('',(0.,0.,-1.));
#5998=DIRECTION('center_axis',(0.,0.,1.));
#5999=DIRECTION('ref_axis',(0.342020143325668,0.939692620785909,0.));
#6000=DIRECTION('center_axis',(0.422618261740699,-0.90630778703665,0.));
#6001=DIRECTION('ref_axis',(0.90630778703665,0.422618261740699,0.));
#6002=DIRECTION('',(0.,0.,1.));
#6003=DIRECTION('',(0.90630778703665,0.422618261740699,0.));
#6004=DIRECTION('',(0.,0.,1.));
#6005=DIRECTION('center_axis',(-0.90630778703665,-0.422618261740699,0.));
#6006=DIRECTION('ref_axis',(0.422618261740699,-0.90630778703665,0.));
#6007=DIRECTION('',(0.,0.,1.));
#6008=DIRECTION('',(0.422618261740699,-0.90630778703665,0.));
#6009=DIRECTION('center_axis',(-0.939692620785908,0.342020143325669,0.));
#6010=DIRECTION('ref_axis',(0.,0.,1.));
#6011=DIRECTION('',(-0.342020143325669,-0.939692620785908,0.));
#6012=DIRECTION('center_axis',(0.90630778703665,0.422618261740699,0.));
#6013=DIRECTION('ref_axis',(-0.422618261740699,0.90630778703665,0.));
#6014=DIRECTION('',(-0.422618261740699,0.90630778703665,0.));
#6015=DIRECTION('',(-0.422618261740699,0.90630778703665,0.));
#6016=DIRECTION('center_axis',(0.640856382055788,0.29883623873012,0.707106781186548));
#6017=DIRECTION('ref_axis',(0.640856382055789,0.29883623873012,-0.707106781186547));
#6018=DIRECTION('center_axis',(0.,0.,1.));
#6019=DIRECTION('ref_axis',(-0.90630778703665,-0.422618261740699,0.));
#6020=DIRECTION('center_axis',(-0.342020143325667,-0.939692620785909,0.));
#6021=DIRECTION('ref_axis',(0.,0.,1.));
#6022=DIRECTION('center_axis',(-0.342020143325667,-0.939692620785909,0.));
#6023=DIRECTION('ref_axis',(0.939692620785909,-0.342020143325667,3.9561384785733E-17));
#6024=DIRECTION('',(0.,0.,-1.));
#6025=DIRECTION('',(0.939692620785909,-0.342020143325667,0.));
#6026=DIRECTION('',(0.,0.,1.));
#6027=DIRECTION('center_axis',(-0.90630778703665,-0.422618261740699,0.));
#6028=DIRECTION('ref_axis',(0.422618261740699,-0.90630778703665,0.));
#6029=DIRECTION('',(0.422618261740699,-0.90630778703665,0.));
#6030=DIRECTION('',(0.,0.,1.));
#6031=DIRECTION('',(-0.422618261740699,0.90630778703665,0.));
#6032=DIRECTION('center_axis',(-0.422618261740699,0.90630778703665,0.));
#6033=DIRECTION('ref_axis',(0.68664078340771,0.320185855704563,0.652690931734142));
#6034=DIRECTION('center_axis',(-0.422618261740699,0.90630778703665,0.));
#6035=DIRECTION('ref_axis',(0.68664078340771,0.320185855704563,0.652690931734142));
#6036=DIRECTION('',(0.422618261740699,-0.90630778703665,0.));
#6037=DIRECTION('center_axis',(0.422618261740699,-0.90630778703665,0.));
#6038=DIRECTION('ref_axis',(0.68664078340771,0.320185855704563,0.652690931734142));
#6039=DIRECTION('center_axis',(-0.422618261740699,0.90630778703665,0.));
#6040=DIRECTION('ref_axis',(-0.90630778703665,-0.422618261740699,0.));
#6041=DIRECTION('',(0.90630778703665,0.422618261740699,0.));
#6042=DIRECTION('center_axis',(0.422618261740699,-0.90630778703665,0.));
#6043=DIRECTION('ref_axis',(0.90630778703665,0.422618261740699,0.));
#6044=DIRECTION('',(-0.90630778703665,-0.422618261740699,0.));
#6045=DIRECTION('center_axis',(0.,0.,1.));
#6046=DIRECTION('ref_axis',(-0.90630778703665,-0.422618261740699,0.));
#6047=DIRECTION('center_axis',(0.257669250441241,0.658488084460949,0.707106781186547));
#6048=DIRECTION('ref_axis',(0.939562973815782,5.21562223307782E-17,-0.342376135608841));
#6049=DIRECTION('center_axis',(0.257669250441241,0.658488084460949,0.707106781186547));
#6050=DIRECTION('ref_axis',(-0.257669250441241,-0.658488084460948,0.707106781186548));
#6051=DIRECTION('',(0.931242779705753,-0.364399348580513,0.));
#6052=DIRECTION('',(0.483025310001585,0.546028611306139,-0.68449931010408));
#6053=DIRECTION('',(-0.931242779705753,0.364399348580513,0.));
#6054=DIRECTION('',(-0.939562973815782,-5.21562223307782E-17,0.342376135608841));
#6055=DIRECTION('center_axis',(0.,0.,1.));
#6056=DIRECTION('ref_axis',(-0.957176103969957,-0.289506314247019,0.));
#6057=DIRECTION('',(0.,0.,1.));
#6058=DIRECTION('center_axis',(0.,0.,1.));
#6059=DIRECTION('ref_axis',(-0.957176103969957,-0.289506314247019,0.));
#6060=DIRECTION('',(0.,0.,1.));
#6061=DIRECTION('center_axis',(0.,0.,-1.));
#6062=DIRECTION('ref_axis',(-0.957176103969957,-0.289506314247019,0.));
#6063=DIRECTION('center_axis',(-5.55111512312578E-17,1.,0.));
#6064=DIRECTION('ref_axis',(-1.,-5.55111512312578E-17,0.));
#6065=DIRECTION('',(-1.,-5.55111512312578E-17,0.));
#6066=DIRECTION('center_axis',(0.,0.,1.));
#6067=DIRECTION('ref_axis',(-1.,-5.55111512312578E-17,0.));
#6068=DIRECTION('',(0.662573882203029,0.74899656249038,0.));
#6069=DIRECTION('',(5.55111512312578E-17,-1.,0.));
#6070=DIRECTION('center_axis',(0.748996562490381,-0.662573882203029,0.));
#6071=DIRECTION('ref_axis',(0.662573882203029,0.74899656249038,0.));
#6072=DIRECTION('',(0.662573882203029,0.74899656249038,0.));
#6073=DIRECTION('',(0.,0.,1.));
#6074=DIRECTION('center_axis',(-1.,-5.55111512312578E-17,0.));
#6075=DIRECTION('ref_axis',(5.55111512312578E-17,-1.,0.));
#6076=DIRECTION('',(5.55111512312578E-17,-1.,0.));
#6077=DIRECTION('center_axis',(0.,0.,1.));
#6078=DIRECTION('ref_axis',(1.,5.55111512312578E-17,0.));
#6079=DIRECTION('center_axis',(0.,0.,1.));
#6080=DIRECTION('ref_axis',(1.,0.,0.));
#6081=DIRECTION('',(0.,-1.,0.));
#6082=DIRECTION('',(1.,0.,0.));
#6083=DIRECTION('',(0.,1.,0.));
#6084=DIRECTION('',(1.,0.,0.));
#6085=DIRECTION('',(0.,1.,0.));
#6086=DIRECTION('',(-1.,0.,0.));
#6087=DIRECTION('center_axis',(0.,-1.,0.));
#6088=DIRECTION('ref_axis',(1.,0.,0.));
#6089=DIRECTION('',(0.,0.,1.));
#6090=DIRECTION('',(1.,0.,0.));
#6091=DIRECTION('',(0.,0.,1.));
#6092=DIRECTION('center_axis',(1.,0.,0.));
#6093=DIRECTION('ref_axis',(0.,1.,0.));
#6094=DIRECTION('',(0.,0.,1.));
#6095=DIRECTION('',(0.,1.,0.));
#6096=DIRECTION('center_axis',(0.,-1.,0.));
#6097=DIRECTION('ref_axis',(1.,0.,0.));
#6098=DIRECTION('',(0.,0.,1.));
#6099=DIRECTION('',(1.,0.,0.));
#6100=DIRECTION('center_axis',(1.,0.,0.));
#6101=DIRECTION('ref_axis',(0.,1.,0.));
#6102=DIRECTION('',(0.,1.,0.));
#6103=DIRECTION('',(0.,0.,1.));
#6104=DIRECTION('center_axis',(0.,1.,0.));
#6105=DIRECTION('ref_axis',(-1.,0.,0.));
#6106=DIRECTION('',(-1.,0.,0.));
#6107=DIRECTION('',(0.,0.,1.));
#6108=DIRECTION('center_axis',(-1.,0.,0.));
#6109=DIRECTION('ref_axis',(0.,-1.,0.));
#6110=DIRECTION('',(0.,-1.,0.));
#6111=DIRECTION('center_axis',(0.,-1.,0.));
#6112=DIRECTION('ref_axis',(1.,0.,0.));
#6113=DIRECTION('',(-1.,0.,0.));
#6114=DIRECTION('',(0.,0.,1.));
#6115=DIRECTION('',(1.,0.,0.));
#6116=DIRECTION('',(0.,0.,1.));
#6117=DIRECTION('center_axis',(-1.,0.,0.));
#6118=DIRECTION('ref_axis',(0.,-1.,0.));
#6119=DIRECTION('',(0.,1.,0.));
#6120=DIRECTION('',(0.,-1.,0.));
#6121=DIRECTION('',(0.,0.,1.));
#6122=DIRECTION('center_axis',(0.,1.,0.));
#6123=DIRECTION('ref_axis',(-1.,0.,0.));
#6124=DIRECTION('',(1.,0.,0.));
#6125=DIRECTION('',(-1.,0.,0.));
#6126=DIRECTION('',(0.,0.,1.));
#6127=DIRECTION('center_axis',(-1.,0.,0.));
#6128=DIRECTION('ref_axis',(0.,-1.,0.));
#6129=DIRECTION('',(0.,1.,0.));
#6130=DIRECTION('',(0.,-1.,0.));
#6131=DIRECTION('',(0.,0.,1.));
#6132=DIRECTION('center_axis',(0.,1.,0.));
#6133=DIRECTION('ref_axis',(-1.,0.,0.));
#6134=DIRECTION('',(1.,0.,0.));
#6135=DIRECTION('',(-1.,0.,0.));
#6136=DIRECTION('',(0.,0.,1.));
#6137=DIRECTION('center_axis',(1.,0.,0.));
#6138=DIRECTION('ref_axis',(0.,1.,0.));
#6139=DIRECTION('',(0.,-1.,0.));
#6140=DIRECTION('',(0.,1.,0.));
#6141=DIRECTION('center_axis',(0.,0.,1.));
#6142=DIRECTION('ref_axis',(1.,0.,0.));
#6143=DIRECTION('center_axis',(0.,0.,1.));
#6144=DIRECTION('ref_axis',(1.,0.,0.));
#6145=DIRECTION('center_axis',(0.,0.,1.));
#6146=DIRECTION('ref_axis',(-1.,0.,0.));
#6147=DIRECTION('center_axis',(0.,0.,1.));
#6148=DIRECTION('ref_axis',(-1.,0.,0.));
#6149=DIRECTION('',(0.,0.,-1.));
#6150=DIRECTION('center_axis',(0.,0.,1.));
#6151=DIRECTION('ref_axis',(-1.,0.,0.));
#6152=DIRECTION('center_axis',(0.,0.,1.));
#6153=DIRECTION('ref_axis',(-1.,0.,0.));
#6154=DIRECTION('center_axis',(0.,0.,1.));
#6155=DIRECTION('ref_axis',(-1.,0.,0.));
#6156=DIRECTION('center_axis',(0.,0.,1.));
#6157=DIRECTION('ref_axis',(-1.,0.,0.));
#6158=DIRECTION('',(0.2930086182312,-0.956109799992785,0.));
#6159=DIRECTION('',(-1.,0.,0.));
#6160=DIRECTION('center_axis',(0.,0.,1.));
#6161=DIRECTION('ref_axis',(-1.,0.,0.));
#6162=DIRECTION('',(1.,0.,0.));
#6163=DIRECTION('center_axis',(0.,1.,0.));
#6164=DIRECTION('ref_axis',(-1.,0.,0.));
#6165=DIRECTION('',(0.,0.,-1.));
#6166=DIRECTION('',(-1.,0.,0.));
#6167=DIRECTION('',(0.,0.,1.));
#6168=DIRECTION('center_axis',(0.,0.,1.));
#6169=DIRECTION('ref_axis',(-1.,0.,0.));
#6170=DIRECTION('center_axis',(0.,0.,-1.));
#6171=DIRECTION('ref_axis',(-1.,0.,0.));
#6172=DIRECTION('',(0.,0.,1.));
#6173=DIRECTION('center_axis',(0.,-1.,0.));
#6174=DIRECTION('ref_axis',(1.,0.,0.));
#6175=DIRECTION('',(0.,0.,1.));
#6176=DIRECTION('',(1.,0.,0.));
#6177=DIRECTION('center_axis',(0.,0.,1.));
#6178=DIRECTION('ref_axis',(-1.,0.,0.));
#6179=DIRECTION('',(-0.2930086182312,0.956109799992785,0.));
#6180=DIRECTION('center_axis',(0.,0.,1.));
#6181=DIRECTION('ref_axis',(-1.,0.,0.));
#6182=DIRECTION('',(0.196303667846574,-0.980543150498734,0.));
#6183=DIRECTION('',(-1.,0.,0.));
#6184=DIRECTION('center_axis',(0.,0.,-1.));
#6185=DIRECTION('ref_axis',(-1.,0.,0.));
#6186=DIRECTION('',(1.,0.,0.));
#6187=DIRECTION('center_axis',(0.,1.,0.));
#6188=DIRECTION('ref_axis',(-1.,0.,0.));
#6189=DIRECTION('',(0.,0.,1.));
#6190=DIRECTION('',(1.,0.,0.));
#6191=DIRECTION('',(0.,0.,1.));
#6192=DIRECTION('center_axis',(0.,-1.,0.));
#6193=DIRECTION('ref_axis',(1.,0.,0.));
#6194=DIRECTION('',(0.,0.,-1.));
#6195=DIRECTION('',(0.,0.,1.));
#6196=DIRECTION('',(-1.,0.,0.));
#6197=DIRECTION('center_axis',(0.,0.,1.));
#6198=DIRECTION('ref_axis',(0.999354187405847,0.0359333843994516,0.));
#6199=DIRECTION('center_axis',(0.,0.,1.));
#6200=DIRECTION('ref_axis',(-1.,0.,0.));
#6201=DIRECTION('center_axis',(0.,0.,1.));
#6202=DIRECTION('ref_axis',(-1.,0.,0.));
#6203=DIRECTION('center_axis',(0.,0.,1.));
#6204=DIRECTION('ref_axis',(-1.,0.,0.));
#6205=DIRECTION('',(-0.196303667846574,0.980543150498734,0.));
#6206=DIRECTION('center_axis',(0.,0.,1.));
#6207=DIRECTION('ref_axis',(-0.707106781186547,0.707106781186548,0.));
#6208=DIRECTION('center_axis',(0.,0.,-1.));
#6209=DIRECTION('ref_axis',(-0.707106781186547,0.707106781186548,0.));
#6210=DIRECTION('',(0.,0.,-1.));
#6211=DIRECTION('center_axis',(0.,0.,1.));
#6212=DIRECTION('ref_axis',(-0.707106781186547,0.707106781186548,0.));
#6213=DIRECTION('',(0.,0.,1.));
#6214=DIRECTION('center_axis',(-1.,0.,0.));
#6215=DIRECTION('ref_axis',(0.,-1.,0.));
#6216=DIRECTION('',(0.,1.,0.));
#6217=DIRECTION('',(0.,0.,-1.));
#6218=DIRECTION('',(0.,-1.,0.));
#6219=DIRECTION('center_axis',(0.,0.,1.));
#6220=DIRECTION('ref_axis',(-1.,0.,0.));
#6221=DIRECTION('',(1.,0.,0.));
#6222=DIRECTION('center_axis',(0.,0.,1.));
#6223=DIRECTION('ref_axis',(0.707106781186547,0.707106781186548,0.));
#6224=DIRECTION('',(0.,-1.,0.));
#6225=DIRECTION('center_axis',(0.,0.,1.));
#6226=DIRECTION('ref_axis',(0.707106781186547,-0.707106781186548,0.));
#6227=DIRECTION('',(-1.,0.,0.));
#6228=DIRECTION('center_axis',(0.,0.,1.));
#6229=DIRECTION('ref_axis',(-0.707106781186547,-0.707106781186547,0.));
#6230=DIRECTION('',(0.94574661237728,-0.324905132580112,0.));
#6231=DIRECTION('',(0.862327119118549,0.506351596850157,0.));
#6232=DIRECTION('',(0.956109799992786,0.293008618231195,0.));
#6233=DIRECTION('',(-0.771237877177963,0.63654704209982,0.));
#6234=DIRECTION('',(0.324905132580114,0.945746612377279,0.));
#6235=DIRECTION('',(-0.970142500145331,-0.242535625036337,0.));
#6236=DIRECTION('',(-0.2930086182312,0.956109799992785,0.));
#6237=DIRECTION('',(0.32490513258011,0.94574661237728,0.));
#6238=DIRECTION('',(-0.857391474841683,0.514664802438251,0.));
#6239=DIRECTION('',(0.514664802438259,0.857391474841678,0.));
#6240=DIRECTION('',(-0.999099789191585,0.0424218250117909,0.));
#6241=DIRECTION('',(0.385294135170056,0.922793817384771,0.));
#6242=DIRECTION('',(-1.,0.,0.));
#6243=DIRECTION('',(-0.645763019610238,-0.763537898538027,0.));
#6244=DIRECTION('',(0.,-1.,0.));
#6245=DIRECTION('',(-0.891132125099676,-0.453743909728093,0.));
#6246=DIRECTION('',(-0.283683753156565,-0.958917894397119,0.));
#6247=DIRECTION('',(-0.980543150498734,-0.196303667846572,0.));
#6248=DIRECTION('',(0.196303667846574,-0.980543150498734,0.));
#6249=DIRECTION('',(0.980543150498736,0.196303667846562,0.));
#6250=DIRECTION('',(0.,-1.,0.));
#6251=DIRECTION('',(0.998206707501658,-0.059861248723194,0.));
#6252=DIRECTION('',(0.847998304005088,-0.52999894000318,0.));
#6253=DIRECTION('',(0.910767748057311,0.412919010338122,0.));
#6254=DIRECTION('center_axis',(0.,0.,1.));
#6255=DIRECTION('ref_axis',(-0.707106781186547,-0.707106781186547,0.));
#6256=DIRECTION('center_axis',(0.,0.,-1.));
#6257=DIRECTION('ref_axis',(-0.707106781186547,-0.707106781186547,0.));
#6258=DIRECTION('',(0.,0.,1.));
#6259=DIRECTION('center_axis',(0.,-1.,0.));
#6260=DIRECTION('ref_axis',(1.,0.,0.));
#6261=DIRECTION('',(0.,0.,-1.));
#6262=DIRECTION('',(1.,0.,0.));
#6263=DIRECTION('center_axis',(0.,0.,1.));
#6264=DIRECTION('ref_axis',(0.707106781186547,-0.707106781186548,0.));
#6265=DIRECTION('center_axis',(0.,0.,-1.));
#6266=DIRECTION('ref_axis',(0.707106781186547,-0.707106781186548,0.));
#6267=DIRECTION('',(0.,0.,1.));
#6268=DIRECTION('center_axis',(1.,0.,0.));
#6269=DIRECTION('ref_axis',(0.,1.,0.));
#6270=DIRECTION('',(0.,0.,-1.));
#6271=DIRECTION('',(0.,1.,0.));
#6272=DIRECTION('center_axis',(0.,0.,1.));
#6273=DIRECTION('ref_axis',(0.707106781186547,0.707106781186548,0.));
#6274=DIRECTION('center_axis',(0.,0.,-1.));
#6275=DIRECTION('ref_axis',(0.707106781186547,0.707106781186548,0.));
#6276=DIRECTION('',(0.,0.,1.));
#6277=DIRECTION('center_axis',(0.506351596850157,-0.862327119118549,0.));
#6278=DIRECTION('ref_axis',(0.862327119118549,0.506351596850157,0.));
#6279=DIRECTION('',(0.,0.,1.));
#6280=DIRECTION('',(0.862327119118549,0.506351596850157,0.));
#6281=DIRECTION('',(0.,0.,1.));
#6282=DIRECTION('center_axis',(0.293008618231195,-0.956109799992786,0.));
#6283=DIRECTION('ref_axis',(0.956109799992786,0.293008618231195,0.));
#6284=DIRECTION('',(0.956109799992786,0.293008618231195,0.));
#6285=DIRECTION('',(0.,0.,1.));
#6286=DIRECTION('center_axis',(0.63654704209982,0.771237877177963,0.));
#6287=DIRECTION('ref_axis',(-0.771237877177963,0.63654704209982,0.));
#6288=DIRECTION('',(-0.771237877177963,0.63654704209982,0.));
#6289=DIRECTION('',(0.,0.,1.));
#6290=DIRECTION('center_axis',(0.945746612377279,-0.324905132580114,0.));
#6291=DIRECTION('ref_axis',(0.324905132580114,0.945746612377279,0.));
#6292=DIRECTION('',(0.324905132580114,0.945746612377279,0.));
#6293=DIRECTION('',(0.,0.,1.));
#6294=DIRECTION('center_axis',(-0.242535625036337,0.970142500145331,0.));
#6295=DIRECTION('ref_axis',(-0.970142500145331,-0.242535625036337,0.));
#6296=DIRECTION('',(-0.970142500145331,-0.242535625036337,0.));
#6297=DIRECTION('',(0.,0.,1.));
#6298=DIRECTION('center_axis',(0.956109799992785,0.2930086182312,0.));
#6299=DIRECTION('ref_axis',(-0.2930086182312,0.956109799992785,0.));
#6300=DIRECTION('',(-0.2930086182312,0.956109799992785,0.));
#6301=DIRECTION('',(0.,0.,1.));
#6302=DIRECTION('center_axis',(0.94574661237728,-0.32490513258011,0.));
#6303=DIRECTION('ref_axis',(0.32490513258011,0.94574661237728,0.));
#6304=DIRECTION('',(0.32490513258011,0.94574661237728,0.));
#6305=DIRECTION('',(0.,0.,1.));
#6306=DIRECTION('center_axis',(0.514664802438251,0.857391474841683,0.));
#6307=DIRECTION('ref_axis',(-0.857391474841683,0.514664802438251,0.));
#6308=DIRECTION('',(-0.857391474841683,0.514664802438251,0.));
#6309=DIRECTION('',(0.,0.,1.));
#6310=DIRECTION('center_axis',(0.857391474841678,-0.514664802438259,0.));
#6311=DIRECTION('ref_axis',(0.514664802438259,0.857391474841678,0.));
#6312=DIRECTION('',(0.514664802438259,0.857391474841678,0.));
#6313=DIRECTION('',(0.,0.,1.));
#6314=DIRECTION('center_axis',(0.0424218250117909,0.999099789191585,0.));
#6315=DIRECTION('ref_axis',(-0.999099789191585,0.0424218250117909,0.));
#6316=DIRECTION('',(-0.999099789191585,0.0424218250117909,0.));
#6317=DIRECTION('',(0.,0.,1.));
#6318=DIRECTION('center_axis',(0.922793817384772,-0.385294135170056,0.));
#6319=DIRECTION('ref_axis',(0.385294135170056,0.922793817384771,0.));
#6320=DIRECTION('',(0.385294135170056,0.922793817384771,0.));
#6321=DIRECTION('',(0.,0.,1.));
#6322=DIRECTION('center_axis',(0.,1.,0.));
#6323=DIRECTION('ref_axis',(-1.,0.,0.));
#6324=DIRECTION('',(-1.,0.,0.));
#6325=DIRECTION('',(0.,0.,1.));
#6326=DIRECTION('center_axis',(-0.763537898538027,0.645763019610238,0.));
#6327=DIRECTION('ref_axis',(-0.645763019610238,-0.763537898538027,0.));
#6328=DIRECTION('',(-0.645763019610238,-0.763537898538027,0.));
#6329=DIRECTION('',(0.,0.,1.));
#6330=DIRECTION('center_axis',(-1.,0.,0.));
#6331=DIRECTION('ref_axis',(0.,-1.,0.));
#6332=DIRECTION('',(0.,-1.,0.));
#6333=DIRECTION('',(0.,0.,1.));
#6334=DIRECTION('center_axis',(-0.453743909728093,0.891132125099676,0.));
#6335=DIRECTION('ref_axis',(-0.891132125099676,-0.453743909728093,0.));
#6336=DIRECTION('',(-0.891132125099676,-0.453743909728093,0.));
#6337=DIRECTION('',(0.,0.,1.));
#6338=DIRECTION('center_axis',(-0.958917894397119,0.283683753156565,0.));
#6339=DIRECTION('ref_axis',(-0.283683753156565,-0.958917894397119,0.));
#6340=DIRECTION('',(-0.283683753156565,-0.958917894397119,0.));
#6341=DIRECTION('',(0.,0.,1.));
#6342=DIRECTION('center_axis',(-0.196303667846572,0.980543150498734,0.));
#6343=DIRECTION('ref_axis',(-0.980543150498734,-0.196303667846572,0.));
#6344=DIRECTION('',(-0.980543150498734,-0.196303667846572,0.));
#6345=DIRECTION('',(0.,0.,1.));
#6346=DIRECTION('center_axis',(-0.980543150498734,-0.196303667846574,0.));
#6347=DIRECTION('ref_axis',(0.196303667846574,-0.980543150498734,0.));
#6348=DIRECTION('',(0.196303667846574,-0.980543150498734,0.));
#6349=DIRECTION('',(0.,0.,1.));
#6350=DIRECTION('center_axis',(0.196303667846562,-0.980543150498736,0.));
#6351=DIRECTION('ref_axis',(0.980543150498736,0.196303667846562,0.));
#6352=DIRECTION('',(0.980543150498736,0.196303667846562,0.));
#6353=DIRECTION('',(0.,0.,1.));
#6354=DIRECTION('center_axis',(-1.,0.,0.));
#6355=DIRECTION('ref_axis',(0.,-1.,0.));
#6356=DIRECTION('',(0.,-1.,0.));
#6357=DIRECTION('',(0.,0.,1.));
#6358=DIRECTION('center_axis',(-0.059861248723194,-0.998206707501658,0.));
#6359=DIRECTION('ref_axis',(0.998206707501658,-0.059861248723194,0.));
#6360=DIRECTION('',(0.998206707501658,-0.059861248723194,0.));
#6361=DIRECTION('',(0.,0.,1.));
#6362=DIRECTION('center_axis',(-0.52999894000318,-0.847998304005088,0.));
#6363=DIRECTION('ref_axis',(0.847998304005088,-0.52999894000318,0.));
#6364=DIRECTION('',(0.847998304005088,-0.52999894000318,0.));
#6365=DIRECTION('',(0.,0.,1.));
#6366=DIRECTION('center_axis',(0.412919010338122,-0.910767748057311,0.));
#6367=DIRECTION('ref_axis',(0.910767748057311,0.412919010338122,0.));
#6368=DIRECTION('',(0.910767748057311,0.412919010338122,0.));
#6369=DIRECTION('',(0.,0.,1.));
#6370=DIRECTION('center_axis',(-0.324905132580112,-0.945746612377279,0.));
#6371=DIRECTION('ref_axis',(0.94574661237728,-0.324905132580112,0.));
#6372=DIRECTION('',(0.94574661237728,-0.324905132580112,0.));
#6373=DIRECTION('center_axis',(0.,1.,0.));
#6374=DIRECTION('ref_axis',(-1.,0.,0.));
#6375=DIRECTION('',(-1.,0.,0.));
#6376=DIRECTION('center_axis',(0.,0.,1.));
#6377=DIRECTION('ref_axis',(1.,0.,0.));
#6378=DIRECTION('center_axis',(0.,0.,1.));
#6379=DIRECTION('ref_axis',(-1.,0.,0.));
#6380=DIRECTION('center_axis',(0.,0.,1.));
#6381=DIRECTION('ref_axis',(-1.,0.,0.));
#6382=DIRECTION('center_axis',(0.,0.,1.));
#6383=DIRECTION('ref_axis',(-1.,0.,0.));
#6384=DIRECTION('center_axis',(0.,0.,1.));
#6385=DIRECTION('ref_axis',(-1.,0.,0.));
#6386=DIRECTION('center_axis',(0.,0.,1.));
#6387=DIRECTION('ref_axis',(-1.,0.,0.));
#6388=DIRECTION('center_axis',(0.,0.,1.));
#6389=DIRECTION('ref_axis',(-1.,0.,0.));
#6390=DIRECTION('center_axis',(0.,0.,1.));
#6391=DIRECTION('ref_axis',(-1.,0.,0.));
#6392=DIRECTION('center_axis',(0.,0.,1.));
#6393=DIRECTION('ref_axis',(-1.,0.,0.));
#6394=DIRECTION('center_axis',(0.,0.,1.));
#6395=DIRECTION('ref_axis',(-1.,0.,0.));
#6396=DIRECTION('',(0.,0.,-1.));
#6397=DIRECTION('center_axis',(-1.,-2.22044604925031E-16,0.));
#6398=DIRECTION('ref_axis',(-2.22044604925031E-16,1.,0.));
#6399=DIRECTION('',(1.,2.22044604925031E-16,0.));
#6400=DIRECTION('center_axis',(-1.,-2.22044604925031E-16,0.));
#6401=DIRECTION('ref_axis',(-2.22044604925031E-16,1.,0.));
#6402=DIRECTION('',(-1.,-2.22044604925031E-16,0.));
#6403=DIRECTION('center_axis',(1.,2.22044604925031E-16,0.));
#6404=DIRECTION('ref_axis',(-2.22044604925031E-16,1.,0.));
#6405=DIRECTION('center_axis',(-1.,-2.22044604925031E-16,0.));
#6406=DIRECTION('ref_axis',(-2.22044604925031E-16,1.,0.));
#6407=DIRECTION('center_axis',(1.,2.22044604925031E-16,0.));
#6408=DIRECTION('ref_axis',(-2.22044604925031E-16,1.,0.));
#6409=DIRECTION('',(1.,2.22044604925031E-16,0.));
#6410=DIRECTION('center_axis',(-1.,-2.22044604925031E-16,0.));
#6411=DIRECTION('ref_axis',(-2.22044604925031E-16,1.,0.));
#6412=DIRECTION('center_axis',(-1.,-2.22044604925031E-16,0.));
#6413=DIRECTION('ref_axis',(-2.22044604925031E-16,1.,0.));
#6414=DIRECTION('center_axis',(1.,2.22044604925031E-16,0.));
#6415=DIRECTION('ref_axis',(-2.22044604925031E-16,1.,0.));
#6416=DIRECTION('center_axis',(-1.,-2.22044604925031E-16,0.));
#6417=DIRECTION('ref_axis',(-2.22044604925031E-16,1.,0.));
#6418=DIRECTION('center_axis',(1.,2.22044604925031E-16,0.));
#6419=DIRECTION('ref_axis',(-2.22044604925031E-16,1.,0.));
#6420=DIRECTION('center_axis',(1.,2.22044604925031E-16,0.));
#6421=DIRECTION('ref_axis',(-2.22044604925031E-16,1.,0.));
#6422=DIRECTION('center_axis',(0.,0.,1.));
#6423=DIRECTION('ref_axis',(2.22044604925031E-16,-1.,0.));
#6424=DIRECTION('',(2.22044604925031E-16,-1.,0.));
#6425=DIRECTION('',(-1.,-2.22044604925031E-16,0.));
#6426=DIRECTION('',(-2.22044604925031E-16,1.,0.));
#6427=DIRECTION('',(1.,2.22044604925031E-16,0.));
#6428=DIRECTION('center_axis',(0.,0.,1.));
#6429=DIRECTION('ref_axis',(-2.22044604925031E-16,1.,0.));
#6430=DIRECTION('',(-1.,-2.22044604925031E-16,0.));
#6431=DIRECTION('',(2.22044604925031E-16,-1.,0.));
#6432=DIRECTION('',(1.,2.22044604925031E-16,0.));
#6433=DIRECTION('',(-2.22044604925031E-16,1.,0.));
#6434=DIRECTION('center_axis',(1.,2.22044604925031E-16,0.));
#6435=DIRECTION('ref_axis',(-2.22044604925031E-16,1.,0.));
#6436=DIRECTION('',(0.,0.,1.));
#6437=DIRECTION('',(-2.22044604925031E-16,1.,0.));
#6438=DIRECTION('',(0.,0.,1.));
#6439=DIRECTION('center_axis',(-2.22044604925031E-16,1.,0.));
#6440=DIRECTION('ref_axis',(-1.,-2.22044604925031E-16,0.));
#6441=DIRECTION('',(0.,0.,1.));
#6442=DIRECTION('',(-1.,-2.22044604925031E-16,0.));
#6443=DIRECTION('center_axis',(-1.,-2.22044604925031E-16,0.));
#6444=DIRECTION('ref_axis',(2.22044604925031E-16,-1.,0.));
#6445=DIRECTION('',(0.,0.,1.));
#6446=DIRECTION('',(2.22044604925031E-16,-1.,0.));
#6447=DIRECTION('center_axis',(2.22044604925031E-16,-1.,0.));
#6448=DIRECTION('ref_axis',(1.,2.22044604925031E-16,0.));
#6449=DIRECTION('center_axis',(0.,0.,1.));
#6450=DIRECTION('ref_axis',(-2.22044604925031E-16,1.,0.));
#6451=DIRECTION('center_axis',(0.,0.,1.));
#6452=DIRECTION('ref_axis',(1.,0.,0.));
#6453=DIRECTION('',(1.,0.,0.));
#6454=DIRECTION('',(0.,1.,0.));
#6455=DIRECTION('',(-1.,0.,0.));
#6456=DIRECTION('',(0.,-1.,0.));
#6457=DIRECTION('center_axis',(0.,1.,0.));
#6458=DIRECTION('ref_axis',(-1.,0.,0.));
#6459=DIRECTION('',(0.,0.,1.));
#6460=DIRECTION('',(-1.,0.,0.));
#6461=DIRECTION('',(0.,0.,1.));
#6462=DIRECTION('center_axis',(1.,0.,0.));
#6463=DIRECTION('ref_axis',(0.,1.,0.));
#6464=DIRECTION('',(0.,0.,1.));
#6465=DIRECTION('',(0.,1.,0.));
#6466=DIRECTION('center_axis',(-1.,0.,0.));
#6467=DIRECTION('ref_axis',(0.,-1.,0.));
#6468=DIRECTION('',(0.,-1.,0.));
#6469=DIRECTION('',(0.,0.,1.));
#6470=DIRECTION('center_axis',(0.,-1.,0.));
#6471=DIRECTION('ref_axis',(1.,0.,0.));
#6472=DIRECTION('',(1.,0.,0.));
#6473=DIRECTION('center_axis',(0.,-1.,0.));
#6474=DIRECTION('ref_axis',(1.,0.,0.));
#6475=DIRECTION('',(1.,0.,0.));
#6476=DIRECTION('',(0.,0.,1.));
#6477=DIRECTION('',(1.,0.,0.));
#6478=DIRECTION('',(0.,0.,1.));
#6479=DIRECTION('center_axis',(-1.,0.,0.));
#6480=DIRECTION('ref_axis',(0.,-1.,0.));
#6481=DIRECTION('',(0.,-1.,0.));
#6482=DIRECTION('',(0.,-1.,0.));
#6483=DIRECTION('',(0.,0.,1.));
#6484=DIRECTION('center_axis',(0.,1.,0.));
#6485=DIRECTION('ref_axis',(-1.,0.,0.));
#6486=DIRECTION('',(-1.,0.,0.));
#6487=DIRECTION('',(-1.,0.,0.));
#6488=DIRECTION('',(0.,0.,1.));
#6489=DIRECTION('center_axis',(1.,0.,0.));
#6490=DIRECTION('ref_axis',(0.,1.,0.));
#6491=DIRECTION('',(0.,1.,0.));
#6492=DIRECTION('',(0.,1.,0.));
#6493=DIRECTION('center_axis',(0.,0.,1.));
#6494=DIRECTION('ref_axis',(1.,0.,0.));
#6495=DIRECTION('center_axis',(0.,0.,1.));
#6496=DIRECTION('ref_axis',(-1.,0.,0.));
#6497=DIRECTION('center_axis',(0.,0.,1.));
#6498=DIRECTION('ref_axis',(-0.342020143325668,-0.939692620785908,0.));
#6499=DIRECTION('',(-0.342020143325668,-0.939692620785908,0.));
#6500=DIRECTION('',(0.939692620785908,-0.342020143325668,0.));
#6501=DIRECTION('',(0.342020143325668,0.939692620785908,0.));
#6502=DIRECTION('',(-0.939692620785908,0.342020143325668,0.));
#6503=DIRECTION('center_axis',(0.,0.,1.));
#6504=DIRECTION('ref_axis',(-0.342020143325668,-0.939692620785908,0.));
#6505=DIRECTION('',(0.939692620785908,-0.342020143325668,0.));
#6506=DIRECTION('',(-0.342020143325668,-0.939692620785908,0.));
#6507=DIRECTION('',(-0.939692620785908,0.342020143325668,0.));
#6508=DIRECTION('',(-0.342020143325668,-0.939692620785908,0.));
#6509=DIRECTION('',(-0.939692620785908,0.342020143325668,0.));
#6510=DIRECTION('',(0.342020143325668,0.939692620785908,0.));
#6511=DIRECTION('',(-0.939692620785908,0.342020143325668,0.));
#6512=DIRECTION('',(0.342020143325668,0.939692620785908,0.));
#6513=DIRECTION('',(0.939692620785908,-0.342020143325668,0.));
#6514=DIRECTION('',(0.342020143325668,0.939692620785908,0.));
#6515=DIRECTION('',(0.939692620785908,-0.342020143325668,0.));
#6516=DIRECTION('',(-0.342020143325668,-0.939692620785908,0.));
#6517=DIRECTION('center_axis',(0.939692620785909,-0.342020143325668,0.));
#6518=DIRECTION('ref_axis',(0.,0.,1.));
#6519=DIRECTION('',(-0.342020143325668,-0.939692620785908,0.));
#6520=DIRECTION('',(0.,0.,1.));
#6521=DIRECTION('',(0.,0.,1.));
#6522=DIRECTION('center_axis',(-0.342020143325668,-0.939692620785909,0.));
#6523=DIRECTION('ref_axis',(0.,0.,-1.));
#6524=DIRECTION('',(-0.939692620785908,0.342020143325668,0.));
#6525=DIRECTION('',(0.,0.,1.));
#6526=DIRECTION('center_axis',(0.,0.,1.));
#6527=DIRECTION('ref_axis',(-0.342020143325668,-0.939692620785908,0.));
#6528=DIRECTION('',(0.342020143325668,0.939692620785908,0.));
#6529=DIRECTION('',(0.939692620785908,-0.342020143325668,0.));
#6530=DIRECTION('center_axis',(0.342020143325668,0.939692620785909,0.));
#6531=DIRECTION('ref_axis',(0.,0.,1.));
#6532=DIRECTION('',(0.939692620785908,-0.342020143325668,0.));
#6533=DIRECTION('',(0.,0.,1.));
#6534=DIRECTION('',(0.,0.,1.));
#6535=DIRECTION('center_axis',(0.939692620785909,-0.342020143325668,0.));
#6536=DIRECTION('ref_axis',(0.,0.,1.));
#6537=DIRECTION('',(-0.342020143325668,-0.939692620785908,0.));
#6538=DIRECTION('',(0.,0.,1.));
#6539=DIRECTION('center_axis',(-0.939692620785909,0.342020143325668,0.));
#6540=DIRECTION('ref_axis',(0.,0.,-1.));
#6541=DIRECTION('',(0.342020143325668,0.939692620785908,0.));
#6542=DIRECTION('',(0.,0.,1.));
#6543=DIRECTION('',(0.,0.,1.));
#6544=DIRECTION('center_axis',(0.,0.,1.));
#6545=DIRECTION('ref_axis',(-0.342020143325668,-0.939692620785908,0.));
#6546=DIRECTION('',(-0.939692620785908,0.342020143325668,0.));
#6547=DIRECTION('center_axis',(0.342020143325668,0.939692620785909,0.));
#6548=DIRECTION('ref_axis',(0.,0.,1.));
#6549=DIRECTION('',(0.939692620785908,-0.342020143325668,0.));
#6550=DIRECTION('',(0.,0.,1.));
#6551=DIRECTION('',(0.,0.,1.));
#6552=DIRECTION('center_axis',(-0.342020143325668,-0.939692620785909,0.));
#6553=DIRECTION('ref_axis',(0.,0.,-1.));
#6554=DIRECTION('',(-0.939692620785908,0.342020143325668,0.));
#6555=DIRECTION('',(0.,0.,1.));
#6556=DIRECTION('',(0.,0.,1.));
#6557=DIRECTION('center_axis',(-0.939692620785909,0.342020143325668,0.));
#6558=DIRECTION('ref_axis',(0.,0.,-1.));
#6559=DIRECTION('',(0.342020143325668,0.939692620785908,0.));
#6560=DIRECTION('center_axis',(0.,0.,1.));
#6561=DIRECTION('ref_axis',(-0.342020143325668,-0.939692620785908,0.));
#6562=DIRECTION('',(-0.342020143325668,-0.939692620785908,0.));
#6563=DIRECTION('center_axis',(0.342020143325668,0.939692620785909,0.));
#6564=DIRECTION('ref_axis',(0.,0.,1.));
#6565=DIRECTION('',(0.939692620785908,-0.342020143325668,0.));
#6566=DIRECTION('',(0.,0.,1.));
#6567=DIRECTION('',(0.,0.,1.));
#6568=DIRECTION('center_axis',(0.939692620785909,-0.342020143325668,0.));
#6569=DIRECTION('ref_axis',(0.,0.,1.));
#6570=DIRECTION('',(-0.342020143325668,-0.939692620785908,0.));
#6571=DIRECTION('',(0.,0.,1.));
#6572=DIRECTION('center_axis',(-0.342020143325668,-0.939692620785909,0.));
#6573=DIRECTION('ref_axis',(0.,0.,-1.));
#6574=DIRECTION('',(-0.939692620785908,0.342020143325668,0.));
#6575=DIRECTION('',(0.,0.,1.));
#6576=DIRECTION('center_axis',(-0.939692620785909,0.342020143325668,0.));
#6577=DIRECTION('ref_axis',(0.,0.,-1.));
#6578=DIRECTION('',(0.342020143325668,0.939692620785908,0.));
#6579=DIRECTION('center_axis',(0.,0.,1.));
#6580=DIRECTION('ref_axis',(-0.342020143325668,-0.939692620785908,0.));
#6581=DIRECTION('center_axis',(0.,0.,1.));
#6582=DIRECTION('ref_axis',(-1.,0.,0.));
#6583=DIRECTION('center_axis',(0.,0.,-1.));
#6584=DIRECTION('ref_axis',(-1.,0.,0.));
#6585=DIRECTION('',(0.,0.,-1.));
#6586=DIRECTION('center_axis',(0.,0.,-1.));
#6587=DIRECTION('ref_axis',(-1.,0.,0.));
#6588=DIRECTION('center_axis',(0.,0.,1.));
#6589=DIRECTION('ref_axis',(-1.,0.,0.));
#6590=DIRECTION('center_axis',(0.,0.,1.));
#6591=DIRECTION('ref_axis',(-1.,0.,0.));
#6592=DIRECTION('center_axis',(1.,0.,0.));
#6593=DIRECTION('ref_axis',(0.,1.,0.));
#6594=DIRECTION('',(0.,-1.,0.));
#6595=DIRECTION('',(0.,0.,1.));
#6596=DIRECTION('',(0.,1.,0.));
#6597=DIRECTION('',(0.,0.,1.));
#6598=DIRECTION('center_axis',(0.,-1.,0.));
#6599=DIRECTION('ref_axis',(1.,0.,0.));
#6600=DIRECTION('',(1.,0.,0.));
#6601=DIRECTION('',(1.,0.,0.));
#6602=DIRECTION('',(0.,0.,1.));
#6603=DIRECTION('center_axis',(-1.,0.,0.));
#6604=DIRECTION('ref_axis',(0.,-1.,0.));
#6605=DIRECTION('',(0.,-1.,0.));
#6606=DIRECTION('',(0.,-1.,0.));
#6607=DIRECTION('',(0.,0.,1.));
#6608=DIRECTION('center_axis',(0.,1.,0.));
#6609=DIRECTION('ref_axis',(-1.,0.,0.));
#6610=DIRECTION('',(-1.,0.,0.));
#6611=DIRECTION('',(-1.,0.,0.));
#6612=DIRECTION('center_axis',(0.,0.,1.));
#6613=DIRECTION('ref_axis',(1.,0.,0.));
#6614=DIRECTION('center_axis',(0.,0.,1.));
#6615=DIRECTION('ref_axis',(-1.,0.,0.));
#6616=DIRECTION('center_axis',(-0.642787609686539,0.766044443118978,0.));
#6617=DIRECTION('ref_axis',(-0.766044443118978,-0.642787609686539,0.));
#6618=DIRECTION('',(0.766044443118978,0.642787609686539,0.));
#6619=DIRECTION('',(0.,0.,1.));
#6620=DIRECTION('',(-0.766044443118978,-0.642787609686539,0.));
#6621=DIRECTION('',(0.,0.,1.));
#6622=DIRECTION('center_axis',(0.766044443118978,0.642787609686539,0.));
#6623=DIRECTION('ref_axis',(-0.642787609686539,0.766044443118978,0.));
#6624=DIRECTION('',(-0.642787609686539,0.766044443118978,0.));
#6625=DIRECTION('',(-0.642787609686539,0.766044443118978,0.));
#6626=DIRECTION('',(0.,0.,1.));
#6627=DIRECTION('center_axis',(0.642787609686539,-0.766044443118978,0.));
#6628=DIRECTION('ref_axis',(0.766044443118978,0.642787609686539,0.));
#6629=DIRECTION('',(0.766044443118978,0.642787609686539,0.));
#6630=DIRECTION('',(0.766044443118978,0.642787609686539,0.));
#6631=DIRECTION('',(0.,0.,1.));
#6632=DIRECTION('center_axis',(-0.766044443118978,-0.642787609686539,0.));
#6633=DIRECTION('ref_axis',(0.642787609686539,-0.766044443118978,0.));
#6634=DIRECTION('',(0.642787609686539,-0.766044443118978,0.));
#6635=DIRECTION('',(0.642787609686539,-0.766044443118978,0.));
#6636=DIRECTION('center_axis',(0.,0.,1.));
#6637=DIRECTION('ref_axis',(-0.642787609686539,0.766044443118978,0.));
#6638=DIRECTION('center_axis',(0.,0.,1.));
#6639=DIRECTION('ref_axis',(0.642787609686539,-0.766044443118978,0.));
#6640=DIRECTION('center_axis',(-0.173648177666931,0.984807753012208,0.));
#6641=DIRECTION('ref_axis',(-0.984807753012208,-0.17364817766693,0.));
#6642=DIRECTION('',(0.984807753012208,0.17364817766693,0.));
#6643=DIRECTION('',(0.,0.,1.));
#6644=DIRECTION('',(-0.984807753012208,-0.17364817766693,0.));
#6645=DIRECTION('',(0.,0.,1.));
#6646=DIRECTION('center_axis',(0.984807753012208,0.173648177666931,0.));
#6647=DIRECTION('ref_axis',(-0.17364817766693,0.984807753012208,0.));
#6648=DIRECTION('',(-0.17364817766693,0.984807753012208,0.));
#6649=DIRECTION('',(-0.17364817766693,0.984807753012208,0.));
#6650=DIRECTION('',(0.,0.,1.));
#6651=DIRECTION('center_axis',(0.173648177666931,-0.984807753012208,0.));
#6652=DIRECTION('ref_axis',(0.984807753012208,0.17364817766693,0.));
#6653=DIRECTION('',(0.984807753012208,0.17364817766693,0.));
#6654=DIRECTION('',(0.984807753012208,0.17364817766693,0.));
#6655=DIRECTION('',(0.,0.,1.));
#6656=DIRECTION('center_axis',(-0.984807753012208,-0.173648177666931,0.));
#6657=DIRECTION('ref_axis',(0.17364817766693,-0.984807753012208,0.));
#6658=DIRECTION('',(0.17364817766693,-0.984807753012208,0.));
#6659=DIRECTION('',(0.17364817766693,-0.984807753012208,0.));
#6660=DIRECTION('center_axis',(0.,0.,1.));
#6661=DIRECTION('ref_axis',(-0.17364817766693,0.984807753012208,0.));
#6662=DIRECTION('center_axis',(0.,0.,1.));
#6663=DIRECTION('ref_axis',(0.17364817766693,-0.984807753012208,0.));
#6664=DIRECTION('center_axis',(0.,0.,1.));
#6665=DIRECTION('ref_axis',(-1.,0.,0.));
#6666=DIRECTION('center_axis',(0.,0.,-1.));
#6667=DIRECTION('ref_axis',(-1.,0.,0.));
#6668=DIRECTION('',(0.,0.,-1.));
#6669=DIRECTION('center_axis',(0.,0.,-1.));
#6670=DIRECTION('ref_axis',(-1.,0.,0.));
#6671=DIRECTION('center_axis',(0.,0.,1.));
#6672=DIRECTION('ref_axis',(-1.,0.,0.));
#6673=DIRECTION('center_axis',(0.,0.,1.));
#6674=DIRECTION('ref_axis',(-1.,0.,0.));
#6675=DIRECTION('center_axis',(0.,0.,1.));
#6676=DIRECTION('ref_axis',(-1.,0.,0.));
#6677=DIRECTION('',(-1.,0.,0.));
#6678=DIRECTION('',(0.,1.,0.));
#6679=DIRECTION('',(1.,0.,0.));
#6680=DIRECTION('',(0.,-1.,0.));
#6681=DIRECTION('center_axis',(0.,0.,-1.));
#6682=DIRECTION('ref_axis',(-1.,0.,0.));
#6683=DIRECTION('center_axis',(0.,0.,-1.));
#6684=DIRECTION('ref_axis',(-1.,0.,0.));
#6685=DIRECTION('center_axis',(0.,0.,-1.));
#6686=DIRECTION('ref_axis',(-1.,0.,0.));
#6687=DIRECTION('center_axis',(0.,0.,-1.));
#6688=DIRECTION('ref_axis',(-1.,0.,0.));
#6689=DIRECTION('center_axis',(0.,0.,-1.));
#6690=DIRECTION('ref_axis',(-1.,0.,0.));
#6691=DIRECTION('center_axis',(0.,0.,-1.));
#6692=DIRECTION('ref_axis',(-1.,0.,0.));
#6693=DIRECTION('center_axis',(0.,0.,-1.));
#6694=DIRECTION('ref_axis',(-1.,0.,0.));
#6695=DIRECTION('center_axis',(0.,0.,-1.));
#6696=DIRECTION('ref_axis',(-1.,0.,0.));
#6697=DIRECTION('center_axis',(0.,0.,-1.));
#6698=DIRECTION('ref_axis',(-1.,0.,0.));
#6699=DIRECTION('center_axis',(0.,0.,-1.));
#6700=DIRECTION('ref_axis',(-1.,0.,0.));
#6701=DIRECTION('center_axis',(0.,0.,-1.));
#6702=DIRECTION('ref_axis',(-1.,0.,0.));
#6703=DIRECTION('center_axis',(0.,0.,-1.));
#6704=DIRECTION('ref_axis',(-1.,0.,0.));
#6705=DIRECTION('center_axis',(0.,0.,-1.));
#6706=DIRECTION('ref_axis',(-1.,0.,0.));
#6707=DIRECTION('center_axis',(0.,0.,-1.));
#6708=DIRECTION('ref_axis',(-1.,0.,0.));
#6709=DIRECTION('center_axis',(0.,0.,-1.));
#6710=DIRECTION('ref_axis',(-1.,0.,0.));
#6711=DIRECTION('center_axis',(0.,0.,-1.));
#6712=DIRECTION('ref_axis',(-1.,0.,0.));
#6713=DIRECTION('center_axis',(0.,0.,-1.));
#6714=DIRECTION('ref_axis',(-1.,0.,0.));
#6715=DIRECTION('center_axis',(0.,0.,-1.));
#6716=DIRECTION('ref_axis',(-1.,0.,0.));
#6717=DIRECTION('center_axis',(0.,0.,-1.));
#6718=DIRECTION('ref_axis',(-1.,0.,0.));
#6719=DIRECTION('center_axis',(0.,0.,-1.));
#6720=DIRECTION('ref_axis',(-1.,0.,0.));
#6721=DIRECTION('center_axis',(0.,0.,-1.));
#6722=DIRECTION('ref_axis',(-1.,0.,0.));
#6723=DIRECTION('center_axis',(0.,0.,-1.));
#6724=DIRECTION('ref_axis',(-1.,0.,0.));
#6725=DIRECTION('center_axis',(0.,0.,-1.));
#6726=DIRECTION('ref_axis',(-1.,0.,0.));
#6727=DIRECTION('center_axis',(0.,0.,-1.));
#6728=DIRECTION('ref_axis',(-1.,0.,0.));
#6729=DIRECTION('center_axis',(0.,0.,-1.));
#6730=DIRECTION('ref_axis',(-1.,0.,0.));
#6731=DIRECTION('center_axis',(0.,0.,-1.));
#6732=DIRECTION('ref_axis',(-1.,0.,0.));
#6733=DIRECTION('center_axis',(0.,0.,-1.));
#6734=DIRECTION('ref_axis',(-1.,0.,0.));
#6735=DIRECTION('center_axis',(0.,0.,-1.));
#6736=DIRECTION('ref_axis',(-1.,0.,0.));
#6737=DIRECTION('center_axis',(0.,0.,-1.));
#6738=DIRECTION('ref_axis',(-1.,0.,0.));
#6739=DIRECTION('center_axis',(0.,0.,-1.));
#6740=DIRECTION('ref_axis',(-1.,0.,0.));
#6741=DIRECTION('center_axis',(0.,0.,-1.));
#6742=DIRECTION('ref_axis',(-1.,0.,0.));
#6743=DIRECTION('center_axis',(0.,0.,-1.));
#6744=DIRECTION('ref_axis',(-1.,0.,0.));
#6745=DIRECTION('center_axis',(0.,0.,-1.));
#6746=DIRECTION('ref_axis',(-1.,0.,0.));
#6747=DIRECTION('center_axis',(0.,0.,-1.));
#6748=DIRECTION('ref_axis',(-1.,0.,0.));
#6749=DIRECTION('center_axis',(0.,0.,-1.));
#6750=DIRECTION('ref_axis',(-1.,0.,0.));
#6751=DIRECTION('center_axis',(0.,0.,-1.));
#6752=DIRECTION('ref_axis',(-1.,0.,0.));
#6753=DIRECTION('center_axis',(0.,0.,-1.));
#6754=DIRECTION('ref_axis',(-1.,0.,0.));
#6755=DIRECTION('center_axis',(0.,0.,-1.));
#6756=DIRECTION('ref_axis',(-1.,0.,0.));
#6757=DIRECTION('center_axis',(0.,0.,-1.));
#6758=DIRECTION('ref_axis',(-1.,0.,0.));
#6759=DIRECTION('center_axis',(0.,0.,-1.));
#6760=DIRECTION('ref_axis',(-1.,0.,0.));
#6761=DIRECTION('center_axis',(0.,0.,-1.));
#6762=DIRECTION('ref_axis',(-1.,0.,0.));
#6763=DIRECTION('center_axis',(0.,0.,-1.));
#6764=DIRECTION('ref_axis',(-1.,0.,0.));
#6765=DIRECTION('center_axis',(0.,0.,-1.));
#6766=DIRECTION('ref_axis',(-1.,0.,0.));
#6767=DIRECTION('center_axis',(0.,0.,-1.));
#6768=DIRECTION('ref_axis',(-1.,0.,0.));
#6769=DIRECTION('center_axis',(0.,0.,-1.));
#6770=DIRECTION('ref_axis',(-1.,0.,0.));
#6771=DIRECTION('center_axis',(0.,0.,-1.));
#6772=DIRECTION('ref_axis',(-1.,0.,0.));
#6773=DIRECTION('center_axis',(0.,0.,-1.));
#6774=DIRECTION('ref_axis',(-1.,0.,0.));
#6775=DIRECTION('center_axis',(0.,0.,-1.));
#6776=DIRECTION('ref_axis',(-1.,0.,0.));
#6777=DIRECTION('center_axis',(0.,0.,-1.));
#6778=DIRECTION('ref_axis',(-1.,0.,0.));
#6779=DIRECTION('center_axis',(0.,0.,-1.));
#6780=DIRECTION('ref_axis',(-1.,0.,0.));
#6781=DIRECTION('center_axis',(0.,0.,-1.));
#6782=DIRECTION('ref_axis',(-1.,0.,0.));
#6783=DIRECTION('center_axis',(0.,0.,-1.));
#6784=DIRECTION('ref_axis',(-1.,0.,0.));
#6785=DIRECTION('center_axis',(0.,0.,-1.));
#6786=DIRECTION('ref_axis',(-1.,0.,0.));
#6787=DIRECTION('center_axis',(0.,0.,-1.));
#6788=DIRECTION('ref_axis',(-1.,0.,0.));
#6789=DIRECTION('center_axis',(0.,0.,-1.));
#6790=DIRECTION('ref_axis',(-1.,0.,0.));
#6791=DIRECTION('center_axis',(0.,0.,-1.));
#6792=DIRECTION('ref_axis',(-1.,0.,0.));
#6793=DIRECTION('center_axis',(0.,0.,-1.));
#6794=DIRECTION('ref_axis',(-1.,0.,0.));
#6795=DIRECTION('center_axis',(0.,0.,-1.));
#6796=DIRECTION('ref_axis',(-1.,0.,0.));
#6797=DIRECTION('center_axis',(0.,0.,-1.));
#6798=DIRECTION('ref_axis',(-1.,0.,0.));
#6799=DIRECTION('center_axis',(0.,0.,-1.));
#6800=DIRECTION('ref_axis',(-1.,0.,0.));
#6801=DIRECTION('center_axis',(0.,0.,-1.));
#6802=DIRECTION('ref_axis',(-1.,0.,0.));
#6803=DIRECTION('center_axis',(0.,0.,-1.));
#6804=DIRECTION('ref_axis',(-1.,0.,0.));
#6805=DIRECTION('center_axis',(0.,0.,-1.));
#6806=DIRECTION('ref_axis',(-1.,0.,0.));
#6807=DIRECTION('center_axis',(0.,0.,-1.));
#6808=DIRECTION('ref_axis',(-1.,0.,0.));
#6809=DIRECTION('center_axis',(0.,0.,1.));
#6810=DIRECTION('ref_axis',(-1.,0.,0.));
#6811=DIRECTION('center_axis',(0.,0.,-1.));
#6812=DIRECTION('ref_axis',(-1.,0.,0.));
#6813=DIRECTION('',(0.,0.,-1.));
#6814=DIRECTION('center_axis',(0.,0.,1.));
#6815=DIRECTION('ref_axis',(-1.,0.,0.));
#6816=DIRECTION('center_axis',(0.,0.,-1.));
#6817=DIRECTION('ref_axis',(-1.,0.,0.));
#6818=DIRECTION('',(0.,0.,-1.));
#6819=DIRECTION('center_axis',(0.,0.,1.));
#6820=DIRECTION('ref_axis',(-1.,0.,0.));
#6821=DIRECTION('center_axis',(0.,0.,-1.));
#6822=DIRECTION('ref_axis',(-1.,0.,0.));
#6823=DIRECTION('',(0.,0.,-1.));
#6824=DIRECTION('center_axis',(0.,0.,1.));
#6825=DIRECTION('ref_axis',(-1.,0.,0.));
#6826=DIRECTION('center_axis',(0.,0.,-1.));
#6827=DIRECTION('ref_axis',(-1.,0.,0.));
#6828=DIRECTION('',(0.,0.,-1.));
#6829=DIRECTION('center_axis',(0.,0.,1.));
#6830=DIRECTION('ref_axis',(-1.,0.,0.));
#6831=DIRECTION('center_axis',(0.,0.,-1.));
#6832=DIRECTION('ref_axis',(-1.,0.,0.));
#6833=DIRECTION('',(0.,0.,-1.));
#6834=DIRECTION('center_axis',(0.,0.,1.));
#6835=DIRECTION('ref_axis',(-1.,0.,0.));
#6836=DIRECTION('center_axis',(0.,0.,-1.));
#6837=DIRECTION('ref_axis',(-1.,0.,0.));
#6838=DIRECTION('',(0.,0.,-1.));
#6839=DIRECTION('center_axis',(0.,0.,1.));
#6840=DIRECTION('ref_axis',(-1.,0.,0.));
#6841=DIRECTION('center_axis',(0.,0.,-1.));
#6842=DIRECTION('ref_axis',(-1.,0.,0.));
#6843=DIRECTION('',(0.,0.,-1.));
#6844=DIRECTION('center_axis',(0.,0.,1.));
#6845=DIRECTION('ref_axis',(-1.,0.,0.));
#6846=DIRECTION('center_axis',(0.,0.,-1.));
#6847=DIRECTION('ref_axis',(-1.,0.,0.));
#6848=DIRECTION('',(0.,0.,-1.));
#6849=DIRECTION('center_axis',(0.,0.,1.));
#6850=DIRECTION('ref_axis',(-1.,0.,0.));
#6851=DIRECTION('center_axis',(0.,0.,-1.));
#6852=DIRECTION('ref_axis',(-1.,0.,0.));
#6853=DIRECTION('',(0.,0.,-1.));
#6854=DIRECTION('center_axis',(0.,0.,1.));
#6855=DIRECTION('ref_axis',(-1.,0.,0.));
#6856=DIRECTION('center_axis',(0.,0.,-1.));
#6857=DIRECTION('ref_axis',(-1.,0.,0.));
#6858=DIRECTION('',(0.,0.,-1.));
#6859=DIRECTION('center_axis',(0.,0.,1.));
#6860=DIRECTION('ref_axis',(-1.,0.,0.));
#6861=DIRECTION('center_axis',(0.,0.,-1.));
#6862=DIRECTION('ref_axis',(-1.,0.,0.));
#6863=DIRECTION('',(0.,0.,-1.));
#6864=DIRECTION('center_axis',(0.,0.,1.));
#6865=DIRECTION('ref_axis',(-1.,0.,0.));
#6866=DIRECTION('center_axis',(0.,0.,-1.));
#6867=DIRECTION('ref_axis',(-1.,0.,0.));
#6868=DIRECTION('',(0.,0.,-1.));
#6869=DIRECTION('center_axis',(0.,0.,1.));
#6870=DIRECTION('ref_axis',(-1.,0.,0.));
#6871=DIRECTION('center_axis',(0.,0.,-1.));
#6872=DIRECTION('ref_axis',(-1.,0.,0.));
#6873=DIRECTION('',(0.,0.,-1.));
#6874=DIRECTION('center_axis',(0.,0.,1.));
#6875=DIRECTION('ref_axis',(-1.,0.,0.));
#6876=DIRECTION('center_axis',(0.,0.,-1.));
#6877=DIRECTION('ref_axis',(-1.,0.,0.));
#6878=DIRECTION('',(0.,0.,-1.));
#6879=DIRECTION('center_axis',(0.,0.,1.));
#6880=DIRECTION('ref_axis',(-1.,0.,0.));
#6881=DIRECTION('center_axis',(0.,0.,-1.));
#6882=DIRECTION('ref_axis',(-1.,0.,0.));
#6883=DIRECTION('',(0.,0.,-1.));
#6884=DIRECTION('center_axis',(0.,0.,1.));
#6885=DIRECTION('ref_axis',(-1.,0.,0.));
#6886=DIRECTION('center_axis',(0.,0.,-1.));
#6887=DIRECTION('ref_axis',(-1.,0.,0.));
#6888=DIRECTION('',(0.,0.,-1.));
#6889=DIRECTION('center_axis',(0.,0.,1.));
#6890=DIRECTION('ref_axis',(-1.,0.,0.));
#6891=DIRECTION('center_axis',(0.,0.,-1.));
#6892=DIRECTION('ref_axis',(-1.,0.,0.));
#6893=DIRECTION('',(0.,0.,-1.));
#6894=DIRECTION('center_axis',(0.,0.,1.));
#6895=DIRECTION('ref_axis',(-1.,0.,0.));
#6896=DIRECTION('center_axis',(0.,0.,-1.));
#6897=DIRECTION('ref_axis',(-1.,0.,0.));
#6898=DIRECTION('',(0.,0.,-1.));
#6899=DIRECTION('center_axis',(0.,0.,1.));
#6900=DIRECTION('ref_axis',(-1.,0.,0.));
#6901=DIRECTION('center_axis',(0.,0.,-1.));
#6902=DIRECTION('ref_axis',(-1.,0.,0.));
#6903=DIRECTION('',(0.,0.,-1.));
#6904=DIRECTION('center_axis',(0.,0.,1.));
#6905=DIRECTION('ref_axis',(-1.,0.,0.));
#6906=DIRECTION('center_axis',(0.,0.,-1.));
#6907=DIRECTION('ref_axis',(-1.,0.,0.));
#6908=DIRECTION('',(0.,0.,-1.));
#6909=DIRECTION('center_axis',(0.,0.,1.));
#6910=DIRECTION('ref_axis',(-1.,0.,0.));
#6911=DIRECTION('center_axis',(0.,0.,-1.));
#6912=DIRECTION('ref_axis',(-1.,0.,0.));
#6913=DIRECTION('',(0.,0.,-1.));
#6914=DIRECTION('center_axis',(0.,0.,1.));
#6915=DIRECTION('ref_axis',(-1.,0.,0.));
#6916=DIRECTION('center_axis',(0.,0.,-1.));
#6917=DIRECTION('ref_axis',(-1.,0.,0.));
#6918=DIRECTION('',(0.,0.,-1.));
#6919=DIRECTION('center_axis',(0.,0.,1.));
#6920=DIRECTION('ref_axis',(-1.,0.,0.));
#6921=DIRECTION('center_axis',(0.,0.,-1.));
#6922=DIRECTION('ref_axis',(-1.,0.,0.));
#6923=DIRECTION('',(0.,0.,-1.));
#6924=DIRECTION('center_axis',(0.,0.,1.));
#6925=DIRECTION('ref_axis',(-1.,0.,0.));
#6926=DIRECTION('center_axis',(0.,0.,-1.));
#6927=DIRECTION('ref_axis',(-1.,0.,0.));
#6928=DIRECTION('',(0.,0.,-1.));
#6929=DIRECTION('center_axis',(0.,0.,1.));
#6930=DIRECTION('ref_axis',(-1.,0.,0.));
#6931=DIRECTION('center_axis',(0.,0.,-1.));
#6932=DIRECTION('ref_axis',(-1.,0.,0.));
#6933=DIRECTION('',(0.,0.,-1.));
#6934=DIRECTION('center_axis',(0.,0.,1.));
#6935=DIRECTION('ref_axis',(-1.,0.,0.));
#6936=DIRECTION('center_axis',(0.,0.,-1.));
#6937=DIRECTION('ref_axis',(-1.,0.,0.));
#6938=DIRECTION('',(0.,0.,-1.));
#6939=DIRECTION('center_axis',(0.,0.,1.));
#6940=DIRECTION('ref_axis',(-1.,0.,0.));
#6941=DIRECTION('center_axis',(0.,0.,-1.));
#6942=DIRECTION('ref_axis',(-1.,0.,0.));
#6943=DIRECTION('',(0.,0.,-1.));
#6944=DIRECTION('center_axis',(0.,0.,1.));
#6945=DIRECTION('ref_axis',(-1.,0.,0.));
#6946=DIRECTION('center_axis',(0.,0.,-1.));
#6947=DIRECTION('ref_axis',(-1.,0.,0.));
#6948=DIRECTION('',(0.,0.,-1.));
#6949=DIRECTION('center_axis',(0.,0.,1.));
#6950=DIRECTION('ref_axis',(-1.,0.,0.));
#6951=DIRECTION('center_axis',(0.,0.,-1.));
#6952=DIRECTION('ref_axis',(-1.,0.,0.));
#6953=DIRECTION('',(0.,0.,-1.));
#6954=DIRECTION('center_axis',(0.,0.,1.));
#6955=DIRECTION('ref_axis',(-1.,0.,0.));
#6956=DIRECTION('center_axis',(0.,0.,-1.));
#6957=DIRECTION('ref_axis',(-1.,0.,0.));
#6958=DIRECTION('',(0.,0.,-1.));
#6959=DIRECTION('center_axis',(0.,0.,1.));
#6960=DIRECTION('ref_axis',(-1.,0.,0.));
#6961=DIRECTION('center_axis',(0.,0.,-1.));
#6962=DIRECTION('ref_axis',(-1.,0.,0.));
#6963=DIRECTION('',(0.,0.,-1.));
#6964=DIRECTION('center_axis',(0.,0.,1.));
#6965=DIRECTION('ref_axis',(-1.,0.,0.));
#6966=DIRECTION('center_axis',(0.,0.,-1.));
#6967=DIRECTION('ref_axis',(-1.,0.,0.));
#6968=DIRECTION('',(0.,0.,-1.));
#6969=DIRECTION('center_axis',(0.,0.,1.));
#6970=DIRECTION('ref_axis',(-1.,0.,0.));
#6971=DIRECTION('center_axis',(0.,0.,-1.));
#6972=DIRECTION('ref_axis',(-1.,0.,0.));
#6973=DIRECTION('',(0.,0.,-1.));
#6974=DIRECTION('center_axis',(0.,0.,1.));
#6975=DIRECTION('ref_axis',(-1.,0.,0.));
#6976=DIRECTION('center_axis',(0.,0.,-1.));
#6977=DIRECTION('ref_axis',(-1.,0.,0.));
#6978=DIRECTION('',(0.,0.,-1.));
#6979=DIRECTION('center_axis',(0.,0.,1.));
#6980=DIRECTION('ref_axis',(-1.,0.,0.));
#6981=DIRECTION('center_axis',(0.,0.,-1.));
#6982=DIRECTION('ref_axis',(-1.,0.,0.));
#6983=DIRECTION('',(0.,0.,-1.));
#6984=DIRECTION('center_axis',(0.,0.,1.));
#6985=DIRECTION('ref_axis',(-1.,0.,0.));
#6986=DIRECTION('center_axis',(0.,0.,-1.));
#6987=DIRECTION('ref_axis',(-1.,0.,0.));
#6988=DIRECTION('',(0.,0.,-1.));
#6989=DIRECTION('center_axis',(0.,0.,1.));
#6990=DIRECTION('ref_axis',(-1.,0.,0.));
#6991=DIRECTION('center_axis',(0.,0.,-1.));
#6992=DIRECTION('ref_axis',(-1.,0.,0.));
#6993=DIRECTION('',(0.,0.,-1.));
#6994=DIRECTION('center_axis',(0.,0.,1.));
#6995=DIRECTION('ref_axis',(-1.,0.,0.));
#6996=DIRECTION('center_axis',(0.,0.,-1.));
#6997=DIRECTION('ref_axis',(-1.,0.,0.));
#6998=DIRECTION('',(0.,0.,-1.));
#6999=DIRECTION('center_axis',(0.,0.,1.));
#7000=DIRECTION('ref_axis',(-1.,0.,0.));
#7001=DIRECTION('center_axis',(0.,0.,-1.));
#7002=DIRECTION('ref_axis',(-1.,0.,0.));
#7003=DIRECTION('',(0.,0.,-1.));
#7004=DIRECTION('center_axis',(0.,0.,1.));
#7005=DIRECTION('ref_axis',(-1.,0.,0.));
#7006=DIRECTION('center_axis',(0.,0.,-1.));
#7007=DIRECTION('ref_axis',(-1.,0.,0.));
#7008=DIRECTION('',(0.,0.,-1.));
#7009=DIRECTION('center_axis',(0.,0.,1.));
#7010=DIRECTION('ref_axis',(-1.,0.,0.));
#7011=DIRECTION('center_axis',(0.,0.,-1.));
#7012=DIRECTION('ref_axis',(-1.,0.,0.));
#7013=DIRECTION('',(0.,0.,-1.));
#7014=DIRECTION('center_axis',(0.,0.,1.));
#7015=DIRECTION('ref_axis',(-1.,0.,0.));
#7016=DIRECTION('center_axis',(0.,0.,-1.));
#7017=DIRECTION('ref_axis',(-1.,0.,0.));
#7018=DIRECTION('',(0.,0.,-1.));
#7019=DIRECTION('center_axis',(0.,0.,1.));
#7020=DIRECTION('ref_axis',(-1.,0.,0.));
#7021=DIRECTION('center_axis',(0.,0.,-1.));
#7022=DIRECTION('ref_axis',(-1.,0.,0.));
#7023=DIRECTION('',(0.,0.,-1.));
#7024=DIRECTION('center_axis',(0.,0.,1.));
#7025=DIRECTION('ref_axis',(-1.,0.,0.));
#7026=DIRECTION('center_axis',(0.,0.,-1.));
#7027=DIRECTION('ref_axis',(-1.,0.,0.));
#7028=DIRECTION('',(0.,0.,-1.));
#7029=DIRECTION('center_axis',(0.,0.,1.));
#7030=DIRECTION('ref_axis',(-1.,0.,0.));
#7031=DIRECTION('center_axis',(0.,0.,-1.));
#7032=DIRECTION('ref_axis',(-1.,0.,0.));
#7033=DIRECTION('',(0.,0.,-1.));
#7034=DIRECTION('center_axis',(0.,0.,1.));
#7035=DIRECTION('ref_axis',(-1.,0.,0.));
#7036=DIRECTION('center_axis',(0.,0.,-1.));
#7037=DIRECTION('ref_axis',(-1.,0.,0.));
#7038=DIRECTION('',(0.,0.,-1.));
#7039=DIRECTION('center_axis',(0.,0.,1.));
#7040=DIRECTION('ref_axis',(-1.,0.,0.));
#7041=DIRECTION('center_axis',(0.,0.,-1.));
#7042=DIRECTION('ref_axis',(-1.,0.,0.));
#7043=DIRECTION('',(0.,0.,-1.));
#7044=DIRECTION('center_axis',(0.,0.,1.));
#7045=DIRECTION('ref_axis',(-1.,0.,0.));
#7046=DIRECTION('center_axis',(0.,0.,-1.));
#7047=DIRECTION('ref_axis',(-1.,0.,0.));
#7048=DIRECTION('',(0.,0.,-1.));
#7049=DIRECTION('center_axis',(0.,0.,1.));
#7050=DIRECTION('ref_axis',(-1.,0.,0.));
#7051=DIRECTION('center_axis',(0.,0.,-1.));
#7052=DIRECTION('ref_axis',(-1.,0.,0.));
#7053=DIRECTION('',(0.,0.,-1.));
#7054=DIRECTION('center_axis',(0.,0.,1.));
#7055=DIRECTION('ref_axis',(-1.,0.,0.));
#7056=DIRECTION('center_axis',(0.,0.,-1.));
#7057=DIRECTION('ref_axis',(-1.,0.,0.));
#7058=DIRECTION('',(0.,0.,-1.));
#7059=DIRECTION('center_axis',(0.,0.,1.));
#7060=DIRECTION('ref_axis',(-1.,0.,0.));
#7061=DIRECTION('center_axis',(0.,0.,-1.));
#7062=DIRECTION('ref_axis',(-1.,0.,0.));
#7063=DIRECTION('',(0.,0.,-1.));
#7064=DIRECTION('center_axis',(0.,0.,1.));
#7065=DIRECTION('ref_axis',(-1.,0.,0.));
#7066=DIRECTION('center_axis',(0.,0.,-1.));
#7067=DIRECTION('ref_axis',(-1.,0.,0.));
#7068=DIRECTION('',(0.,0.,-1.));
#7069=DIRECTION('center_axis',(0.,0.,1.));
#7070=DIRECTION('ref_axis',(-1.,0.,0.));
#7071=DIRECTION('center_axis',(0.,0.,-1.));
#7072=DIRECTION('ref_axis',(-1.,0.,0.));
#7073=DIRECTION('',(0.,0.,-1.));
#7074=DIRECTION('center_axis',(0.,0.,1.));
#7075=DIRECTION('ref_axis',(-1.,0.,0.));
#7076=DIRECTION('center_axis',(0.,0.,-1.));
#7077=DIRECTION('ref_axis',(-1.,0.,0.));
#7078=DIRECTION('',(0.,0.,-1.));
#7079=DIRECTION('center_axis',(0.,0.,1.));
#7080=DIRECTION('ref_axis',(-1.,0.,0.));
#7081=DIRECTION('center_axis',(0.,0.,-1.));
#7082=DIRECTION('ref_axis',(-1.,0.,0.));
#7083=DIRECTION('',(0.,0.,-1.));
#7084=DIRECTION('center_axis',(0.,0.,1.));
#7085=DIRECTION('ref_axis',(-1.,0.,0.));
#7086=DIRECTION('center_axis',(0.,0.,-1.));
#7087=DIRECTION('ref_axis',(-1.,0.,0.));
#7088=DIRECTION('',(0.,0.,-1.));
#7089=DIRECTION('center_axis',(0.,0.,1.));
#7090=DIRECTION('ref_axis',(-1.,0.,0.));
#7091=DIRECTION('center_axis',(0.,0.,-1.));
#7092=DIRECTION('ref_axis',(-1.,0.,0.));
#7093=DIRECTION('',(0.,0.,-1.));
#7094=DIRECTION('center_axis',(0.,0.,1.));
#7095=DIRECTION('ref_axis',(-1.,0.,0.));
#7096=DIRECTION('center_axis',(0.,0.,-1.));
#7097=DIRECTION('ref_axis',(-1.,0.,0.));
#7098=DIRECTION('',(0.,0.,-1.));
#7099=DIRECTION('center_axis',(0.,0.,1.));
#7100=DIRECTION('ref_axis',(-1.,0.,0.));
#7101=DIRECTION('center_axis',(0.,0.,-1.));
#7102=DIRECTION('ref_axis',(-1.,0.,0.));
#7103=DIRECTION('',(0.,0.,-1.));
#7104=DIRECTION('center_axis',(0.,0.,1.));
#7105=DIRECTION('ref_axis',(-1.,0.,0.));
#7106=DIRECTION('center_axis',(0.,0.,-1.));
#7107=DIRECTION('ref_axis',(-1.,0.,0.));
#7108=DIRECTION('',(0.,0.,-1.));
#7109=DIRECTION('center_axis',(0.,0.,1.));
#7110=DIRECTION('ref_axis',(-1.,0.,0.));
#7111=DIRECTION('center_axis',(0.,0.,-1.));
#7112=DIRECTION('ref_axis',(-1.,0.,0.));
#7113=DIRECTION('',(0.,0.,-1.));
#7114=DIRECTION('center_axis',(0.,0.,1.));
#7115=DIRECTION('ref_axis',(-1.,0.,0.));
#7116=DIRECTION('center_axis',(0.,0.,-1.));
#7117=DIRECTION('ref_axis',(-1.,0.,0.));
#7118=DIRECTION('',(0.,0.,-1.));
#7119=DIRECTION('center_axis',(0.,0.,1.));
#7120=DIRECTION('ref_axis',(-1.,0.,0.));
#7121=DIRECTION('center_axis',(0.,0.,-1.));
#7122=DIRECTION('ref_axis',(-1.,0.,0.));
#7123=DIRECTION('',(0.,0.,-1.));
#7124=DIRECTION('center_axis',(0.,0.,1.));
#7125=DIRECTION('ref_axis',(-1.,0.,0.));
#7126=DIRECTION('center_axis',(0.,0.,-1.));
#7127=DIRECTION('ref_axis',(-1.,0.,0.));
#7128=DIRECTION('',(0.,0.,-1.));
#7129=DIRECTION('center_axis',(0.,0.,1.));
#7130=DIRECTION('ref_axis',(-1.,0.,0.));
#7131=DIRECTION('',(1.,0.,0.));
#7132=DIRECTION('',(0.,1.,0.));
#7133=DIRECTION('',(-1.,0.,0.));
#7134=DIRECTION('',(0.,-1.,0.));
#7135=DIRECTION('center_axis',(0.,1.,0.));
#7136=DIRECTION('ref_axis',(-1.,0.,0.));
#7137=DIRECTION('',(-1.,0.,0.));
#7138=DIRECTION('',(0.,0.,1.));
#7139=DIRECTION('',(0.,0.,1.));
#7140=DIRECTION('center_axis',(-1.,0.,0.));
#7141=DIRECTION('ref_axis',(0.,-1.,0.));
#7142=DIRECTION('',(0.,-1.,0.));
#7143=DIRECTION('',(0.,0.,1.));
#7144=DIRECTION('center_axis',(0.,-1.,0.));
#7145=DIRECTION('ref_axis',(1.,0.,0.));
#7146=DIRECTION('',(1.,0.,0.));
#7147=DIRECTION('',(0.,0.,1.));
#7148=DIRECTION('center_axis',(1.,0.,0.));
#7149=DIRECTION('ref_axis',(0.,1.,0.));
#7150=DIRECTION('',(0.,1.,0.));
#7151=DIRECTION('center_axis',(0.,-1.,0.));
#7152=DIRECTION('ref_axis',(1.,0.,0.));
#7153=DIRECTION('',(-1.,0.,0.));
#7154=DIRECTION('',(0.,0.,1.));
#7155=DIRECTION('',(0.,0.,1.));
#7156=DIRECTION('center_axis',(-1.,0.,0.));
#7157=DIRECTION('ref_axis',(0.,-1.,0.));
#7158=DIRECTION('',(0.,1.,0.));
#7159=DIRECTION('',(0.,0.,1.));
#7160=DIRECTION('center_axis',(0.,1.,0.));
#7161=DIRECTION('ref_axis',(-1.,0.,0.));
#7162=DIRECTION('',(-1.,0.,0.));
#7163=DIRECTION('',(0.,0.,1.));
#7164=DIRECTION('center_axis',(1.,0.,0.));
#7165=DIRECTION('ref_axis',(0.,1.,0.));
#7166=DIRECTION('',(0.,1.,0.));
#7167=DIRECTION('center_axis',(0.,0.,1.));
#7168=DIRECTION('ref_axis',(-1.,0.,0.));
#7169=DIRECTION('center_axis',(-0.640856382055789,0.29883623873012,0.707106781186547));
#7170=DIRECTION('ref_axis',(0.640856382055788,-0.29883623873012,0.707106781186548));
#7171=DIRECTION('',(0.4226182617407,0.90630778703665,0.));
#7172=DIRECTION('',(0.640856382055788,-0.29883623873012,0.707106781186548));
#7173=DIRECTION('',(0.4226182617407,0.90630778703665,0.));
#7174=DIRECTION('',(-0.279258277633819,0.767255811994709,-0.577350269189626));
#7175=DIRECTION('center_axis',(0.29883623873012,0.640856382055788,0.707106781186548));
#7176=DIRECTION('ref_axis',(0.90630778703665,-0.4226182617407,0.));
#7177=DIRECTION('',(0.90630778703665,-0.4226182617407,0.));
#7178=DIRECTION('',(0.29883623873012,0.640856382055789,-0.707106781186547));
#7179=DIRECTION('',(0.90630778703665,-0.4226182617407,0.));
#7180=DIRECTION('center_axis',(0.,0.,1.));
#7181=DIRECTION('ref_axis',(0.90630778703665,-0.4226182617407,0.));
#7182=DIRECTION('',(0.90630778703665,-0.4226182617407,0.));
#7183=DIRECTION('',(0.4226182617407,0.90630778703665,0.));
#7184=DIRECTION('center_axis',(-0.4226182617407,-0.90630778703665,0.));
#7185=DIRECTION('ref_axis',(0.90630778703665,-0.4226182617407,0.));
#7186=DIRECTION('',(-0.90630778703665,0.4226182617407,0.));
#7187=DIRECTION('',(0.,0.,1.));
#7188=DIRECTION('center_axis',(0.90630778703665,-0.4226182617407,0.));
#7189=DIRECTION('ref_axis',(0.4226182617407,0.90630778703665,0.));
#7190=DIRECTION('',(-0.4226182617407,-0.90630778703665,0.));
#7191=DIRECTION('center_axis',(0.,0.,1.));
#7192=DIRECTION('ref_axis',(-0.90630778703665,0.4226182617407,0.));
#7193=DIRECTION('',(0.,0.,1.));
#7194=DIRECTION('',(1.,0.,0.));
#7195=CARTESIAN_POINT('',(0.,0.,0.));
#7196=CARTESIAN_POINT('',(0.,0.,0.));
#7197=CARTESIAN_POINT('Origin',(-116.129372990896,61.1974893237756,6.));
#7198=CARTESIAN_POINT('',(-128.216011828733,47.1086166060974,1.));
#7199=CARTESIAN_POINT('',(-118.142545291861,68.7112353079397,1.));
#7200=CARTESIAN_POINT('',(-128.216011828733,47.1086166060974,1.));
#7201=CARTESIAN_POINT('',(-119.152933958366,42.8824339886904,11.));
#7202=CARTESIAN_POINT('',(-125.950242361141,46.0520709517457,3.5));
#7203=CARTESIAN_POINT('',(-113.305650038902,55.4219748201662,11.));
#7204=CARTESIAN_POINT('',(-111.597834055713,59.0843980150722,11.));
#7205=CARTESIAN_POINT('',(-113.305650038902,55.4219748201662,11.));
#7206=CARTESIAN_POINT('Origin',(-110.191591880717,59.4867552478771,6.));
#7207=CARTESIAN_POINT('',(-108.950001616138,53.3909026044008,11.));
#7208=CARTESIAN_POINT('',(-112.304683189421,54.9552163126939,11.));
#7209=CARTESIAN_POINT('',(-104.723818998731,62.4539804747673,1.));
#7210=CARTESIAN_POINT('',(-108.298731287301,54.7875563317151,9.45896311684474));
#7211=CARTESIAN_POINT('',(-118.142545291861,68.7112353079397,1.));
#7212=CARTESIAN_POINT('Origin',(-116.469915413732,54.7812985404324,11.));
#7213=CARTESIAN_POINT('',(-114.797285535603,40.851361772925,11.));
#7214=CARTESIAN_POINT('',(-114.797285535603,40.851361772925,11.));
#7215=CARTESIAN_POINT('',(-104.723818998731,62.4539804747673,11.));
#7216=CARTESIAN_POINT('Origin',(-128.216011828733,47.1086166060974,1.));
#7217=CARTESIAN_POINT('',(-114.797285535603,40.851361772925,1.));
#7218=CARTESIAN_POINT('',(-114.797285535603,40.851361772925,1.));
#7219=CARTESIAN_POINT('',(-114.797285535603,40.851361772925,1.));
#7220=CARTESIAN_POINT('Origin',(-114.797285535603,40.851361772925,1.));
#7221=CARTESIAN_POINT('',(-104.723818998731,62.4539804747673,1.));
#7222=CARTESIAN_POINT('Origin',(-116.469915413732,54.7812985404324,1.));
#7223=CARTESIAN_POINT('Origin',(-95.3098413094908,90.5139619953531,1.));
#7224=CARTESIAN_POINT('',(-29.5752036518309,117.345984133391,1.));
#7225=CARTESIAN_POINT('',(-41.995438358787,137.402920589141,1.));
#7226=CARTESIAN_POINT('Origin',(-95.3098413094908,90.5139619953531,1.));
#7227=CARTESIAN_POINT('',(-41.995438358787,137.402920589141,8.));
#7228=CARTESIAN_POINT('',(-41.995438358787,137.402920589141,1.));
#7229=CARTESIAN_POINT('',(-33.407156670498,125.285468066926,13.));
#7230=CARTESIAN_POINT('Origin',(-95.3098413094908,90.5139619953531,76.989071537332));
#7231=CARTESIAN_POINT('',(-31.9847279044898,122.622060852865,13.));
#7232=CARTESIAN_POINT('Origin',(-95.3098413094908,90.5139619953531,13.));
#7233=CARTESIAN_POINT('',(-29.5752036518309,117.345984133391,8.));
#7234=CARTESIAN_POINT('Origin',(-95.3098413094908,90.5139619953531,46.45644717984));
#7235=CARTESIAN_POINT('',(-29.5752036518309,117.345984133391,1.));
#7236=CARTESIAN_POINT('Origin',(-39.267142206909,126.760513341421,1.));
#7237=CARTESIAN_POINT('',(-36.5388460550311,116.118106093701,1.));
#7238=CARTESIAN_POINT('',(-35.2109700194612,116.352246465809,1.));
#7239=CARTESIAN_POINT('',(-54.2966262273351,128.55223763222,1.));
#7240=CARTESIAN_POINT('',(-54.2966262273351,128.55223763222,1.));
#7241=CARTESIAN_POINT('',(-48.9590807619871,136.175042549452,1.));
#7242=CARTESIAN_POINT('',(-46.0911985802319,140.270802770897,1.));
#7243=CARTESIAN_POINT('',(-43.3233143943567,137.168780217034,1.));
#7244=CARTESIAN_POINT('Origin',(-32.4396090325328,117.613806287493,10.5));
#7245=CARTESIAN_POINT('',(-33.6709638732758,120.213866315146,13.));
#7246=CARTESIAN_POINT('',(-34.4874891432553,119.047747378371,13.));
#7247=CARTESIAN_POINT('',(-33.6709638732758,120.213866315146,13.));
#7248=CARTESIAN_POINT('Origin',(-33.057024853431,116.732045113546,1.));
#7249=CARTESIAN_POINT('',(-36.5388460550311,116.118106093701,8.));
#7250=CARTESIAN_POINT('',(-29.5752036518309,117.345984133391,8.));
#7251=CARTESIAN_POINT('',(-36.5388460550311,116.118106093701,1.));
#7252=CARTESIAN_POINT('Origin',(-31.1349843757978,126.746412369969,10.5));
#7253=CARTESIAN_POINT('',(-44.8633205405422,133.307160367696,13.));
#7254=CARTESIAN_POINT('',(-41.995438358787,137.402920589141,8.));
#7255=CARTESIAN_POINT('',(-32.5689254666754,124.698532259247,13.));
#7256=CARTESIAN_POINT('Origin',(-45.477259560387,136.788981569296,1.));
#7257=CARTESIAN_POINT('',(-48.9590807619871,136.175042549452,8.));
#7258=CARTESIAN_POINT('',(-48.9590807619871,136.175042549452,1.));
#7259=CARTESIAN_POINT('',(-48.9590807619871,136.175042549452,8.));
#7260=CARTESIAN_POINT('Origin',(-44.8633205405422,133.307160367696,8.));
#7261=CARTESIAN_POINT('Origin',(-44.8633205405422,133.307160367696,8.));
#7262=CARTESIAN_POINT('Origin',(-33.6709638732758,120.213866315146,8.));
#7263=CARTESIAN_POINT('Origin',(-33.6709638732758,120.213866315146,8.));
#7264=CARTESIAN_POINT('Origin',(-54.2966262273351,128.55223763222,1.));
#7265=CARTESIAN_POINT('',(-54.2966262273351,128.55223763222,8.));
#7266=CARTESIAN_POINT('',(-48.8332411288978,124.726734202151,8.));
#7267=CARTESIAN_POINT('',(-54.2966262273351,128.55223763222,1.));
#7268=CARTESIAN_POINT('Origin',(-45.9653589471426,128.822494423596,8.));
#7269=CARTESIAN_POINT('',(-47.3329838241349,129.780115671909,13.));
#7270=CARTESIAN_POINT('',(-45.9653589471426,128.822494423596,13.));
#7271=CARTESIAN_POINT('Origin',(-47.3329838241349,129.780115671909,8.));
#7272=CARTESIAN_POINT('Origin',(-39.267142206909,126.760513341421,13.));
#7273=CARTESIAN_POINT('',(-44.0467952705627,134.473279304472,13.));
#7274=CARTESIAN_POINT('Origin',(-44.0467952705627,134.473279304472,8.));
#7275=CARTESIAN_POINT('',(-48.1425554920077,137.341161486227,8.));
#7276=CARTESIAN_POINT('Origin',(-46.0911985802319,140.270802770897,1.));
#7277=CARTESIAN_POINT('Origin',(-75.2649282919773,104.583100431453,2.50190014746603));
#7278=CARTESIAN_POINT('',(-86.5218076980462,108.355738475064,4.82118900046834));
#7279=CARTESIAN_POINT('',(-84.7543919248388,104.583100431453,7.34739998845633));
#7280=CARTESIAN_POINT('Ctrl Pts',(-86.5218076980462,108.355738475064,4.82118900046834));
#7281=CARTESIAN_POINT('Ctrl Pts',(-86.5218076980462,108.331962328295,4.88892183740788));
#7282=CARTESIAN_POINT('Ctrl Pts',(-86.5208418516473,108.306349296619,4.95599968636678));
#7283=CARTESIAN_POINT('Ctrl Pts',(-86.5113783591371,108.176662187612,5.26966022738123));
#7284=CARTESIAN_POINT('Ctrl Pts',(-86.489167161267,108.048983455107,5.50583016342064));
#7285=CARTESIAN_POINT('Ctrl Pts',(-86.4126566297939,107.754606688753,5.93831264549706));
#7286=CARTESIAN_POINT('Ctrl Pts',(-86.3583118968088,107.587911448244,6.13461906004154));
#7287=CARTESIAN_POINT('Ctrl Pts',(-86.2174756424523,107.218786270182,6.49283266064704));
#7288=CARTESIAN_POINT('Ctrl Pts',(-86.1248474694097,107.004781150508,6.65947812301767));
#7289=CARTESIAN_POINT('Ctrl Pts',(-85.9063078693654,106.549314409551,6.94026751477002));
#7290=CARTESIAN_POINT('Ctrl Pts',(-85.780425251143,106.307882934058,7.0544827593752));
#7291=CARTESIAN_POINT('Ctrl Pts',(-85.5068788480666,105.814824373739,7.22739862970708));
#7292=CARTESIAN_POINT('Ctrl Pts',(-85.3590523259873,105.562827396743,7.28629536205553));
#7293=CARTESIAN_POINT('Ctrl Pts',(-85.0569438107688,105.064638713388,7.35277317011847));
#7294=CARTESIAN_POINT('Ctrl Pts',(-84.9027217828937,104.818413704799,7.36037716949854));
#7295=CARTESIAN_POINT('Ctrl Pts',(-84.7543919248388,104.583100431453,7.34739998845633));
#7296=CARTESIAN_POINT('',(-72.6926095946256,104.583100431453,6.29213077264537));
#7297=CARTESIAN_POINT('',(-74.9163053209867,104.583100431453,6.48667893983301));
#7298=CARTESIAN_POINT('',(-72.1425135497911,105.652988661939,6.09770937944051));
#7299=CARTESIAN_POINT('Ctrl Pts',(-72.6926095946256,104.583100431453,6.29213077264538));
#7300=CARTESIAN_POINT('Ctrl Pts',(-72.56244937656,104.822720194795,6.28074322912257));
#7301=CARTESIAN_POINT('Ctrl Pts',(-72.4298197679737,105.072302637533,6.24725779268378));
#7302=CARTESIAN_POINT('Ctrl Pts',(-72.2484769182502,105.433310941603,6.16312292534943));
#7303=CARTESIAN_POINT('Ctrl Pts',(-72.1945772642626,105.543331028122,6.13282003124471));
#7304=CARTESIAN_POINT('Ctrl Pts',(-72.1425135497911,105.652988661939,6.09770937944052));
#7305=CARTESIAN_POINT('',(-73.6603593231127,107.70879505425,4.86705631094703));
#7306=CARTESIAN_POINT('Ctrl Pts',(-72.1425135497911,105.652988661939,6.09770937944052));
#7307=CARTESIAN_POINT('Ctrl Pts',(-72.3105876611289,105.873842772399,6.05087383231922));
#7308=CARTESIAN_POINT('Ctrl Pts',(-72.472669742902,106.093604851578,5.98333079600929));
#7309=CARTESIAN_POINT('Ctrl Pts',(-72.7946046156075,106.536879633197,5.79862522914066));
#7310=CARTESIAN_POINT('Ctrl Pts',(-72.9524106458378,106.757928695981,5.67975879266956));
#7311=CARTESIAN_POINT('Ctrl Pts',(-73.3006160840977,107.239852223244,5.3508727535796));
#7312=CARTESIAN_POINT('Ctrl Pts',(-73.4846551507894,107.48988679943,5.12686571736776));
#7313=CARTESIAN_POINT('Ctrl Pts',(-73.6603593231127,107.70879505425,4.86705631094704));
#7314=CARTESIAN_POINT('',(-74.4373875652284,108.583100431453,2.4294997152695));
#7315=CARTESIAN_POINT('Ctrl Pts',(-73.6603593231127,107.70879505425,4.86705631094702));
#7316=CARTESIAN_POINT('Ctrl Pts',(-73.8292312095733,107.915900063024,4.62148658419975));
#7317=CARTESIAN_POINT('Ctrl Pts',(-73.9845541496569,108.095618597806,4.34243403791903));
#7318=CARTESIAN_POINT('Ctrl Pts',(-74.2448023269217,108.38464270275,3.71357727540477));
#7319=CARTESIAN_POINT('Ctrl Pts',(-74.3455841125895,108.489319198831,3.36489411538532));
#7320=CARTESIAN_POINT('Ctrl Pts',(-74.4241376379498,108.56985055048,2.80725985622751));
#7321=CARTESIAN_POINT('Ctrl Pts',(-74.4373875652284,108.583100431453,2.61840443136093));
#7322=CARTESIAN_POINT('Ctrl Pts',(-74.4373875652284,108.583100431453,2.42949971526949));
#7323=CARTESIAN_POINT('',(-86.5218076980462,108.583100431453,3.48674948217549));
#7324=CARTESIAN_POINT('',(-75.2649282919773,108.583100431453,2.50190014746603));
#7325=CARTESIAN_POINT('Origin',(-86.5218076980462,104.583100431453,3.48674948217549));
#7326=CARTESIAN_POINT('Origin',(-86.5218076980462,108.583100431453,-0.217686925134887));
#7327=CARTESIAN_POINT('',(-86.5218076980462,108.583100431453,-0.217686925134887));
#7328=CARTESIAN_POINT('',(-86.5218076980462,108.583100431453,-0.217686925134887));
#7329=CARTESIAN_POINT('',(-86.5218076980462,103.336036993636,-0.217686925134887));
#7330=CARTESIAN_POINT('',(-86.5218076980462,96.2674764187318,-0.217686925134887));
#7331=CARTESIAN_POINT('',(-86.5218076980462,104.722188317146,1.1737592712411));
#7332=CARTESIAN_POINT('Origin',(-71.4373875652284,108.583100431453,-0.217686925134887));
#7333=CARTESIAN_POINT('',(-74.4373875652284,108.583100431453,1.85559679831698));
#7334=CARTESIAN_POINT('Ctrl Pts',(-74.4373875652284,108.583100431453,1.85559679831698));
#7335=CARTESIAN_POINT('Ctrl Pts',(-74.4373875652284,108.583100431453,2.04689777063449));
#7336=CARTESIAN_POINT('Ctrl Pts',(-74.4373875652284,108.583100431453,2.23819874295199));
#7337=CARTESIAN_POINT('Ctrl Pts',(-74.4373875652284,108.583100431453,2.4294997152695));
#7338=CARTESIAN_POINT('',(-74.4373875652284,108.583100431453,-0.217686925134887));
#7339=CARTESIAN_POINT('',(-74.4373875652284,108.583100431453,-0.217686925134887));
#7340=CARTESIAN_POINT('',(-86.5218076980462,108.583100431453,-0.217686925134887));
#7341=CARTESIAN_POINT('Ctrl Pts',(-71.4373875652284,105.583100431453,1.85559679831698));
#7342=CARTESIAN_POINT('Ctrl Pts',(-71.4373875652284,105.583100431453,2.28580530012127));
#7343=CARTESIAN_POINT('Ctrl Pts',(-71.4867426887774,105.582717215478,3.28962513766462));
#7344=CARTESIAN_POINT('Ctrl Pts',(-71.6545127256903,105.587876847804,4.29344497520797));
#7345=CARTESIAN_POINT('Ctrl Pts',(-71.7896146339686,105.603849503443,4.86705631094703));
#7346=CARTESIAN_POINT('Ctrl Pts',(-72.4373875652284,106.583100431453,1.85559679831698));
#7347=CARTESIAN_POINT('Ctrl Pts',(-72.4373875652284,106.583100431453,2.28580530012127));
#7348=CARTESIAN_POINT('Ctrl Pts',(-72.4702909809277,106.582844954136,3.28962513766462));
#7349=CARTESIAN_POINT('Ctrl Pts',(-72.582137672203,106.58628470902,4.29344497520797));
#7350=CARTESIAN_POINT('Ctrl Pts',(-72.6722056110552,106.596933146113,4.86705631094703));
#7351=CARTESIAN_POINT('Ctrl Pts',(-73.4373875652284,107.583100431453,1.85559679831698));
#7352=CARTESIAN_POINT('Ctrl Pts',(-73.4373875652284,107.583100431453,2.28580530012127));
#7353=CARTESIAN_POINT('Ctrl Pts',(-73.4538392730781,107.582972692794,3.28962513766462));
#7354=CARTESIAN_POINT('Ctrl Pts',(-73.5097626187157,107.584692570237,4.29344497520797));
#7355=CARTESIAN_POINT('Ctrl Pts',(-73.5547965881418,107.590016788783,4.86705631094703));
#7356=CARTESIAN_POINT('Ctrl Pts',(-74.4373875652284,108.583100431453,1.85559679831698));
#7357=CARTESIAN_POINT('Ctrl Pts',(-74.4373875652284,108.583100431453,2.28580530012127));
#7358=CARTESIAN_POINT('Ctrl Pts',(-74.4373875652284,108.583100431453,3.28962513766462));
#7359=CARTESIAN_POINT('Ctrl Pts',(-74.4373875652284,108.583100431453,4.29344497520797));
#7360=CARTESIAN_POINT('Ctrl Pts',(-74.4373875652284,108.583100431453,4.86705631094703));
#7361=CARTESIAN_POINT('',(-71.7896146339686,105.603849503443,4.86705631094702));
#7362=CARTESIAN_POINT('',(-71.7896146339686,105.603849503443,4.86705631094702));
#7363=CARTESIAN_POINT('',(-71.4373875652284,105.583100431453,1.85559679831698));
#7364=CARTESIAN_POINT('Ctrl Pts',(-71.7896146339686,105.603849503443,4.86705631094703));
#7365=CARTESIAN_POINT('Ctrl Pts',(-71.6545127256903,105.587876847804,4.29344497520797));
#7366=CARTESIAN_POINT('Ctrl Pts',(-71.4867426887774,105.582717215478,3.28962513766462));
#7367=CARTESIAN_POINT('Ctrl Pts',(-71.4373875652284,105.583100431453,2.28580530012127));
#7368=CARTESIAN_POINT('Ctrl Pts',(-71.4373875652284,105.583100431453,1.85559679831698));
#7369=CARTESIAN_POINT('',(-74.4373875652284,108.583100431453,1.85559679831698));
#7370=CARTESIAN_POINT('Ctrl Pts',(-71.7896146339686,105.603849503443,4.86705631094703));
#7371=CARTESIAN_POINT('Ctrl Pts',(-71.8888576750663,105.61558268279,5.28841922204429));
#7372=CARTESIAN_POINT('Ctrl Pts',(-72.0073532941619,105.632156792791,5.69988411304512));
#7373=CARTESIAN_POINT('Ctrl Pts',(-72.1425135497911,105.652988661939,6.09770937944052));
#7374=CARTESIAN_POINT('Ctrl Pts',(-72.4131961970166,106.305498020379,4.86705631094703));
#7375=CARTESIAN_POINT('Ctrl Pts',(-72.4890663385886,106.314467898451,5.26772588779084));
#7376=CARTESIAN_POINT('Ctrl Pts',(-72.5835797169231,106.327138611261,5.66082744184919));
#7377=CARTESIAN_POINT('Ctrl Pts',(-72.6946664111213,106.343064331029,6.04237287213231));
#7378=CARTESIAN_POINT('Ctrl Pts',(-73.0367777600647,107.007146537314,4.86705631094703));
#7379=CARTESIAN_POINT('Ctrl Pts',(-73.0892750021109,107.013353114111,5.24703255353739));
#7380=CARTESIAN_POINT('Ctrl Pts',(-73.1598061396843,107.022120429731,5.62177077065325));
#7381=CARTESIAN_POINT('Ctrl Pts',(-73.2468192724516,107.03314000012,5.9870363648241));
#7382=CARTESIAN_POINT('Ctrl Pts',(-73.6603593231127,107.70879505425,4.86705631094703));
#7383=CARTESIAN_POINT('Ctrl Pts',(-73.6894836656331,107.712238329772,5.22633921928394));
#7384=CARTESIAN_POINT('Ctrl Pts',(-73.7360325624455,107.717102248202,5.58271409945733));
#7385=CARTESIAN_POINT('Ctrl Pts',(-73.7989721337818,107.72321566921,5.9316998575159));
#7386=CARTESIAN_POINT('Ctrl Pts',(-72.1425135497911,105.652988661939,6.09770937944052));
#7387=CARTESIAN_POINT('Ctrl Pts',(-72.0073532941619,105.632156792791,5.69988411304512));
#7388=CARTESIAN_POINT('Ctrl Pts',(-71.8888576750663,105.61558268279,5.28841922204429));
#7389=CARTESIAN_POINT('Ctrl Pts',(-71.7896146339686,105.603849503443,4.86705631094703));
#7390=CARTESIAN_POINT('Origin',(-72.9373875652284,107.083100431453,-0.217686925134887));
#7391=CARTESIAN_POINT('',(-71.4373875652284,105.583100431453,-0.217686925134887));
#7392=CARTESIAN_POINT('',(-73.2834870802405,107.429199946465,-0.217686925134887));
#7393=CARTESIAN_POINT('',(-71.4373875652284,105.583100431453,-0.217686925134887));
#7394=CARTESIAN_POINT('Origin',(-77.9373875652284,101.746201675606,-1.99595828744717));
#7395=CARTESIAN_POINT('',(-77.536802856573,101.267476418732,6.71594276699443));
#7396=CARTESIAN_POINT('Origin',(-77.9373875652284,110.459864574157,6.75098938778362));
#7397=CARTESIAN_POINT('',(-77.536802856573,96.2674764187318,1.6968435792777));
#7398=CARTESIAN_POINT('',(-77.536802856573,97.1500075978936,2.58274588417076));
#7399=CARTESIAN_POINT('',(-73.9540623846216,96.2674764187318,-0.21768692513489));
#7400=CARTESIAN_POINT('Origin',(-77.9373875652284,96.2674764187318,-7.49561138474736));
#7401=CARTESIAN_POINT('',(-71.4373875652284,103.51770617851,-0.217686925134887));
#7402=CARTESIAN_POINT('Origin',(-77.9373875652284,103.51770617851,-0.217686925134887));
#7403=CARTESIAN_POINT('',(-71.4373875652284,101.746201675606,-1.99595828744717));
#7404=CARTESIAN_POINT('Origin',(-78.9508972452791,102.425288425092,6.83965999516184));
#7405=CARTESIAN_POINT('',(-79.6212229893908,101.267476418732,6.89830589864119));
#7406=CARTESIAN_POINT('Origin',(-80.0218076980462,110.459864574157,6.93335251943038));
#7407=CARTESIAN_POINT('',(-82.4012238283142,101.267476418732,7.14152445663955));
#7408=CARTESIAN_POINT('Origin',(-80.0218076980462,104.722188317146,1.1737592712411));
#7409=CARTESIAN_POINT('',(-84.1657767772027,96.2674764187318,-0.217686925134887));
#7410=CARTESIAN_POINT('Origin',(-80.0218076980462,103.336036993636,-0.217686925134887));
#7411=CARTESIAN_POINT('',(-79.6212229893908,96.2674764187318,1.87920671092445));
#7412=CARTESIAN_POINT('Origin',(-80.0218076980462,96.2674764187318,-7.31324825310061));
#7413=CARTESIAN_POINT('',(-79.6212229893908,100.125994239433,5.75246344285904));
#7414=CARTESIAN_POINT('Origin',(-71.4373875652284,96.2674764187318,-0.217686925134887));
#7415=CARTESIAN_POINT('',(-71.4373875652284,108.583100431453,-0.217686925134887));
#7416=CARTESIAN_POINT('Origin',(-82.6191131851834,98.7674764187318,4.65103771141019));
#7417=CARTESIAN_POINT('',(-82.8370025420525,96.2674764187318,2.16055096618082));
#7418=CARTESIAN_POINT('Origin',(-86.5218076980462,96.2674764187318,-0.217686925134887));
#7419=CARTESIAN_POINT('',(-71.4373875652284,96.2674764187318,-0.217686925134887));
#7420=CARTESIAN_POINT('Origin',(-78.9795976316373,102.425288425092,-0.217686925134887));
#7421=CARTESIAN_POINT('Origin',(-87.2362203990924,36.4100256350846,1.));
#7422=CARTESIAN_POINT('',(-87.2362203990924,36.4100256350846,1.));
#7423=CARTESIAN_POINT('',(-86.5524386658093,41.5723063003671,1.));
#7424=CARTESIAN_POINT('',(-87.2362203990924,36.4100256350846,1.));
#7425=CARTESIAN_POINT('',(-86.5524386658093,41.5723063003671,8.));
#7426=CARTESIAN_POINT('',(-86.5524386658093,41.5723063003671,1.));
#7427=CARTESIAN_POINT('',(-87.2362203990924,36.4100256350846,8.));
#7428=CARTESIAN_POINT('',(-87.2362203990924,36.4100256350846,8.));
#7429=CARTESIAN_POINT('',(-87.2362203990924,36.4100256350846,1.));
#7430=CARTESIAN_POINT('Origin',(-102.294699466583,49.830301705801,1.));
#7431=CARTESIAN_POINT('',(-102.294699466583,49.830301705801,1.));
#7432=CARTESIAN_POINT('',(-102.294699466583,49.830301705801,1.));
#7433=CARTESIAN_POINT('',(-102.294699466583,49.830301705801,8.));
#7434=CARTESIAN_POINT('',(-102.294699466583,49.830301705801,8.));
#7435=CARTESIAN_POINT('',(-102.294699466583,49.830301705801,1.));
#7436=CARTESIAN_POINT('Origin',(-93.7499316475684,48.6984848735468,1.));
#7437=CARTESIAN_POINT('',(-93.7499316475684,48.6984848735468,1.));
#7438=CARTESIAN_POINT('',(-93.7499316475684,48.6984848735468,1.));
#7439=CARTESIAN_POINT('',(-93.7499316475684,48.6984848735468,8.));
#7440=CARTESIAN_POINT('',(-93.7499316475684,48.6984848735468,8.));
#7441=CARTESIAN_POINT('',(-93.7499316475684,48.6984848735468,1.));
#7442=CARTESIAN_POINT('Origin',(-86.5524386658093,41.5723063003671,1.));
#7443=CARTESIAN_POINT('',(-86.5524386658093,41.5723063003671,1.));
#7444=CARTESIAN_POINT('',(-86.5524386658093,41.5723063003671,8.));
#7445=CARTESIAN_POINT('Origin',(-93.2938666309413,44.3549770673069,8.));
#7446=CARTESIAN_POINT('Origin',(-93.2938666309413,44.3549770673069,1.));
#7447=CARTESIAN_POINT('Origin',(-126.139854477871,33.3423334019346,-3.5));
#7448=CARTESIAN_POINT('',(-122.283128819752,37.9386000606484,1.));
#7449=CARTESIAN_POINT('',(-126.139854477871,33.3423334019346,4.));
#7450=CARTESIAN_POINT('Origin',(-126.139854477871,33.3423334019346,-3.5));
#7451=CARTESIAN_POINT('',(-119.228885447715,27.5433418376531,4.));
#7452=CARTESIAN_POINT('',(-126.139854477871,33.3423334019346,4.));
#7453=CARTESIAN_POINT('',(-115.372159789596,32.1396084963669,1.));
#7454=CARTESIAN_POINT('Origin',(-119.228885447715,27.5433418376531,-3.5));
#7455=CARTESIAN_POINT('',(-122.283128819752,37.9386000606484,1.));
#7456=CARTESIAN_POINT('Origin',(-121.809982823447,31.4848916344275,4.));
#7457=CARTESIAN_POINT('',(-128.247805857299,30.830174772488,4.));
#7458=CARTESIAN_POINT('',(-128.247805857299,30.830174772488,4.));
#7459=CARTESIAN_POINT('',(-121.336836827143,25.0311832082065,4.));
#7460=CARTESIAN_POINT('',(-121.336836827143,25.0311832082065,4.));
#7461=CARTESIAN_POINT('',(-115.372159789596,32.1396084963669,4.));
#7462=CARTESIAN_POINT('Origin',(-122.283128819752,37.9386000606484,1.));
#7463=CARTESIAN_POINT('',(-128.247805857299,30.830174772488,1.));
#7464=CARTESIAN_POINT('',(-128.247805857299,30.830174772488,1.));
#7465=CARTESIAN_POINT('',(-128.247805857299,30.830174772488,1.));
#7466=CARTESIAN_POINT('Origin',(-121.336836827143,25.0311832082065,1.));
#7467=CARTESIAN_POINT('',(-121.336836827143,25.0311832082065,1.));
#7468=CARTESIAN_POINT('',(-121.336836827143,25.0311832082065,1.));
#7469=CARTESIAN_POINT('',(-115.372159789596,32.1396084963669,1.));
#7470=CARTESIAN_POINT('Origin',(-128.247805857299,30.830174772488,1.));
#7471=CARTESIAN_POINT('',(-121.336836827143,25.0311832082065,1.));
#7472=CARTESIAN_POINT('Origin',(-121.809982823447,31.4848916344275,1.));
#7473=CARTESIAN_POINT('Origin',(-91.3212099349897,17.7509204440266,3.5));
#7474=CARTESIAN_POINT('',(-96.8904780000537,20.2509204440266,1.));
#7475=CARTESIAN_POINT('',(-100.498511132449,15.2509204440266,6.));
#7476=CARTESIAN_POINT('',(-97.0309193311765,20.0562973267085,1.19462311731815));
#7477=CARTESIAN_POINT('',(-91.4061537373941,15.2509204440266,6.));
#7478=CARTESIAN_POINT('',(-91.3212099349897,15.2509204440266,6.));
#7479=CARTESIAN_POINT('',(-87.7981206049992,20.2509204440266,1.));
#7480=CARTESIAN_POINT('',(-90.6730890830844,16.266798939886,4.98412150414059));
#7481=CARTESIAN_POINT('',(-87.7981206049992,20.2509204440266,1.));
#7482=CARTESIAN_POINT('Origin',(-94.8442992649802,16.1267470276539,6.));
#7483=CARTESIAN_POINT('',(-101.890477924961,13.3219376139983,6.));
#7484=CARTESIAN_POINT('',(-96.8904780000537,20.2509204440266,6.));
#7485=CARTESIAN_POINT('',(-93.7501823370052,12.0025736112813,6.));
#7486=CARTESIAN_POINT('',(-101.890477924961,13.3219376139983,6.));
#7487=CARTESIAN_POINT('',(-93.7501823370052,12.0025736112813,6.));
#7488=CARTESIAN_POINT('Origin',(-96.8904780000537,20.2509204440266,1.));
#7489=CARTESIAN_POINT('',(-101.890477924961,13.3219376139983,1.));
#7490=CARTESIAN_POINT('',(-96.8904780000537,20.2509204440266,1.));
#7491=CARTESIAN_POINT('',(-101.890477924961,13.3219376139983,1.));
#7492=CARTESIAN_POINT('Origin',(-93.7501823370052,12.0025736112813,1.));
#7493=CARTESIAN_POINT('',(-93.7501823370052,12.0025736112813,1.));
#7494=CARTESIAN_POINT('',(-93.7501823370052,12.0025736112813,1.));
#7495=CARTESIAN_POINT('',(-93.7501823370052,12.0025736112813,1.));
#7496=CARTESIAN_POINT('Origin',(-101.890477924961,13.3219376139983,1.));
#7497=CARTESIAN_POINT('',(-101.890477924961,13.3219376139983,1.));
#7498=CARTESIAN_POINT('Origin',(-94.8442992649802,16.1267470276539,1.));
#7499=CARTESIAN_POINT('Origin',(-95.5819900719913,35.2628203090048,17.032682770887));
#7500=CARTESIAN_POINT('',(-90.2179105289132,31.4672450508744,12.5505102572168));
#7501=CARTESIAN_POINT('',(-92.2883087234067,35.907228307176,15.));
#7502=CARTESIAN_POINT('',(-89.9850036195885,30.967774571993,12.2749579084311));
#7503=CARTESIAN_POINT('',(-97.3305975610724,37.7424713566591,18.7942584106202));
#7504=CARTESIAN_POINT('',(-94.9895938065393,36.8904156717036,17.032682770887));
#7505=CARTESIAN_POINT('',(-98.5153900919765,34.4872806312616,18.7942584106202));
#7506=CARTESIAN_POINT('',(-97.3305975610724,37.7424713566591,18.7942584106202));
#7507=CARTESIAN_POINT('',(-96.1743863374434,33.6352249463061,17.032682770887));
#7508=CARTESIAN_POINT('Ctrl Pts',(-99.0764696448177,34.7265015007686,19.1576614199922));
#7509=CARTESIAN_POINT('Ctrl Pts',(-99.2598689294074,34.8162141133959,19.2586572505827));
#7510=CARTESIAN_POINT('Ctrl Pts',(-99.6192072559274,35.0313505898078,19.437086666054));
#7511=CARTESIAN_POINT('Ctrl Pts',(-100.285127268425,35.5793091514795,19.7009971243365));
#7512=CARTESIAN_POINT('Ctrl Pts',(-100.844594570264,36.2643739643144,19.8333637865324));
#7513=CARTESIAN_POINT('Ctrl Pts',(-101.381413059081,37.2071954657998,19.8633777204724));
#7514=CARTESIAN_POINT('Ctrl Pts',(-101.604077509251,37.8026321656898,19.8093405458124));
#7515=CARTESIAN_POINT('Ctrl Pts',(-101.708980775553,38.194477371685,19.7490434806507));
#7516=CARTESIAN_POINT('Ctrl Pts',(-98.675356212758,35.7976465933379,19.1726098470228));
#7517=CARTESIAN_POINT('Ctrl Pts',(-98.8161806442376,35.8642096493545,19.2539052423377));
#7518=CARTESIAN_POINT('Ctrl Pts',(-99.0954604259757,36.0255875187611,19.4012700457459));
#7519=CARTESIAN_POINT('Ctrl Pts',(-99.6275839731133,36.4465986048168,19.633583626988));
#7520=CARTESIAN_POINT('Ctrl Pts',(-100.097672951785,36.9912559241338,19.772672126309));
#7521=CARTESIAN_POINT('Ctrl Pts',(-100.574266984668,37.765910403207,19.8385263744297));
#7522=CARTESIAN_POINT('Ctrl Pts',(-100.787939994691,38.2686384829004,19.8169196356841));
#7523=CARTESIAN_POINT('Ctrl Pts',(-100.895514243602,38.6043714617834,19.7793476122344));
#7524=CARTESIAN_POINT('Ctrl Pts',(-98.2742427806983,36.8687916859071,19.1875582740534));
#7525=CARTESIAN_POINT('Ctrl Pts',(-98.3724923590678,36.9122051853132,19.2491532340926));
#7526=CARTESIAN_POINT('Ctrl Pts',(-98.571713596024,37.0198244477144,19.3654534254378));
#7527=CARTESIAN_POINT('Ctrl Pts',(-98.9700406778018,37.3138880581541,19.5661701296395));
#7528=CARTESIAN_POINT('Ctrl Pts',(-99.3507513333069,37.7181378839532,19.7119804660856));
#7529=CARTESIAN_POINT('Ctrl Pts',(-99.767120910255,38.3246253406142,19.813675028387));
#7530=CARTESIAN_POINT('Ctrl Pts',(-99.9718024801311,38.7346448001111,19.8244987255557));
#7531=CARTESIAN_POINT('Ctrl Pts',(-100.082047711652,39.0142655518817,19.8096517438181));
#7532=CARTESIAN_POINT('Ctrl Pts',(-97.8731293486387,37.9399367784764,19.2025067010841));
#7533=CARTESIAN_POINT('Ctrl Pts',(-97.928804073898,37.9602007212718,19.2444012258476));
#7534=CARTESIAN_POINT('Ctrl Pts',(-98.0479667660723,38.0140613766678,19.3296368051297));
#7535=CARTESIAN_POINT('Ctrl Pts',(-98.3124973824904,38.1811775114914,19.498756632291));
#7536=CARTESIAN_POINT('Ctrl Pts',(-98.6038297148284,38.4450198437727,19.6512888058622));
#7537=CARTESIAN_POINT('Ctrl Pts',(-98.959974835842,38.8833402780214,19.7888236823443));
#7538=CARTESIAN_POINT('Ctrl Pts',(-99.155664965571,39.2006511173217,19.8320778154274));
#7539=CARTESIAN_POINT('Ctrl Pts',(-99.2685811797021,39.4241596419801,19.8399558754017));
#7540=CARTESIAN_POINT('',(-99.3785052675911,39.2811959481901,19.8327858443763));
#7541=CARTESIAN_POINT('',(-101.708980775553,38.194477371685,19.7490434806507));
#7542=CARTESIAN_POINT('Ctrl Pts',(-99.3785052675911,39.2811959481901,19.8327858443763));
#7543=CARTESIAN_POINT('Ctrl Pts',(-100.124938068994,38.9331286165979,19.8129427919524));
#7544=CARTESIAN_POINT('Ctrl Pts',(-100.98720005357,38.5310492498541,19.7793712712921));
#7545=CARTESIAN_POINT('Ctrl Pts',(-101.708980775553,38.194477371685,19.7490434806508));
#7546=CARTESIAN_POINT('',(-99.0764696448176,34.7265015007686,19.1576614199921));
#7547=CARTESIAN_POINT('Ctrl Pts',(-101.708980775553,38.194477371685,19.7490434806507));
#7548=CARTESIAN_POINT('Ctrl Pts',(-101.604077509251,37.8026321656898,19.8093405458124));
#7549=CARTESIAN_POINT('Ctrl Pts',(-101.381413059081,37.2071954657998,19.8633777204724));
#7550=CARTESIAN_POINT('Ctrl Pts',(-100.844594570264,36.2643739643144,19.8333637865324));
#7551=CARTESIAN_POINT('Ctrl Pts',(-100.285127268425,35.5793091514795,19.7009971243365));
#7552=CARTESIAN_POINT('Ctrl Pts',(-99.6192072559274,35.0313505898078,19.437086666054));
#7553=CARTESIAN_POINT('Ctrl Pts',(-99.2598689294074,34.8162141133959,19.2586572505827));
#7554=CARTESIAN_POINT('Ctrl Pts',(-99.0764696448177,34.7265015007686,19.1576614199922));
#7555=CARTESIAN_POINT('',(-97.8731293486387,37.9399367784764,19.2025067010841));
#7556=CARTESIAN_POINT('',(-99.0764696448176,34.7265015007686,19.1576614199921));
#7557=CARTESIAN_POINT('',(-99.2291466619047,39.3478907903502,19.8364486743447));
#7558=CARTESIAN_POINT('Ctrl Pts',(-97.8731293486387,37.9399367784764,19.2025067010841));
#7559=CARTESIAN_POINT('Ctrl Pts',(-97.928804073898,37.9602007212718,19.2444012258476));
#7560=CARTESIAN_POINT('Ctrl Pts',(-98.0479667660723,38.0140613766678,19.3296368051297));
#7561=CARTESIAN_POINT('Ctrl Pts',(-98.3124973824904,38.1811775114914,19.498756632291));
#7562=CARTESIAN_POINT('Ctrl Pts',(-98.6038297148284,38.4450198437727,19.6512888058622));
#7563=CARTESIAN_POINT('Ctrl Pts',(-98.9436689448634,38.8632720395622,19.7825267304296));
#7564=CARTESIAN_POINT('Ctrl Pts',(-99.1256949883358,39.1525411151883,19.8252479571558));
#7565=CARTESIAN_POINT('Ctrl Pts',(-99.2291324408577,39.3478992567543,19.836432207642));
#7566=CARTESIAN_POINT('Ctrl Pts',(-99.2291466619047,39.3478907903502,19.8364486743447));
#7567=CARTESIAN_POINT('Ctrl Pts',(-99.279303601746,39.326470647787,19.8353404121433));
#7568=CARTESIAN_POINT('Ctrl Pts',(-99.3290944401907,39.3042365954027,19.8340993740558));
#7569=CARTESIAN_POINT('Ctrl Pts',(-99.3785052675911,39.2811959481901,19.8327858443763));
#7570=CARTESIAN_POINT('Ctrl Pts',(-98.5153900919765,34.4872806312616,18.7942584106202));
#7571=CARTESIAN_POINT('Ctrl Pts',(-98.6962340211653,34.553102438534,18.9303411741082));
#7572=CARTESIAN_POINT('Ctrl Pts',(-98.8835555952081,34.6321345928403,19.0514259201291));
#7573=CARTESIAN_POINT('Ctrl Pts',(-99.0764696448176,34.7265015007686,19.1576614199921));
#7574=CARTESIAN_POINT('Ctrl Pts',(-98.1204592483418,35.5723442063941,18.7942584106202));
#7575=CARTESIAN_POINT('Ctrl Pts',(-98.3013031775306,35.6381660136665,18.9303411741082));
#7576=CARTESIAN_POINT('Ctrl Pts',(-98.486465536622,35.7127947189615,19.0564252592848));
#7577=CARTESIAN_POINT('Ctrl Pts',(-98.675356212758,35.7976465933379,19.1726098470228));
#7578=CARTESIAN_POINT('Ctrl Pts',(-97.7255284047071,36.6574077815266,18.7942584106202));
#7579=CARTESIAN_POINT('Ctrl Pts',(-97.9063723338959,36.723229588799,18.9303411741082));
#7580=CARTESIAN_POINT('Ctrl Pts',(-98.089375478036,36.7934548450827,19.0614245984404));
#7581=CARTESIAN_POINT('Ctrl Pts',(-98.2742427806983,36.8687916859071,19.1875582740534));
#7582=CARTESIAN_POINT('Ctrl Pts',(-97.3305975610724,37.7424713566591,18.7942584106202));
#7583=CARTESIAN_POINT('Ctrl Pts',(-97.5114414902612,37.8082931639315,18.9303411741082));
#7584=CARTESIAN_POINT('Ctrl Pts',(-97.6922854194499,37.874114971204,19.0664239375961));
#7585=CARTESIAN_POINT('Ctrl Pts',(-97.8731293486387,37.9399367784764,19.2025067010841));
#7586=CARTESIAN_POINT('Ctrl Pts',(-99.0764696448176,34.7265015007686,19.1576614199921));
#7587=CARTESIAN_POINT('Ctrl Pts',(-98.8835555952081,34.6321345928403,19.0514259201291));
#7588=CARTESIAN_POINT('Ctrl Pts',(-98.6962340211653,34.553102438534,18.9303411741082));
#7589=CARTESIAN_POINT('Ctrl Pts',(-98.5153900919765,34.4872806312616,18.7942584106202));
#7590=CARTESIAN_POINT('Ctrl Pts',(-97.3305975610724,37.7424713566591,18.7942584106202));
#7591=CARTESIAN_POINT('Ctrl Pts',(-97.5114414902612,37.8082931639315,18.9303411741082));
#7592=CARTESIAN_POINT('Ctrl Pts',(-97.6922854194499,37.874114971204,19.0664239375961));
#7593=CARTESIAN_POINT('Ctrl Pts',(-97.8731293486387,37.9399367784764,19.2025067010841));
#7594=CARTESIAN_POINT('Origin',(-103.46028590042,27.9949368978897,15.));
#7595=CARTESIAN_POINT('',(-103.252770293235,21.4714355009317,9.));
#7596=CARTESIAN_POINT('',(-101.708846592583,25.713331005835,12.1919725772596));
#7597=CARTESIAN_POINT('',(-88.7174000557158,28.2493899568053,9.));
#7598=CARTESIAN_POINT('',(-100.924576329976,22.5570901756698,9.));
#7599=CARTESIAN_POINT('',(-89.1400183174565,29.1556977438419,10.));
#7600=CARTESIAN_POINT('Origin',(-102.754773428138,27.9563283430302,9.71709884310669));
#7601=CARTESIAN_POINT('',(-102.966431281425,37.6081185710459,16.0791682254884));
#7602=CARTESIAN_POINT('Origin',(-98.4804366070344,39.6999722421568,18.5540419596413));
#7603=CARTESIAN_POINT('',(-107.319637009088,25.6477841320498,7.07916822548837));
#7604=CARTESIAN_POINT('',(-106.043697600889,29.1533988446701,9.71709884310669));
#7605=CARTESIAN_POINT('',(-104.993635088063,20.6596569152913,8.58694229326505));
#7606=CARTESIAN_POINT('Origin',(-105.227783337978,21.1617894576592,4.60429449133544));
#7607=CARTESIAN_POINT('Origin',(-105.495767630431,20.4255086653763,4.05025253169416));
#7608=CARTESIAN_POINT('Origin',(-94.8469663324079,41.3942872568936,1.));
#7609=CARTESIAN_POINT('',(-99.3785052675911,39.2811959481901,1.));
#7610=CARTESIAN_POINT('',(-99.3785052675911,39.2811959481901,1.));
#7611=CARTESIAN_POINT('',(-102.966431281425,37.6081185710459,1.));
#7612=CARTESIAN_POINT('',(-94.8469663324079,41.3942872568936,1.));
#7613=CARTESIAN_POINT('',(-102.966431281425,37.6081185710459,1.));
#7614=CARTESIAN_POINT('Origin',(-97.2654139588876,34.7496570130069,1.));
#7615=CARTESIAN_POINT('',(-92.7338750237044,36.8627483217104,15.));
#7616=CARTESIAN_POINT('Origin',(-97.2654139588876,34.7496570130069,20.));
#7617=CARTESIAN_POINT('',(-92.7338750237044,36.8627483217104,1.));
#7618=CARTESIAN_POINT('',(-92.7338750237044,36.8627483217104,1.));
#7619=CARTESIAN_POINT('Origin',(-97.2654139588876,34.7496570130069,1.));
#7620=CARTESIAN_POINT('Origin',(-104.993635088063,20.6596569152913,1.));
#7621=CARTESIAN_POINT('',(-104.993635088063,20.6596569152913,1.));
#7622=CARTESIAN_POINT('',(-104.993635088063,20.6596569152913,1.));
#7623=CARTESIAN_POINT('',(-88.7174000557158,28.2493899568053,1.));
#7624=CARTESIAN_POINT('',(-104.993635088063,20.6596569152913,1.));
#7625=CARTESIAN_POINT('',(-88.7174000557158,28.2493899568053,1.));
#7626=CARTESIAN_POINT('Origin',(-111.123201364755,33.8045542153796,1.));
#7627=CARTESIAN_POINT('',(-107.319637009088,25.6477841320498,1.));
#7628=CARTESIAN_POINT('',(-107.319637009088,25.6477841320498,1.));
#7629=CARTESIAN_POINT('',(-111.123201364755,33.8045542153796,1.));
#7630=CARTESIAN_POINT('Origin',(-105.143034145257,31.6279513515478,1.));
#7631=CARTESIAN_POINT('',(-104.934137774327,32.2018894136829,1.));
#7632=CARTESIAN_POINT('Origin',(-88.7174000557158,28.2493899568053,1.));
#7633=CARTESIAN_POINT('',(-88.7174000557158,28.2493899568053,1.));
#7634=CARTESIAN_POINT('',(-90.2497916248888,31.5356142818274,15.));
#7635=CARTESIAN_POINT('Origin',(-92.9687149859987,30.2677594966053,18.));
#7636=CARTESIAN_POINT('Origin',(-99.9203007102353,31.0269720860924,1.));
#7637=CARTESIAN_POINT('Origin',(-107.826732317677,8.6216238945383,1.));
#7638=CARTESIAN_POINT('',(-104.504417195734,7.41240008129843,7.88323627626682));
#7639=CARTESIAN_POINT('',(-111.14904743962,9.83084770777817,17.));
#7640=CARTESIAN_POINT('Origin',(-136.319713417427,18.9922209003568,0.682726706646446));
#7641=CARTESIAN_POINT('',(-111.14904743962,9.83084770777817,1.));
#7642=CARTESIAN_POINT('',(-111.14904743962,9.83084770777817,1.));
#7643=CARTESIAN_POINT('',(-104.504417195734,7.41240008129843,1.));
#7644=CARTESIAN_POINT('',(-109.74284392979,9.31903148687936,1.));
#7645=CARTESIAN_POINT('',(-104.504417195734,7.41240008129843,1.));
#7646=CARTESIAN_POINT('Origin',(-116.470731491762,21.243235986361,1.));
#7647=CARTESIAN_POINT('',(-116.470731491762,21.243235986361,17.));
#7648=CARTESIAN_POINT('',(-109.035956130917,5.29930877259492,17.));
#7649=CARTESIAN_POINT('',(-116.470731491762,21.243235986361,1.));
#7650=CARTESIAN_POINT('',(-116.470731491762,21.243235986361,1.));
#7651=CARTESIAN_POINT('',(-109.035956130917,5.29930877259492,1.));
#7652=CARTESIAN_POINT('Origin',(-126.20197571611,-2.70533762001916,0.682726706646446));
#7653=CARTESIAN_POINT('',(-103.546105734968,7.85926805435107,1.));
#7654=CARTESIAN_POINT('Origin',(-126.20197571611,-2.70533762001916,0.682726706646446));
#7655=CARTESIAN_POINT('',(-110.980881095813,23.8031952681172,1.));
#7656=CARTESIAN_POINT('',(-110.980881095813,23.8031952681172,1.));
#7657=CARTESIAN_POINT('Origin',(-133.636751076955,13.2385895937469,0.682726706646446));
#7658=CARTESIAN_POINT('Origin',(-110.980881095813,23.8031952681172,1.));
#7659=CARTESIAN_POINT('',(-116.470731491762,21.243235986361,1.));
#7660=CARTESIAN_POINT('Origin',(-109.035956130917,5.29930877259492,1.));
#7661=CARTESIAN_POINT('',(-103.546105734968,7.85926805435107,1.));
#7662=CARTESIAN_POINT('Origin',(-110.008418613365,14.5512520203561,1.));
#7663=CARTESIAN_POINT('Origin',(-126.836687744744,39.7135851554863,3.5));
#7664=CARTESIAN_POINT('',(-137.29794607073,44.5682179384731,2.7912339920421));
#7665=CARTESIAN_POINT('',(-135.978086635186,40.6060697136529,6.));
#7666=CARTESIAN_POINT('Origin',(-65.5097382729828,66.2811915069995,-43.5883920268514));
#7667=CARTESIAN_POINT('',(-127.017928727786,37.099920967279,6.));
#7668=CARTESIAN_POINT('',(-127.747686116196,37.3854782062219,6.));
#7669=CARTESIAN_POINT('',(-123.489617574864,41.0884466184087,1.));
#7670=CARTESIAN_POINT('',(-126.837744052206,37.3036079918477,5.74465875064513));
#7671=CARTESIAN_POINT('',(-132.382366503917,44.5682179384731,1.));
#7672=CARTESIAN_POINT('',(-123.489617574864,41.0884466184087,1.));
#7673=CARTESIAN_POINT('',(-130.336668214113,44.5682179384731,0.254548875802883));
#7674=CARTESIAN_POINT('Origin',(-65.5097382729828,66.2811915069995,1.));
#7675=CARTESIAN_POINT('',(-137.29794607073,44.5682179384731,1.));
#7676=CARTESIAN_POINT('',(-137.29794607073,44.5682179384731,1.));
#7677=CARTESIAN_POINT('',(-132.382366503917,32.3245781086167,1.));
#7678=CARTESIAN_POINT('Origin',(-65.5097382729828,66.2811915069995,1.));
#7679=CARTESIAN_POINT('',(-132.382366503917,32.3245781086167,6.));
#7680=CARTESIAN_POINT('',(-132.382366503917,32.3245781086167,1.));
#7681=CARTESIAN_POINT('Origin',(-65.5097382729828,66.2811915069995,6.));
#7682=CARTESIAN_POINT('Origin',(-132.382366503917,44.5682179384731,1.));
#7683=CARTESIAN_POINT('',(-132.382366503917,44.5682179384731,1.));
#7684=CARTESIAN_POINT('Origin',(-130.393781822797,37.8019959272367,1.));
#7685=CARTESIAN_POINT('',(-132.382366503917,31.0357739160003,1.));
#7686=CARTESIAN_POINT('',(-132.382366503917,31.0357739160003,1.));
#7687=CARTESIAN_POINT('',(-132.382366503917,32.3245781086167,1.));
#7688=CARTESIAN_POINT('Origin',(-132.382366503917,31.0357739160003,1.));
#7689=CARTESIAN_POINT('',(-132.382366503917,31.0357739160003,6.));
#7690=CARTESIAN_POINT('',(-132.382366503917,31.0357739160003,6.));
#7691=CARTESIAN_POINT('',(-132.382366503917,31.0357739160003,1.));
#7692=CARTESIAN_POINT('Origin',(-132.382366503917,32.3245781086167,1.));
#7693=CARTESIAN_POINT('',(-132.382366503917,32.3245781086167,6.));
#7694=CARTESIAN_POINT('Origin',(-130.393781822797,37.8019959272367,6.));
#7695=CARTESIAN_POINT('Origin',(-96.,97.9999992490753,1.));
#7696=CARTESIAN_POINT('',(0.,195.999998498151,1.));
#7697=CARTESIAN_POINT('',(0.,0.,1.));
#7698=CARTESIAN_POINT('',(0.,146.999998873613,1.));
#7699=CARTESIAN_POINT('',(-96.,195.999998498151,1.));
#7700=CARTESIAN_POINT('',(-96.,195.999998498151,1.));
#7701=CARTESIAN_POINT('',(-96.,99.9999984981507,1.));
#7702=CARTESIAN_POINT('',(-96.,98.999998873613,1.));
#7703=CARTESIAN_POINT('',(-192.,99.9999984981507,1.));
#7704=CARTESIAN_POINT('',(-144.,99.9999984981507,1.));
#7705=CARTESIAN_POINT('',(-192.,0.,1.));
#7706=CARTESIAN_POINT('',(-192.,48.9999996245377,1.));
#7707=CARTESIAN_POINT('',(-48.,0.,1.));
#7708=CARTESIAN_POINT('Origin',(-192.,99.9999984981507,0.));
#7709=CARTESIAN_POINT('',(-96.,99.9999984981507,10.));
#7710=CARTESIAN_POINT('',(-96.,99.9999984981507,0.));
#7711=CARTESIAN_POINT('',(-192.,99.9999984981507,10.));
#7712=CARTESIAN_POINT('',(-192.,99.9999984981507,10.));
#7713=CARTESIAN_POINT('',(-192.,99.9999984981507,0.));
#7714=CARTESIAN_POINT('Origin',(-96.,99.9999984981507,0.));
#7715=CARTESIAN_POINT('',(-96.,195.999998498151,10.));
#7716=CARTESIAN_POINT('',(-96.,195.999998498151,0.));
#7717=CARTESIAN_POINT('',(-96.,99.9999984981507,10.));
#7718=CARTESIAN_POINT('Origin',(-96.,195.999998498151,0.));
#7719=CARTESIAN_POINT('',(0.,195.999998498151,10.));
#7720=CARTESIAN_POINT('',(0.,195.999998498151,0.));
#7721=CARTESIAN_POINT('',(-96.,195.999998498151,10.));
#7722=CARTESIAN_POINT('Origin',(-192.,0.,0.));
#7723=CARTESIAN_POINT('',(-192.,0.,10.));
#7724=CARTESIAN_POINT('',(-192.,0.,10.));
#7725=CARTESIAN_POINT('',(-192.,0.,0.));
#7726=CARTESIAN_POINT('Origin',(0.,0.,0.));
#7727=CARTESIAN_POINT('',(0.,0.,10.));
#7728=CARTESIAN_POINT('',(0.,0.,10.));
#7729=CARTESIAN_POINT('',(0.,0.,0.));
#7730=CARTESIAN_POINT('Origin',(0.,195.999998498151,0.));
#7731=CARTESIAN_POINT('',(0.,0.,10.));
#7732=CARTESIAN_POINT('Origin',(-193.00000615946,-0.999999984981507,0.));
#7733=CARTESIAN_POINT('',(0.999999984981507,-0.999999984981507,0.));
#7734=CARTESIAN_POINT('',(-193.00000615946,-0.999999984981507,0.));
#7735=CARTESIAN_POINT('',(-192.,-0.999999984981507,0.));
#7736=CARTESIAN_POINT('',(0.999999984981507,-0.999999984981507,10.));
#7737=CARTESIAN_POINT('',(0.999999984981507,-0.999999984981507,0.));
#7738=CARTESIAN_POINT('',(-193.00000615946,-0.999999984981507,10.));
#7739=CARTESIAN_POINT('',(-192.,-0.999999984981507,10.));
#7740=CARTESIAN_POINT('',(-193.00000615946,-0.999999984981507,0.));
#7741=CARTESIAN_POINT('Origin',(-193.00000615946,100.999998483132,0.));
#7742=CARTESIAN_POINT('',(-193.00000615946,100.999998483132,0.));
#7743=CARTESIAN_POINT('',(-193.00000615946,-0.999999984981507,0.));
#7744=CARTESIAN_POINT('',(-193.00000615946,100.999998483132,10.));
#7745=CARTESIAN_POINT('',(-193.00000615946,-0.999999984981507,10.));
#7746=CARTESIAN_POINT('',(-193.00000615946,100.999998483132,0.));
#7747=CARTESIAN_POINT('Origin',(-96.9999985432062,100.999998483132,0.));
#7748=CARTESIAN_POINT('',(-96.9999985432062,100.999998483132,0.));
#7749=CARTESIAN_POINT('',(-193.00000615946,100.999998483132,0.));
#7750=CARTESIAN_POINT('',(-96.9999985432062,100.999998483132,10.));
#7751=CARTESIAN_POINT('',(-193.00000615946,100.999998483132,10.));
#7752=CARTESIAN_POINT('',(-96.9999985432062,100.999998483132,0.));
#7753=CARTESIAN_POINT('Origin',(-96.9999985432062,196.999997041357,0.));
#7754=CARTESIAN_POINT('',(-96.9999985432062,196.999997041357,0.));
#7755=CARTESIAN_POINT('',(-96.9999985432062,100.999998483132,0.));
#7756=CARTESIAN_POINT('',(-96.9999985432062,196.999997041357,10.));
#7757=CARTESIAN_POINT('',(-96.9999985432062,100.999998483132,10.));
#7758=CARTESIAN_POINT('',(-96.9999985432062,196.999997041357,0.));
#7759=CARTESIAN_POINT('Origin',(0.999999984981507,196.999997041357,0.));
#7760=CARTESIAN_POINT('',(0.999999984981507,196.999997041357,0.));
#7761=CARTESIAN_POINT('',(-96.9999985432062,196.999997041357,0.));
#7762=CARTESIAN_POINT('',(0.999999984981507,196.999997041357,10.));
#7763=CARTESIAN_POINT('',(-96.9999985432062,196.999997041357,10.));
#7764=CARTESIAN_POINT('',(0.999999984981507,196.999997041357,0.));
#7765=CARTESIAN_POINT('Origin',(0.999999984981507,-0.999999984981507,0.));
#7766=CARTESIAN_POINT('',(0.999999984981507,196.999997041357,0.));
#7767=CARTESIAN_POINT('',(0.999999984981507,196.999997041357,10.));
#7768=CARTESIAN_POINT('Origin',(-96.000003087239,97.9999985281877,10.));
#7769=CARTESIAN_POINT('Origin',(-96.000003087239,97.9999985281877,0.));
#7770=CARTESIAN_POINT('Origin',(-24.9999996245377,24.9999996245377,1.));
#7771=CARTESIAN_POINT('',(-1.14844549348869,24.9999996245377,2.));
#7772=CARTESIAN_POINT('Origin',(-24.9999996245377,24.9999996245377,2.));
#7773=CARTESIAN_POINT('',(-1.14844549348869,24.9999996245377,1.));
#7774=CARTESIAN_POINT('',(-1.14844549348869,24.9999996245377,1.));
#7775=CARTESIAN_POINT('Origin',(-24.9999996245377,24.9999996245377,1.));
#7776=CARTESIAN_POINT('Origin',(-24.9999996245377,24.9999996245377,2.));
#7777=CARTESIAN_POINT('Origin',(-24.9999996245377,24.9999996245377,1.));
#7778=CARTESIAN_POINT('Origin',(-42.5723160950728,162.248204648964,2.));
#7779=CARTESIAN_POINT('',(-43.7261394840714,162.799474911478,2.));
#7780=CARTESIAN_POINT('',(-43.3882558270007,161.696934386449,2.));
#7781=CARTESIAN_POINT('',(-42.9348275547237,160.217362838913,2.));
#7782=CARTESIAN_POINT('',(-39.5366127218361,162.799474911478,2.));
#7783=CARTESIAN_POINT('',(-39.0766763555509,162.799474911478,2.));
#7784=CARTESIAN_POINT('',(-39.5762563366836,161.696934386449,2.));
#7785=CARTESIAN_POINT('Origin',(-27.0766769262536,161.799474926497,2.));
#7786=CARTESIAN_POINT('',(-45.6080194683095,161.696934386449,2.));
#7787=CARTESIAN_POINT('Origin',(-39.5366127218361,162.799474911478,2.));
#7788=CARTESIAN_POINT('',(-43.7261394840714,162.799474911478,3.));
#7789=CARTESIAN_POINT('',(-43.7261394840714,162.799474911478,1.5));
#7790=CARTESIAN_POINT('',(-39.5366127218361,162.799474911478,3.));
#7791=CARTESIAN_POINT('',(-39.0766763555509,162.799474911478,3.));
#7792=CARTESIAN_POINT('',(-39.5366127218361,162.799474911478,2.));
#7793=CARTESIAN_POINT('Origin',(-27.0766769262536,161.799474926497,2.));
#7794=CARTESIAN_POINT('',(-39.5762563366836,161.696934386449,3.));
#7795=CARTESIAN_POINT('Origin',(-27.0766769262536,161.799474926497,3.));
#7796=CARTESIAN_POINT('',(-39.5762563366836,161.696934386449,2.));
#7797=CARTESIAN_POINT('Origin',(-45.6080194683095,161.696934386449,2.));
#7798=CARTESIAN_POINT('',(-43.3882558270007,161.696934386449,3.));
#7799=CARTESIAN_POINT('',(-43.3882558270007,161.696934386449,1.5));
#7800=CARTESIAN_POINT('',(-45.6080194683095,161.696934386449,3.));
#7801=CARTESIAN_POINT('Origin',(-42.5723160950728,162.248204648964,3.));
#7802=CARTESIAN_POINT('',(-42.9348275547237,160.217362838913,3.));
#7803=CARTESIAN_POINT('Origin',(-12.5889762171209,162.248204648964,3.));
#7804=CARTESIAN_POINT('',(-11.2768760744167,162.799474911478,3.));
#7805=CARTESIAN_POINT('',(-11.0561486654265,161.696934386449,3.));
#7806=CARTESIAN_POINT('',(-11.5683210353416,164.255251888634,3.));
#7807=CARTESIAN_POINT('',(-14.6167411306712,162.799474911478,3.));
#7808=CARTESIAN_POINT('',(-16.0766767009762,162.799474911478,3.));
#7809=CARTESIAN_POINT('',(-14.5770975158236,161.696934386449,3.));
#7810=CARTESIAN_POINT('Origin',(-27.0766769262536,161.799474926497,3.));
#7811=CARTESIAN_POINT('',(-10.5612113035706,161.696934386449,3.));
#7812=CARTESIAN_POINT('Origin',(-10.5612113035706,162.799474911478,2.));
#7813=CARTESIAN_POINT('',(-11.2768760744167,162.799474911478,2.));
#7814=CARTESIAN_POINT('',(-11.2768760744167,162.799474911478,1.5));
#7815=CARTESIAN_POINT('',(-14.6167411306712,162.799474911478,2.));
#7816=CARTESIAN_POINT('',(-16.0766767009762,162.799474911478,2.));
#7817=CARTESIAN_POINT('',(-14.6167411306712,162.799474911478,2.));
#7818=CARTESIAN_POINT('Origin',(-14.5770975158236,161.696934386449,2.));
#7819=CARTESIAN_POINT('',(-11.0561486654265,161.696934386449,2.));
#7820=CARTESIAN_POINT('',(-11.0561486654265,161.696934386449,1.5));
#7821=CARTESIAN_POINT('',(-14.5770975158236,161.696934386449,2.));
#7822=CARTESIAN_POINT('',(-14.5770975158236,161.696934386449,2.));
#7823=CARTESIAN_POINT('',(-10.5612113035706,161.696934386449,2.));
#7824=CARTESIAN_POINT('Origin',(-27.0766769262536,161.799474926497,2.));
#7825=CARTESIAN_POINT('',(-14.5766769262536,161.799474926497,2.));
#7826=CARTESIAN_POINT('Origin',(-27.0766769262536,161.799474926497,2.));
#7827=CARTESIAN_POINT('Origin',(-27.0766769262536,161.799474926497,2.));
#7828=CARTESIAN_POINT('Origin',(-12.5889762171209,162.248204648964,2.));
#7829=CARTESIAN_POINT('',(-11.5683210353416,164.255251888634,2.));
#7830=CARTESIAN_POINT('Origin',(-35.0766765808283,166.799474626127,1.));
#7831=CARTESIAN_POINT('',(-50.0766765808283,166.799474626127,9.));
#7832=CARTESIAN_POINT('',(-35.0766765808283,181.799474626127,9.));
#7833=CARTESIAN_POINT('Origin',(-35.0766765808283,166.799474626127,9.));
#7834=CARTESIAN_POINT('',(-35.0766765808283,181.799474626127,1.));
#7835=CARTESIAN_POINT('',(-35.0766765808283,181.799474626127,1.));
#7836=CARTESIAN_POINT('',(-50.0766765808283,166.799474626127,1.));
#7837=CARTESIAN_POINT('Origin',(-35.0766765808283,166.799474626127,1.));
#7838=CARTESIAN_POINT('',(-50.0766765808283,166.799474626127,1.));
#7839=CARTESIAN_POINT('Origin',(-50.0766765808283,181.799474626127,1.));
#7840=CARTESIAN_POINT('',(-50.0766765808283,159.799475181811,1.));
#7841=CARTESIAN_POINT('',(-50.0766765808283,144.799475181811,1.));
#7842=CARTESIAN_POINT('',(-50.0766765808283,159.799475181811,9.));
#7843=CARTESIAN_POINT('',(-50.0766765808283,159.799475181811,1.));
#7844=CARTESIAN_POINT('',(-50.0766765808283,144.799475181811,9.));
#7845=CARTESIAN_POINT('Origin',(-29.0766768962166,163.299474903969,1.));
#7846=CARTESIAN_POINT('',(-23.076677211605,181.799474626127,1.));
#7847=CARTESIAN_POINT('',(-50.0766765808283,181.799474626127,1.));
#7848=CARTESIAN_POINT('',(-8.07667721160498,166.799474626127,1.));
#7849=CARTESIAN_POINT('Origin',(-23.076677211605,166.799474626127,1.));
#7850=CARTESIAN_POINT('',(-8.07667721160498,159.799475181811,1.));
#7851=CARTESIAN_POINT('',(-8.07667721160498,181.799474626127,1.));
#7852=CARTESIAN_POINT('',(-23.076677211605,144.799475181811,1.));
#7853=CARTESIAN_POINT('Origin',(-23.076677211605,159.799475181811,1.));
#7854=CARTESIAN_POINT('',(-35.0766765808282,144.799475181811,1.));
#7855=CARTESIAN_POINT('',(-8.07667721160498,144.799475181811,1.));
#7856=CARTESIAN_POINT('Origin',(-35.0766765808282,159.799475181811,1.));
#7857=CARTESIAN_POINT('',(-33.0766768361426,179.799474641146,1.));
#7858=CARTESIAN_POINT('',(-30.918051375735,179.057892823959,1.));
#7859=CARTESIAN_POINT('',(-33.0766768361426,179.799474641146,1.));
#7860=CARTESIAN_POINT('',(-38.0747112247655,176.864668767966,1.));
#7861=CARTESIAN_POINT('',(-38.0747112247655,176.864668767966,1.));
#7862=CARTESIAN_POINT('',(-48.0766766108652,173.799474731257,1.));
#7863=CARTESIAN_POINT('',(-48.0766766108652,173.799474731257,1.));
#7864=CARTESIAN_POINT('',(-44.3772788399251,170.746148671521,1.));
#7865=CARTESIAN_POINT('',(-44.3772788399251,170.746148671521,1.));
#7866=CARTESIAN_POINT('',(-46.0766766409022,165.799474851404,1.));
#7867=CARTESIAN_POINT('',(-46.0766766409022,165.799474851404,1.));
#7868=CARTESIAN_POINT('',(-44.7473621390863,166.131803476858,1.));
#7869=CARTESIAN_POINT('',(-44.7473621390863,166.131803476858,1.));
#7870=CARTESIAN_POINT('',(-42.3970135249998,158.462434033416,1.));
#7871=CARTESIAN_POINT('',(-42.3970135249998,158.462434033416,1.));
#7872=CARTESIAN_POINT('',(-43.8136839862445,154.338734050786,1.));
#7873=CARTESIAN_POINT('',(-43.8136839862445,154.338734050786,1.));
#7874=CARTESIAN_POINT('',(-39.9081254762653,151.9943516328,1.));
#7875=CARTESIAN_POINT('',(-39.9081254762653,151.9943516328,1.));
#7876=CARTESIAN_POINT('',(-40.8660151229714,150.39858208914,1.));
#7877=CARTESIAN_POINT('',(-40.8660151229714,150.39858208914,1.));
#7878=CARTESIAN_POINT('',(-36.3421840401902,150.206500004194,1.));
#7879=CARTESIAN_POINT('',(-36.3421840401902,150.206500004194,1.));
#7880=CARTESIAN_POINT('',(-38.0766767610502,146.052325276354,1.));
#7881=CARTESIAN_POINT('',(-38.0766767610502,146.052325276354,1.));
#7882=CARTESIAN_POINT('',(-20.2137958818133,146.052325276354,1.));
#7883=CARTESIAN_POINT('',(-20.2137958818133,146.052325276354,1.));
#7884=CARTESIAN_POINT('',(-17.6783327487442,149.05020860763,1.));
#7885=CARTESIAN_POINT('',(-17.6783327487442,149.05020860763,1.));
#7886=CARTESIAN_POINT('',(-17.6783327487442,149.980253654537,1.));
#7887=CARTESIAN_POINT('',(-17.6783327487442,149.980253654537,1.));
#7888=CARTESIAN_POINT('',(-13.3609408937894,152.178569936622,1.));
#7889=CARTESIAN_POINT('',(-13.3609408937894,152.178569936622,1.));
#7890=CARTESIAN_POINT('',(-11.91290040777,157.073287799048,1.));
#7891=CARTESIAN_POINT('',(-11.91290040777,157.073287799048,1.));
#7892=CARTESIAN_POINT('',(-10.1991847124913,157.416371809638,1.));
#7893=CARTESIAN_POINT('',(-10.1991847124913,157.416371809638,1.));
#7894=CARTESIAN_POINT('',(-11.9153148714752,165.988497288572,1.));
#7895=CARTESIAN_POINT('',(-11.9153148714752,165.988497288572,1.));
#7896=CARTESIAN_POINT('',(-12.5611457680683,165.859202648407,1.));
#7897=CARTESIAN_POINT('',(-12.9539381104807,165.780566050438,1.));
#7898=CARTESIAN_POINT('',(-12.5611457680683,175.408746172264,1.));
#7899=CARTESIAN_POINT('',(-12.5611457680683,175.408746172264,1.));
#7900=CARTESIAN_POINT('',(-19.0766770464015,175.79947470122,1.));
#7901=CARTESIAN_POINT('',(-19.0766770464015,175.79947470122,1.));
#7902=CARTESIAN_POINT('',(-27.0766769262536,180.799474626127,1.));
#7903=CARTESIAN_POINT('',(-27.0766769262536,180.799474626127,1.));
#7904=CARTESIAN_POINT('',(-30.918051375735,179.057892823959,1.));
#7905=CARTESIAN_POINT('Origin',(-35.0766765808282,159.799475181811,1.));
#7906=CARTESIAN_POINT('',(-35.0766765808282,144.799475181811,9.));
#7907=CARTESIAN_POINT('Origin',(-35.0766765808282,159.799475181811,9.));
#7908=CARTESIAN_POINT('',(-35.0766765808282,144.799475181811,1.));
#7909=CARTESIAN_POINT('Origin',(-50.0766765808283,144.799475181811,1.));
#7910=CARTESIAN_POINT('',(-23.076677211605,144.799475181811,9.));
#7911=CARTESIAN_POINT('',(-23.076677211605,144.799475181811,1.));
#7912=CARTESIAN_POINT('',(-8.07667721160498,144.799475181811,9.));
#7913=CARTESIAN_POINT('Origin',(-23.076677211605,159.799475181811,1.));
#7914=CARTESIAN_POINT('',(-8.07667721160498,159.799475181811,9.));
#7915=CARTESIAN_POINT('Origin',(-23.076677211605,159.799475181811,9.));
#7916=CARTESIAN_POINT('',(-8.07667721160498,159.799475181811,1.));
#7917=CARTESIAN_POINT('Origin',(-8.07667721160498,144.799475181811,1.));
#7918=CARTESIAN_POINT('',(-8.07667721160498,166.799474626127,9.));
#7919=CARTESIAN_POINT('',(-8.07667721160498,166.799474626127,1.));
#7920=CARTESIAN_POINT('',(-8.07667721160498,181.799474626127,9.));
#7921=CARTESIAN_POINT('Origin',(-23.076677211605,166.799474626127,1.));
#7922=CARTESIAN_POINT('',(-23.076677211605,181.799474626127,9.));
#7923=CARTESIAN_POINT('Origin',(-23.076677211605,166.799474626127,9.));
#7924=CARTESIAN_POINT('',(-23.076677211605,181.799474626127,1.));
#7925=CARTESIAN_POINT('Origin',(-38.0747112247655,176.864668767966,1.));
#7926=CARTESIAN_POINT('',(-33.0766768361426,179.799474641146,9.));
#7927=CARTESIAN_POINT('',(-33.0766768361426,179.799474641146,1.));
#7928=CARTESIAN_POINT('',(-38.0747112247655,176.864668767966,9.));
#7929=CARTESIAN_POINT('',(-38.0747112247655,176.864668767966,9.));
#7930=CARTESIAN_POINT('',(-38.0747112247655,176.864668767966,1.));
#7931=CARTESIAN_POINT('Origin',(-48.0766766108652,173.799474731257,1.));
#7932=CARTESIAN_POINT('',(-48.0766766108652,173.799474731257,9.));
#7933=CARTESIAN_POINT('',(-48.0766766108652,173.799474731257,9.));
#7934=CARTESIAN_POINT('',(-48.0766766108652,173.799474731257,1.));
#7935=CARTESIAN_POINT('Origin',(-44.3772788399251,170.746148671521,1.));
#7936=CARTESIAN_POINT('',(-44.3772788399251,170.746148671521,9.));
#7937=CARTESIAN_POINT('',(-44.3772788399251,170.746148671521,9.));
#7938=CARTESIAN_POINT('',(-44.3772788399251,170.746148671521,1.));
#7939=CARTESIAN_POINT('Origin',(-46.0766766409022,165.799474851404,1.));
#7940=CARTESIAN_POINT('',(-46.0766766409022,165.799474851404,9.));
#7941=CARTESIAN_POINT('',(-46.0766766409022,165.799474851404,9.));
#7942=CARTESIAN_POINT('',(-46.0766766409022,165.799474851404,1.));
#7943=CARTESIAN_POINT('Origin',(-44.7473621390863,166.131803476858,1.));
#7944=CARTESIAN_POINT('',(-44.7473621390863,166.131803476858,9.));
#7945=CARTESIAN_POINT('',(-44.7473621390863,166.131803476858,9.));
#7946=CARTESIAN_POINT('',(-44.7473621390863,166.131803476858,1.));
#7947=CARTESIAN_POINT('Origin',(-42.3970135249998,158.462434033416,1.));
#7948=CARTESIAN_POINT('',(-42.3970135249998,158.462434033416,9.));
#7949=CARTESIAN_POINT('',(-42.3970135249998,158.462434033416,9.));
#7950=CARTESIAN_POINT('',(-42.3970135249998,158.462434033416,1.));
#7951=CARTESIAN_POINT('Origin',(-43.8136839862445,154.338734050786,1.));
#7952=CARTESIAN_POINT('',(-43.8136839862445,154.338734050786,9.));
#7953=CARTESIAN_POINT('',(-43.8136839862445,154.338734050786,9.));
#7954=CARTESIAN_POINT('',(-43.8136839862445,154.338734050786,1.));
#7955=CARTESIAN_POINT('Origin',(-39.9081254762653,151.9943516328,1.));
#7956=CARTESIAN_POINT('',(-39.9081254762653,151.9943516328,9.));
#7957=CARTESIAN_POINT('',(-39.9081254762653,151.9943516328,9.));
#7958=CARTESIAN_POINT('',(-39.9081254762653,151.9943516328,1.));
#7959=CARTESIAN_POINT('Origin',(-40.8660151229714,150.39858208914,1.));
#7960=CARTESIAN_POINT('',(-40.8660151229714,150.39858208914,9.));
#7961=CARTESIAN_POINT('',(-40.8660151229714,150.39858208914,9.));
#7962=CARTESIAN_POINT('',(-40.8660151229714,150.39858208914,1.));
#7963=CARTESIAN_POINT('Origin',(-36.3421840401902,150.206500004194,1.));
#7964=CARTESIAN_POINT('',(-36.3421840401902,150.206500004194,9.));
#7965=CARTESIAN_POINT('',(-36.3421840401902,150.206500004194,9.));
#7966=CARTESIAN_POINT('',(-36.3421840401902,150.206500004194,1.));
#7967=CARTESIAN_POINT('Origin',(-38.0766767610502,146.052325276354,1.));
#7968=CARTESIAN_POINT('',(-38.0766767610502,146.052325276354,9.));
#7969=CARTESIAN_POINT('',(-38.0766767610502,146.052325276354,9.));
#7970=CARTESIAN_POINT('',(-38.0766767610502,146.052325276354,1.));
#7971=CARTESIAN_POINT('Origin',(-20.2137958818133,146.052325276354,1.));
#7972=CARTESIAN_POINT('',(-20.2137958818133,146.052325276354,9.));
#7973=CARTESIAN_POINT('',(-20.2137958818133,146.052325276354,9.));
#7974=CARTESIAN_POINT('',(-20.2137958818133,146.052325276354,1.));
#7975=CARTESIAN_POINT('Origin',(-17.6783327487442,149.05020860763,1.));
#7976=CARTESIAN_POINT('',(-17.6783327487442,149.05020860763,9.));
#7977=CARTESIAN_POINT('',(-17.6783327487442,149.05020860763,9.));
#7978=CARTESIAN_POINT('',(-17.6783327487442,149.05020860763,1.));
#7979=CARTESIAN_POINT('Origin',(-17.6783327487442,149.980253654537,1.));
#7980=CARTESIAN_POINT('',(-17.6783327487442,149.980253654537,9.));
#7981=CARTESIAN_POINT('',(-17.6783327487442,149.980253654537,9.));
#7982=CARTESIAN_POINT('',(-17.6783327487442,149.980253654537,1.));
#7983=CARTESIAN_POINT('Origin',(-13.3609408937894,152.178569936622,1.));
#7984=CARTESIAN_POINT('',(-13.3609408937894,152.178569936622,9.));
#7985=CARTESIAN_POINT('',(-13.3609408937894,152.178569936622,9.));
#7986=CARTESIAN_POINT('',(-13.3609408937894,152.178569936622,1.));
#7987=CARTESIAN_POINT('Origin',(-11.91290040777,157.073287799048,1.));
#7988=CARTESIAN_POINT('',(-11.91290040777,157.073287799048,9.));
#7989=CARTESIAN_POINT('',(-11.91290040777,157.073287799048,9.));
#7990=CARTESIAN_POINT('',(-11.91290040777,157.073287799048,1.));
#7991=CARTESIAN_POINT('Origin',(-10.1991847124913,157.416371809638,1.));
#7992=CARTESIAN_POINT('',(-10.1991847124913,157.416371809638,9.));
#7993=CARTESIAN_POINT('',(-10.1991847124913,157.416371809638,9.));
#7994=CARTESIAN_POINT('',(-10.1991847124913,157.416371809638,1.));
#7995=CARTESIAN_POINT('Origin',(-11.9153148714752,165.988497288572,1.));
#7996=CARTESIAN_POINT('',(-11.9153148714752,165.988497288572,9.));
#7997=CARTESIAN_POINT('',(-11.9153148714752,165.988497288572,9.));
#7998=CARTESIAN_POINT('',(-11.9153148714752,165.988497288572,1.));
#7999=CARTESIAN_POINT('Origin',(-12.5611457680683,165.859202648407,1.));
#8000=CARTESIAN_POINT('',(-12.5611457680683,165.859202648407,9.));
#8001=CARTESIAN_POINT('',(-12.9539381104807,165.780566050438,9.));
#8002=CARTESIAN_POINT('',(-12.5611457680683,165.859202648407,1.));
#8003=CARTESIAN_POINT('Origin',(-12.5611457680683,175.408746172264,1.));
#8004=CARTESIAN_POINT('',(-12.5611457680683,175.408746172264,9.));
#8005=CARTESIAN_POINT('',(-12.5611457680683,175.408746172264,9.));
#8006=CARTESIAN_POINT('',(-12.5611457680683,175.408746172264,1.));
#8007=CARTESIAN_POINT('Origin',(-19.0766770464015,175.79947470122,1.));
#8008=CARTESIAN_POINT('',(-19.0766770464015,175.79947470122,9.));
#8009=CARTESIAN_POINT('',(-19.0766770464015,175.79947470122,9.));
#8010=CARTESIAN_POINT('',(-19.0766770464015,175.79947470122,1.));
#8011=CARTESIAN_POINT('Origin',(-27.0766769262536,180.799474626127,1.));
#8012=CARTESIAN_POINT('',(-27.0766769262536,180.799474626127,9.));
#8013=CARTESIAN_POINT('',(-27.0766769262536,180.799474626127,9.));
#8014=CARTESIAN_POINT('',(-27.0766769262536,180.799474626127,1.));
#8015=CARTESIAN_POINT('Origin',(-30.918051375735,179.057892823959,1.));
#8016=CARTESIAN_POINT('',(-30.918051375735,179.057892823959,9.));
#8017=CARTESIAN_POINT('',(-30.918051375735,179.057892823959,9.));
#8018=CARTESIAN_POINT('',(-30.918051375735,179.057892823959,1.));
#8019=CARTESIAN_POINT('Origin',(-33.0766768361426,179.799474641146,1.));
#8020=CARTESIAN_POINT('',(-33.0766768361426,179.799474641146,9.));
#8021=CARTESIAN_POINT('Origin',(-8.07667721160498,181.799474626127,1.));
#8022=CARTESIAN_POINT('',(-50.0766765808283,181.799474626127,9.));
#8023=CARTESIAN_POINT('Origin',(-29.0766768962166,163.299474903969,9.));
#8024=CARTESIAN_POINT('Origin',(-27.0766769262536,161.799474926497,1.));
#8025=CARTESIAN_POINT('',(-14.5766769262536,161.799474926497,1.));
#8026=CARTESIAN_POINT('Origin',(-27.0766769262536,161.799474926497,1.));
#8027=CARTESIAN_POINT('Origin',(-27.0766769262536,161.799474926497,2.));
#8028=CARTESIAN_POINT('',(-14.5770975158236,161.696934386449,2.));
#8029=CARTESIAN_POINT('',(-14.5766769262536,161.799474926497,2.));
#8030=CARTESIAN_POINT('Origin',(-27.0766769262536,161.799474926497,2.));
#8031=CARTESIAN_POINT('',(-14.6167411306712,162.799474911478,2.));
#8032=CARTESIAN_POINT('Origin',(-27.0766769262536,161.799474926497,2.));
#8033=CARTESIAN_POINT('',(-39.5366127218361,162.799474911478,2.));
#8034=CARTESIAN_POINT('Origin',(-27.0766769262536,161.799474926497,2.));
#8035=CARTESIAN_POINT('',(-39.5762563366836,161.696934386449,2.));
#8036=CARTESIAN_POINT('Origin',(-27.0766769262536,161.799474926497,2.));
#8037=CARTESIAN_POINT('Origin',(-27.0766769262536,161.799474926497,2.));
#8038=CARTESIAN_POINT('Origin',(-27.0766769262536,161.799474926497,1.));
#8039=CARTESIAN_POINT('',(-14.5766769262536,161.799474926497,1.));
#8040=CARTESIAN_POINT('Origin',(-98.0014652404887,78.2334456211038,48.499999541936));
#8041=CARTESIAN_POINT('',(-100.001465240489,65.7334460791678,48.499999541936));
#8042=CARTESIAN_POINT('',(-98.0014652404887,65.7334460791678,48.499999541936));
#8043=CARTESIAN_POINT('',(-98.0014652404887,65.7334460791678,48.499999541936));
#8044=CARTESIAN_POINT('',(-100.001465240489,78.2334456211038,36.));
#8045=CARTESIAN_POINT('Origin',(-100.001465240489,78.2334456211038,48.499999541936));
#8046=CARTESIAN_POINT('',(-98.0014652404887,78.2334456211038,36.));
#8047=CARTESIAN_POINT('',(-98.0014652404887,78.2334456211038,36.));
#8048=CARTESIAN_POINT('Origin',(-98.0014652404887,78.2334456211038,48.499999541936));
#8049=CARTESIAN_POINT('Origin',(-98.0014652404887,78.2334456135946,48.4999992716031));
#8050=CARTESIAN_POINT('',(-100.001465240489,66.7334457863072,48.4999992716031));
#8051=CARTESIAN_POINT('Origin',(-100.001465240489,78.2334456135945,48.4999992716031));
#8052=CARTESIAN_POINT('',(-98.0014652404886,66.7334457863072,48.4999992716031));
#8053=CARTESIAN_POINT('',(-98.0014652404887,66.7334457863072,48.4999992716031));
#8054=CARTESIAN_POINT('Origin',(-98.0014652404887,78.2334456135946,48.4999992716031));
#8055=CARTESIAN_POINT('Origin',(-98.0014652404887,78.2334456211038,48.499999541936));
#8056=CARTESIAN_POINT('Origin',(-98.0014652404887,78.2334456211038,48.499999541936));
#8057=CARTESIAN_POINT('Origin',(-100.001465240489,78.2334456211038,48.499999541936));
#8058=CARTESIAN_POINT('Origin',(-98.0014652404887,78.2334456211038,48.499999541936));
#8059=CARTESIAN_POINT('Origin',(-100.001465240489,78.2334456211038,48.499999541936));
#8060=CARTESIAN_POINT('Origin',(-99.0014652404887,78.233445628613,1.));
#8061=CARTESIAN_POINT('',(-98.0014652404887,79.2334456286131,1.));
#8062=CARTESIAN_POINT('',(-98.0014652404887,77.2334456286131,1.));
#8063=CARTESIAN_POINT('',(-98.0014652404887,79.2334456286131,1.));
#8064=CARTESIAN_POINT('',(-100.001465240489,77.233445628613,1.));
#8065=CARTESIAN_POINT('',(-98.0014652404887,77.2334456286131,1.));
#8066=CARTESIAN_POINT('',(-100.001465240489,79.233445628613,1.));
#8067=CARTESIAN_POINT('',(-100.001465240489,77.233445628613,1.));
#8068=CARTESIAN_POINT('',(-100.001465240489,79.233445628613,1.));
#8069=CARTESIAN_POINT('Origin',(-99.0014652404887,78.233445628613,36.));
#8070=CARTESIAN_POINT('',(-98.0014652404887,78.2334456211038,36.));
#8071=CARTESIAN_POINT('',(-100.001465240489,78.2334456211038,36.));
#8072=CARTESIAN_POINT('',(-98.0014652404887,78.2334456211038,36.));
#8073=CARTESIAN_POINT('',(-100.001465240489,77.233445628613,36.));
#8074=CARTESIAN_POINT('',(-100.001465240489,77.233445628613,36.));
#8075=CARTESIAN_POINT('',(-98.0014652404887,77.2334456286131,36.));
#8076=CARTESIAN_POINT('',(-98.0014652404887,77.2334456286131,36.));
#8077=CARTESIAN_POINT('',(-98.0014652404887,79.2334456286131,36.));
#8078=CARTESIAN_POINT('Origin',(-98.0014652404887,77.2334456286131,1.));
#8079=CARTESIAN_POINT('',(-98.0014652404887,79.2334456286131,36.));
#8080=CARTESIAN_POINT('',(-98.0014652404887,79.2334456286131,1.));
#8081=CARTESIAN_POINT('',(-98.0014652404887,79.2334456286131,36.));
#8082=CARTESIAN_POINT('',(-98.0014652404887,77.2334456286131,1.));
#8083=CARTESIAN_POINT('Origin',(-98.0014652404887,79.2334456286131,1.));
#8084=CARTESIAN_POINT('',(-100.001465240489,79.233445628613,36.));
#8085=CARTESIAN_POINT('',(-100.001465240489,79.233445628613,1.));
#8086=CARTESIAN_POINT('',(-100.001465240489,79.233445628613,36.));
#8087=CARTESIAN_POINT('Origin',(-100.001465240489,79.233445628613,1.));
#8088=CARTESIAN_POINT('',(-100.001465240489,77.233445628613,1.));
#8089=CARTESIAN_POINT('',(-100.001465240489,77.233445628613,36.));
#8090=CARTESIAN_POINT('Origin',(-100.001465240489,77.233445628613,1.));
#8091=CARTESIAN_POINT('Origin',(-99.0014652404887,78.233445628613,36.));
#8092=CARTESIAN_POINT('Origin',(-54.9999991739829,9.99999984981507,2.));
#8093=CARTESIAN_POINT('',(-59.9999990988904,14.9999997747226,2.));
#8094=CARTESIAN_POINT('',(-49.9999992490753,14.9999997747226,2.));
#8095=CARTESIAN_POINT('',(-57.4999991364366,14.9999997747226,2.));
#8096=CARTESIAN_POINT('',(-59.9999990988904,4.99999992490753,2.));
#8097=CARTESIAN_POINT('',(-59.9999990988904,7.4999998873613,2.));
#8098=CARTESIAN_POINT('',(-49.9999992490753,4.99999992490753,2.));
#8099=CARTESIAN_POINT('',(-52.4999992115291,4.99999992490753,2.));
#8100=CARTESIAN_POINT('',(-49.9999992490753,12.4999998122688,2.));
#8101=CARTESIAN_POINT('Origin',(-49.9999992490753,4.99999992490753,1.));
#8102=CARTESIAN_POINT('',(-59.9999990988904,4.99999992490753,4.));
#8103=CARTESIAN_POINT('',(-59.9999990988904,4.99999992490753,1.));
#8104=CARTESIAN_POINT('',(-49.9999992490753,4.99999992490753,4.));
#8105=CARTESIAN_POINT('',(-49.9999992490753,4.99999992490753,4.));
#8106=CARTESIAN_POINT('',(-49.9999992490753,4.99999992490753,1.));
#8107=CARTESIAN_POINT('Origin',(-59.9999990988904,4.99999992490753,1.));
#8108=CARTESIAN_POINT('',(-59.9999990988904,14.9999997747226,4.));
#8109=CARTESIAN_POINT('',(-59.9999990988904,14.9999997747226,1.));
#8110=CARTESIAN_POINT('',(-59.9999990988904,4.99999992490753,4.));
#8111=CARTESIAN_POINT('Origin',(-49.9999992490753,14.9999997747226,1.));
#8112=CARTESIAN_POINT('',(-49.9999992490753,14.9999997747226,4.));
#8113=CARTESIAN_POINT('',(-49.9999992490753,14.9999997747226,4.));
#8114=CARTESIAN_POINT('',(-49.9999992490753,14.9999997747226,1.));
#8115=CARTESIAN_POINT('Origin',(-59.9999990988904,14.9999997747226,1.));
#8116=CARTESIAN_POINT('',(-59.9999990988904,14.9999997747226,4.));
#8117=CARTESIAN_POINT('Origin',(-60.9999990838719,3.99999993992603,1.));
#8118=CARTESIAN_POINT('',(-60.9999990838719,3.99999993992603,1.));
#8119=CARTESIAN_POINT('',(-48.9999992640938,3.99999993992603,1.));
#8120=CARTESIAN_POINT('',(-60.9999990838719,3.99999993992603,1.));
#8121=CARTESIAN_POINT('',(-48.9999992640938,3.99999993992603,4.));
#8122=CARTESIAN_POINT('',(-48.9999992640938,3.99999993992603,1.));
#8123=CARTESIAN_POINT('',(-60.9999990838719,3.99999993992603,4.));
#8124=CARTESIAN_POINT('',(-60.9999990838719,3.99999993992603,4.));
#8125=CARTESIAN_POINT('',(-60.9999990838719,3.99999993992603,1.));
#8126=CARTESIAN_POINT('Origin',(-60.9999990838719,15.9999997597041,1.));
#8127=CARTESIAN_POINT('',(-60.9999990838719,15.9999997597041,1.));
#8128=CARTESIAN_POINT('',(-60.9999990838719,15.9999997597041,1.));
#8129=CARTESIAN_POINT('',(-60.9999990838719,15.9999997597041,4.));
#8130=CARTESIAN_POINT('',(-60.9999990838719,15.9999997597041,4.));
#8131=CARTESIAN_POINT('',(-60.9999990838719,15.9999997597041,1.));
#8132=CARTESIAN_POINT('Origin',(-48.9999992640938,15.9999997597041,1.));
#8133=CARTESIAN_POINT('',(-48.9999992640938,15.9999997597041,1.));
#8134=CARTESIAN_POINT('',(-48.9999992640938,15.9999997597041,1.));
#8135=CARTESIAN_POINT('',(-48.9999992640938,15.9999997597041,4.));
#8136=CARTESIAN_POINT('',(-48.9999992640938,15.9999997597041,4.));
#8137=CARTESIAN_POINT('',(-48.9999992640938,15.9999997597041,1.));
#8138=CARTESIAN_POINT('Origin',(-48.9999992640938,3.99999993992603,1.));
#8139=CARTESIAN_POINT('',(-48.9999992640938,3.99999993992603,1.));
#8140=CARTESIAN_POINT('',(-48.9999992640938,3.99999993992603,4.));
#8141=CARTESIAN_POINT('Origin',(-54.9999991739829,9.99999984981507,4.));
#8142=CARTESIAN_POINT('Origin',(-54.9999991739829,9.99999984981507,1.));
#8143=CARTESIAN_POINT('Origin',(-165.450992632427,80.8213244516058,22.));
#8144=CARTESIAN_POINT('',(-168.650960627849,93.9580173130965,22.));
#8145=CARTESIAN_POINT('',(-176.346413737102,72.8149336629508,22.));
#8146=CARTESIAN_POINT('',(-176.346413737102,72.8149336629508,22.));
#8147=CARTESIAN_POINT('',(-162.251024637005,67.6846315901152,22.));
#8148=CARTESIAN_POINT('',(-162.251024637005,67.6846315901152,22.));
#8149=CARTESIAN_POINT('',(-154.555571527751,88.8277152402608,22.));
#8150=CARTESIAN_POINT('',(-154.555571527751,88.8277152402608,22.));
#8151=CARTESIAN_POINT('',(-168.650960627849,93.9580173130965,22.));
#8152=CARTESIAN_POINT('Origin',(-165.450992632427,80.8213244516058,21.));
#8153=CARTESIAN_POINT('',(-156.478140645045,87.9312065375347,21.));
#8154=CARTESIAN_POINT('',(-155.068601735035,87.4181763302511,21.));
#8155=CARTESIAN_POINT('',(-155.068601735035,87.4181763302511,21.));
#8156=CARTESIAN_POINT('',(-161.737994429721,69.0941705001249,21.));
#8157=CARTESIAN_POINT('',(-154.555571527751,88.8277152402608,21.));
#8158=CARTESIAN_POINT('',(-163.147533339731,69.6072007074084,21.));
#8159=CARTESIAN_POINT('',(-163.147533339731,69.6072007074084,21.));
#8160=CARTESIAN_POINT('',(-163.660563547015,68.1976617973987,21.));
#8161=CARTESIAN_POINT('',(-163.660563547015,68.1976617973987,21.));
#8162=CARTESIAN_POINT('',(-174.936874827092,72.3019034556672,21.));
#8163=CARTESIAN_POINT('',(-162.251024637005,67.6846315901152,21.));
#8164=CARTESIAN_POINT('',(-174.423844619809,73.7114423656769,21.));
#8165=CARTESIAN_POINT('',(-174.423844619809,73.7114423656769,21.));
#8166=CARTESIAN_POINT('',(-175.833383529818,74.2244725729605,21.));
#8167=CARTESIAN_POINT('',(-175.833383529818,74.2244725729605,21.));
#8168=CARTESIAN_POINT('',(-169.163990835132,92.5484784030867,21.));
#8169=CARTESIAN_POINT('',(-176.346413737102,72.8149336629508,21.));
#8170=CARTESIAN_POINT('',(-167.754451925122,92.0354481958032,21.));
#8171=CARTESIAN_POINT('',(-167.754451925122,92.0354481958032,21.));
#8172=CARTESIAN_POINT('',(-167.241421717839,93.4449871058129,21.));
#8173=CARTESIAN_POINT('',(-167.241421717839,93.4449871058129,21.));
#8174=CARTESIAN_POINT('',(-155.965110437761,89.3407454475444,21.));
#8175=CARTESIAN_POINT('',(-168.650960627849,93.9580173130965,21.));
#8176=CARTESIAN_POINT('',(-156.478140645045,87.9312065375347,21.));
#8177=CARTESIAN_POINT('Origin',(-167.754451925122,92.0354481958032,1.));
#8178=CARTESIAN_POINT('',(-167.241421717839,93.4449871058129,1.));
#8179=CARTESIAN_POINT('',(-167.754451925122,92.0354481958032,1.));
#8180=CARTESIAN_POINT('',(-167.241421717839,93.4449871058129,1.));
#8181=CARTESIAN_POINT('',(-167.241421717839,93.4449871058129,1.));
#8182=CARTESIAN_POINT('',(-167.754451925122,92.0354481958032,1.));
#8183=CARTESIAN_POINT('Origin',(-169.163990835132,92.5484784030867,1.));
#8184=CARTESIAN_POINT('',(-169.163990835132,92.5484784030867,1.));
#8185=CARTESIAN_POINT('',(-167.754451925122,92.0354481958032,1.));
#8186=CARTESIAN_POINT('',(-169.163990835132,92.5484784030867,1.));
#8187=CARTESIAN_POINT('Origin',(-168.202706276486,92.9967327544498,1.));
#8188=CARTESIAN_POINT('',(-168.650960627849,93.9580173130965,1.));
#8189=CARTESIAN_POINT('',(-169.163990835132,92.5484784030867,1.));
#8190=CARTESIAN_POINT('',(-168.650960627849,93.9580173130965,1.));
#8191=CARTESIAN_POINT('Origin',(-174.423844619809,73.7114423656769,1.));
#8192=CARTESIAN_POINT('',(-175.833383529818,74.2244725729605,1.));
#8193=CARTESIAN_POINT('',(-174.423844619809,73.7114423656769,1.));
#8194=CARTESIAN_POINT('',(-175.833383529818,74.2244725729605,1.));
#8195=CARTESIAN_POINT('',(-175.833383529818,74.2244725729605,1.));
#8196=CARTESIAN_POINT('',(-174.423844619809,73.7114423656769,1.));
#8197=CARTESIAN_POINT('Origin',(-174.936874827092,72.3019034556672,1.));
#8198=CARTESIAN_POINT('',(-174.936874827092,72.3019034556672,1.));
#8199=CARTESIAN_POINT('',(-174.423844619809,73.7114423656769,1.));
#8200=CARTESIAN_POINT('',(-174.936874827092,72.3019034556672,1.));
#8201=CARTESIAN_POINT('Origin',(-175.833383529818,74.2244725729605,1.));
#8202=CARTESIAN_POINT('',(-176.346413737102,72.8149336629508,1.));
#8203=CARTESIAN_POINT('',(-176.346413737102,72.8149336629508,1.));
#8204=CARTESIAN_POINT('',(-176.346413737102,72.8149336629508,1.));
#8205=CARTESIAN_POINT('',(-168.650960627849,93.9580173130965,1.));
#8206=CARTESIAN_POINT('Origin',(-175.385129178455,73.2631880143138,1.));
#8207=CARTESIAN_POINT('',(-174.936874827092,72.3019034556672,1.));
#8208=CARTESIAN_POINT('Origin',(-161.737994429721,69.0941705001249,1.));
#8209=CARTESIAN_POINT('',(-163.147533339731,69.6072007074084,1.));
#8210=CARTESIAN_POINT('',(-161.737994429721,69.0941705001249,1.));
#8211=CARTESIAN_POINT('',(-163.147533339731,69.6072007074084,1.));
#8212=CARTESIAN_POINT('',(-163.147533339731,69.6072007074084,1.));
#8213=CARTESIAN_POINT('',(-161.737994429721,69.0941705001249,1.));
#8214=CARTESIAN_POINT('Origin',(-163.660563547015,68.1976617973987,1.));
#8215=CARTESIAN_POINT('',(-162.251024637005,67.6846315901152,1.));
#8216=CARTESIAN_POINT('',(-163.660563547015,68.1976617973987,1.));
#8217=CARTESIAN_POINT('',(-162.251024637005,67.6846315901152,1.));
#8218=CARTESIAN_POINT('',(-162.251024637005,67.6846315901152,1.));
#8219=CARTESIAN_POINT('',(-163.660563547015,68.1976617973987,1.));
#8220=CARTESIAN_POINT('Origin',(-163.147533339731,69.6072007074084,1.));
#8221=CARTESIAN_POINT('',(-163.660563547015,68.1976617973987,1.));
#8222=CARTESIAN_POINT('Origin',(-162.699278988368,68.6459161487618,1.));
#8223=CARTESIAN_POINT('',(-161.737994429721,69.0941705001249,1.));
#8224=CARTESIAN_POINT('Origin',(-154.555571527751,88.8277152402608,1.));
#8225=CARTESIAN_POINT('',(-155.965110437761,89.3407454475444,1.));
#8226=CARTESIAN_POINT('',(-154.555571527751,88.8277152402608,1.));
#8227=CARTESIAN_POINT('',(-155.965110437761,89.3407454475444,1.));
#8228=CARTESIAN_POINT('',(-155.965110437761,89.3407454475444,1.));
#8229=CARTESIAN_POINT('',(-154.555571527751,88.8277152402608,1.));
#8230=CARTESIAN_POINT('Origin',(-155.068601735035,87.4181763302511,1.));
#8231=CARTESIAN_POINT('',(-155.068601735035,87.4181763302511,1.));
#8232=CARTESIAN_POINT('',(-154.555571527751,88.8277152402608,1.));
#8233=CARTESIAN_POINT('',(-155.068601735035,87.4181763302511,1.));
#8234=CARTESIAN_POINT('Origin',(-156.478140645045,87.9312065375347,1.));
#8235=CARTESIAN_POINT('',(-156.478140645045,87.9312065375347,1.));
#8236=CARTESIAN_POINT('',(-155.068601735035,87.4181763302511,1.));
#8237=CARTESIAN_POINT('',(-156.478140645045,87.9312065375347,1.));
#8238=CARTESIAN_POINT('Origin',(-155.965110437761,89.3407454475444,1.));
#8239=CARTESIAN_POINT('',(-156.478140645045,87.9312065375347,1.));
#8240=CARTESIAN_POINT('Origin',(-155.516856086398,88.3794608888978,1.));
#8241=CARTESIAN_POINT('Origin',(-75.7502568752511,132.739623598481,1.));
#8242=CARTESIAN_POINT('',(-61.8987027442021,132.739623598481,2.));
#8243=CARTESIAN_POINT('Origin',(-75.7502568752511,132.739623598481,2.));
#8244=CARTESIAN_POINT('',(-61.8987027442021,132.739623598481,1.));
#8245=CARTESIAN_POINT('',(-61.8987027442021,132.739623598481,1.));
#8246=CARTESIAN_POINT('Origin',(-75.7502568752511,132.739623598481,1.));
#8247=CARTESIAN_POINT('Origin',(-75.7502568752511,132.739623598481,2.));
#8248=CARTESIAN_POINT('Origin',(-75.7502568752511,132.739623598481,1.));
#8249=CARTESIAN_POINT('Origin',(-69.5367212834567,152.937783926584,1.));
#8250=CARTESIAN_POINT('',(-69.5367212834567,154.937783896547,1.));
#8251=CARTESIAN_POINT('',(-69.5367212834567,152.937783926584,1.));
#8252=CARTESIAN_POINT('',(-69.5367212834567,154.937783896547,1.));
#8253=CARTESIAN_POINT('',(-69.5367212834567,154.937783896547,6.));
#8254=CARTESIAN_POINT('',(-69.5367212834567,154.937783896547,1.));
#8255=CARTESIAN_POINT('',(-69.5367212834567,152.937783926584,6.));
#8256=CARTESIAN_POINT('',(-69.5367212834567,154.937783896547,6.));
#8257=CARTESIAN_POINT('',(-69.5367212834567,152.937783926584,1.));
#8258=CARTESIAN_POINT('Origin',(-82.5367210882163,152.937783926584,1.));
#8259=CARTESIAN_POINT('',(-82.5367210882163,152.937783926584,1.));
#8260=CARTESIAN_POINT('',(-82.5367210882163,152.937783926584,1.));
#8261=CARTESIAN_POINT('',(-82.5367210882163,152.937783926584,6.));
#8262=CARTESIAN_POINT('',(-82.5367210882163,152.937783926584,6.));
#8263=CARTESIAN_POINT('',(-82.5367210882163,152.937783926584,1.));
#8264=CARTESIAN_POINT('Origin',(-82.5367210882163,154.937783896547,1.));
#8265=CARTESIAN_POINT('',(-82.5367210882163,154.937783896547,1.));
#8266=CARTESIAN_POINT('',(-82.5367210882163,154.937783896547,1.));
#8267=CARTESIAN_POINT('',(-82.5367210882163,154.937783896547,6.));
#8268=CARTESIAN_POINT('',(-82.5367210882163,154.937783896547,6.));
#8269=CARTESIAN_POINT('',(-82.5367210882163,154.937783896547,1.));
#8270=CARTESIAN_POINT('Origin',(-69.5367212834567,154.937783896547,1.));
#8271=CARTESIAN_POINT('',(-80.5367211182533,154.937783896547,1.));
#8272=CARTESIAN_POINT('',(-80.5367211182533,154.937783896547,6.));
#8273=CARTESIAN_POINT('Origin',(-76.0367211858365,153.937783911566,6.));
#8274=CARTESIAN_POINT('Origin',(-76.0367211858365,153.937783911566,1.));
#8275=CARTESIAN_POINT('Origin',(-18.5399002593442,111.773797914839,1.));
#8276=CARTESIAN_POINT('',(-20.0719891225725,110.488222714773,1.));
#8277=CARTESIAN_POINT('',(-18.5399002593442,111.773797914839,1.));
#8278=CARTESIAN_POINT('',(-20.0719891225725,110.488222714773,1.));
#8279=CARTESIAN_POINT('',(-20.0719891225725,110.488222714773,6.));
#8280=CARTESIAN_POINT('',(-20.0719891225725,110.488222714773,1.));
#8281=CARTESIAN_POINT('',(-18.5399002593442,111.773797914839,6.));
#8282=CARTESIAN_POINT('',(-20.0719891225725,110.488222714773,6.));
#8283=CARTESIAN_POINT('',(-18.5399002593442,111.773797914839,1.));
#8284=CARTESIAN_POINT('Origin',(-10.1836614589173,101.815220303855,1.));
#8285=CARTESIAN_POINT('',(-10.1836614589173,101.815220303855,1.));
#8286=CARTESIAN_POINT('',(-10.1836614589173,101.815220303855,1.));
#8287=CARTESIAN_POINT('',(-10.1836614589173,101.815220303855,6.));
#8288=CARTESIAN_POINT('',(-10.1836614589173,101.815220303855,6.));
#8289=CARTESIAN_POINT('',(-10.1836614589173,101.815220303855,1.));
#8290=CARTESIAN_POINT('Origin',(-11.7157503221456,100.529645103789,1.));
#8291=CARTESIAN_POINT('',(-11.7157503221456,100.529645103789,1.));
#8292=CARTESIAN_POINT('',(-11.7157503221456,100.529645103789,1.));
#8293=CARTESIAN_POINT('',(-11.7157503221456,100.529645103789,6.));
#8294=CARTESIAN_POINT('',(-11.7157503221456,100.529645103789,6.));
#8295=CARTESIAN_POINT('',(-11.7157503221456,100.529645103789,1.));
#8296=CARTESIAN_POINT('Origin',(-20.0719891225725,110.488222714773,1.));
#8297=CARTESIAN_POINT('',(-13.0013255222112,102.061733967018,1.));
#8298=CARTESIAN_POINT('',(-13.0013255222112,102.061733967018,6.));
#8299=CARTESIAN_POINT('Origin',(-15.1278252907449,106.151721509314,6.));
#8300=CARTESIAN_POINT('Origin',(-15.1278252907449,106.151721509314,1.));
#8301=CARTESIAN_POINT('Origin',(-60.1014071765621,102.291859030269,1.));
#8302=CARTESIAN_POINT('',(-62.0710226530058,101.944562680151,1.));
#8303=CARTESIAN_POINT('',(-60.1014071765621,102.291859030269,1.));
#8304=CARTESIAN_POINT('',(-62.0710226530058,101.944562680151,1.));
#8305=CARTESIAN_POINT('',(-62.0710226530058,101.944562680151,6.));
#8306=CARTESIAN_POINT('',(-62.0710226530058,101.944562680151,1.));
#8307=CARTESIAN_POINT('',(-60.1014071765621,102.291859030269,6.));
#8308=CARTESIAN_POINT('',(-62.0710226530058,101.944562680151,6.));
#8309=CARTESIAN_POINT('',(-60.1014071765621,102.291859030269,1.));
#8310=CARTESIAN_POINT('Origin',(-57.8439809007951,89.4893584333842,1.));
#8311=CARTESIAN_POINT('',(-57.8439809007951,89.4893584333842,1.));
#8312=CARTESIAN_POINT('',(-57.8439809007951,89.4893584333842,1.));
#8313=CARTESIAN_POINT('',(-57.8439809007951,89.4893584333842,6.));
#8314=CARTESIAN_POINT('',(-57.8439809007951,89.4893584333842,6.));
#8315=CARTESIAN_POINT('',(-57.8439809007951,89.4893584333842,1.));
#8316=CARTESIAN_POINT('Origin',(-59.8135963772389,89.1420620832662,1.));
#8317=CARTESIAN_POINT('',(-59.8135963772389,89.1420620832662,1.));
#8318=CARTESIAN_POINT('',(-59.8135963772389,89.1420620832662,1.));
#8319=CARTESIAN_POINT('',(-59.8135963772389,89.1420620832662,6.));
#8320=CARTESIAN_POINT('',(-59.8135963772389,89.1420620832662,6.));
#8321=CARTESIAN_POINT('',(-59.8135963772389,89.1420620832662,1.));
#8322=CARTESIAN_POINT('Origin',(-62.0710226530058,101.944562680151,1.));
#8323=CARTESIAN_POINT('',(-60.1608927273569,91.11167755971,1.));
#8324=CARTESIAN_POINT('',(-60.1608927273569,91.11167755971,6.));
#8325=CARTESIAN_POINT('Origin',(-59.9575017769005,95.7169605567674,6.));
#8326=CARTESIAN_POINT('Origin',(-59.9575017769005,95.7169605567674,1.));
#8327=CARTESIAN_POINT('Origin',(-34.8665222749984,97.4414701916049,1.));
#8328=CARTESIAN_POINT('',(-21.0149681439494,97.4414701916049,2.));
#8329=CARTESIAN_POINT('Origin',(-34.8665222749984,97.4414701916049,2.));
#8330=CARTESIAN_POINT('',(-21.0149681439494,97.4414701916049,1.));
#8331=CARTESIAN_POINT('',(-21.0149681439494,97.4414701916049,1.));
#8332=CARTESIAN_POINT('Origin',(-34.8665222749984,97.4414701916049,1.));
#8333=CARTESIAN_POINT('Origin',(-34.8665222749984,97.4414701916049,2.));
#8334=CARTESIAN_POINT('Origin',(-34.8665222749984,97.4414701916049,1.));
#8335=CARTESIAN_POINT('Origin',(-161.499997574513,35.2499994705981,11.));
#8336=CARTESIAN_POINT('',(-153.499997694661,27.4999995869914,11.));
#8337=CARTESIAN_POINT('',(-169.499997454365,27.4999995869914,11.));
#8338=CARTESIAN_POINT('',(-153.499997694661,27.4999995869914,11.));
#8339=CARTESIAN_POINT('',(-169.499997454365,42.9999993542048,11.));
#8340=CARTESIAN_POINT('',(-169.499997454365,42.499999361714,11.));
#8341=CARTESIAN_POINT('',(-153.499997694661,42.9999993542048,11.));
#8342=CARTESIAN_POINT('',(-169.499997454365,42.9999993542048,11.));
#8343=CARTESIAN_POINT('',(-153.499997694661,27.9999995794822,11.));
#8344=CARTESIAN_POINT('',(-159.634331807662,34.2857156261148,11.));
#8345=CARTESIAN_POINT('Origin',(-160.535719655295,34.2857156261148,11.));
#8346=CARTESIAN_POINT('',(-167.348617521947,28.5000013404005,11.));
#8347=CARTESIAN_POINT('Origin',(-168.250005369581,28.5000013404005,11.));
#8348=CARTESIAN_POINT('',(-163.491474664805,34.2857156261148,11.));
#8349=CARTESIAN_POINT('Origin',(-164.392862512438,34.2857156261148,11.));
#8350=CARTESIAN_POINT('',(-159.634331807662,28.5000013404005,11.));
#8351=CARTESIAN_POINT('Origin',(-160.535719655295,28.5000013404005,11.));
#8352=CARTESIAN_POINT('',(-157.70576037909,28.5000013404005,11.));
#8353=CARTESIAN_POINT('Origin',(-158.607148226723,28.5000013404005,11.));
#8354=CARTESIAN_POINT('',(-153.848617521947,32.3571441975434,11.));
#8355=CARTESIAN_POINT('Origin',(-154.750005369581,32.3571441975434,11.));
#8356=CARTESIAN_POINT('',(-161.562903236233,30.4285727689719,11.));
#8357=CARTESIAN_POINT('Origin',(-162.464291083866,30.4285727689719,11.));
#8358=CARTESIAN_POINT('',(-165.420046093376,36.2142870546862,11.));
#8359=CARTESIAN_POINT('Origin',(-166.321433941009,36.2142870546862,11.));
#8360=CARTESIAN_POINT('',(-167.348617521947,30.4285727689719,11.));
#8361=CARTESIAN_POINT('Origin',(-168.250005369581,30.4285727689719,11.));
#8362=CARTESIAN_POINT('',(-165.420046093376,34.2857156261148,11.));
#8363=CARTESIAN_POINT('Origin',(-166.321433941009,34.2857156261148,11.));
#8364=CARTESIAN_POINT('',(-153.848617521947,30.4285727689719,11.));
#8365=CARTESIAN_POINT('Origin',(-154.750005369581,30.4285727689719,11.));
#8366=CARTESIAN_POINT('',(-161.562903236233,28.5000013404005,11.));
#8367=CARTESIAN_POINT('Origin',(-162.464291083866,28.5000013404005,11.));
#8368=CARTESIAN_POINT('',(-155.777188950519,30.4285727689719,11.));
#8369=CARTESIAN_POINT('Origin',(-156.678576798152,30.4285727689719,11.));
#8370=CARTESIAN_POINT('',(-161.562903236233,34.2857156261148,11.));
#8371=CARTESIAN_POINT('Origin',(-162.464291083866,34.2857156261148,11.));
#8372=CARTESIAN_POINT('',(-161.562903236233,36.2142870546862,11.));
#8373=CARTESIAN_POINT('Origin',(-162.464291083866,36.2142870546862,11.));
#8374=CARTESIAN_POINT('',(-155.777188950519,32.3571441975434,11.));
#8375=CARTESIAN_POINT('Origin',(-156.678576798152,32.3571441975434,11.));
#8376=CARTESIAN_POINT('',(-155.777188950519,34.2857156261148,11.));
#8377=CARTESIAN_POINT('Origin',(-156.678576798152,34.2857156261148,11.));
#8378=CARTESIAN_POINT('',(-153.848617521947,28.5000013404005,11.));
#8379=CARTESIAN_POINT('Origin',(-154.750005369581,28.5000013404005,11.));
#8380=CARTESIAN_POINT('',(-167.348617521947,42.0000013404005,11.));
#8381=CARTESIAN_POINT('Origin',(-168.250005369581,42.0000013404005,11.));
#8382=CARTESIAN_POINT('',(-159.634331807662,32.3571441975434,11.));
#8383=CARTESIAN_POINT('Origin',(-160.535719655295,32.3571441975434,11.));
#8384=CARTESIAN_POINT('',(-153.848617521947,34.2857156261148,11.));
#8385=CARTESIAN_POINT('Origin',(-154.750005369581,34.2857156261148,11.));
#8386=CARTESIAN_POINT('',(-161.562903236233,42.0000013404005,11.));
#8387=CARTESIAN_POINT('Origin',(-162.464291083866,42.0000013404005,11.));
#8388=CARTESIAN_POINT('',(-157.70576037909,40.0714299118291,11.));
#8389=CARTESIAN_POINT('Origin',(-158.607148226723,40.0714299118291,11.));
#8390=CARTESIAN_POINT('',(-157.70576037909,34.2857156261148,11.));
#8391=CARTESIAN_POINT('Origin',(-158.607148226723,34.2857156261148,11.));
#8392=CARTESIAN_POINT('',(-155.777188950519,42.0000013404005,11.));
#8393=CARTESIAN_POINT('Origin',(-156.678576798152,42.0000013404005,11.));
#8394=CARTESIAN_POINT('',(-159.634331807662,30.4285727689719,11.));
#8395=CARTESIAN_POINT('Origin',(-160.535719655295,30.4285727689719,11.));
#8396=CARTESIAN_POINT('',(-167.348617521947,38.1428584832577,11.));
#8397=CARTESIAN_POINT('Origin',(-168.250005369581,38.1428584832577,11.));
#8398=CARTESIAN_POINT('',(-163.491474664805,30.4285727689719,11.));
#8399=CARTESIAN_POINT('Origin',(-164.392862512438,30.4285727689719,11.));
#8400=CARTESIAN_POINT('',(-159.634331807662,42.0000013404005,11.));
#8401=CARTESIAN_POINT('Origin',(-160.535719655295,42.0000013404005,11.));
#8402=CARTESIAN_POINT('',(-163.491474664805,38.1428584832577,11.));
#8403=CARTESIAN_POINT('Origin',(-164.392862512438,38.1428584832577,11.));
#8404=CARTESIAN_POINT('',(-165.420046093376,38.1428584832577,11.));
#8405=CARTESIAN_POINT('Origin',(-166.321433941009,38.1428584832577,11.));
#8406=CARTESIAN_POINT('',(-157.70576037909,38.1428584832577,11.));
#8407=CARTESIAN_POINT('Origin',(-158.607148226723,38.1428584832577,11.));
#8408=CARTESIAN_POINT('',(-153.848617521947,38.1428584832577,11.));
#8409=CARTESIAN_POINT('Origin',(-154.750005369581,38.1428584832577,11.));
#8410=CARTESIAN_POINT('',(-167.348617521947,40.0714299118291,11.));
#8411=CARTESIAN_POINT('Origin',(-168.250005369581,40.0714299118291,11.));
#8412=CARTESIAN_POINT('',(-157.70576037909,36.2142870546862,11.));
#8413=CARTESIAN_POINT('Origin',(-158.607148226723,36.2142870546862,11.));
#8414=CARTESIAN_POINT('',(-157.70576037909,30.4285727689719,11.));
#8415=CARTESIAN_POINT('Origin',(-158.607148226723,30.4285727689719,11.));
#8416=CARTESIAN_POINT('',(-163.491474664805,42.0000013404005,11.));
#8417=CARTESIAN_POINT('Origin',(-164.392862512438,42.0000013404005,11.));
#8418=CARTESIAN_POINT('',(-165.420046093376,40.0714299118291,11.));
#8419=CARTESIAN_POINT('Origin',(-166.321433941009,40.0714299118291,11.));
#8420=CARTESIAN_POINT('',(-161.562903236233,32.3571441975434,11.));
#8421=CARTESIAN_POINT('Origin',(-162.464291083866,32.3571441975434,11.));
#8422=CARTESIAN_POINT('',(-165.420046093376,28.5000013404005,11.));
#8423=CARTESIAN_POINT('Origin',(-166.321433941009,28.5000013404005,11.));
#8424=CARTESIAN_POINT('',(-163.491474664805,36.2142870546862,11.));
#8425=CARTESIAN_POINT('Origin',(-164.392862512438,36.2142870546862,11.));
#8426=CARTESIAN_POINT('',(-157.70576037909,32.3571441975434,11.));
#8427=CARTESIAN_POINT('Origin',(-158.607148226723,32.3571441975434,11.));
#8428=CARTESIAN_POINT('',(-153.848617521947,42.0000013404005,11.));
#8429=CARTESIAN_POINT('Origin',(-154.750005369581,42.0000013404005,11.));
#8430=CARTESIAN_POINT('',(-165.420046093376,42.0000013404005,11.));
#8431=CARTESIAN_POINT('Origin',(-166.321433941009,42.0000013404005,11.));
#8432=CARTESIAN_POINT('',(-163.491474664805,28.5000013404005,11.));
#8433=CARTESIAN_POINT('Origin',(-164.392862512438,28.5000013404005,11.));
#8434=CARTESIAN_POINT('',(-159.634331807662,36.2142870546862,11.));
#8435=CARTESIAN_POINT('Origin',(-160.535719655295,36.2142870546862,11.));
#8436=CARTESIAN_POINT('',(-167.348617521947,34.2857156261148,11.));
#8437=CARTESIAN_POINT('Origin',(-168.250005369581,34.2857156261148,11.));
#8438=CARTESIAN_POINT('',(-165.420046093376,32.3571441975434,11.));
#8439=CARTESIAN_POINT('Origin',(-166.321433941009,32.3571441975434,11.));
#8440=CARTESIAN_POINT('',(-155.777188950519,40.0714299118291,11.));
#8441=CARTESIAN_POINT('Origin',(-156.678576798152,40.0714299118291,11.));
#8442=CARTESIAN_POINT('',(-155.777188950519,36.2142870546862,11.));
#8443=CARTESIAN_POINT('Origin',(-156.678576798152,36.2142870546862,11.));
#8444=CARTESIAN_POINT('',(-153.848617521947,36.2142870546862,11.));
#8445=CARTESIAN_POINT('Origin',(-154.750005369581,36.2142870546862,11.));
#8446=CARTESIAN_POINT('',(-161.562903236233,40.0714299118291,11.));
#8447=CARTESIAN_POINT('Origin',(-162.464291083866,40.0714299118291,11.));
#8448=CARTESIAN_POINT('',(-165.420046093376,30.4285727689719,11.));
#8449=CARTESIAN_POINT('Origin',(-166.321433941009,30.4285727689719,11.));
#8450=CARTESIAN_POINT('',(-167.348617521947,32.3571441975434,11.));
#8451=CARTESIAN_POINT('Origin',(-168.250005369581,32.3571441975434,11.));
#8452=CARTESIAN_POINT('',(-159.634331807662,40.0714299118291,11.));
#8453=CARTESIAN_POINT('Origin',(-160.535719655295,40.0714299118291,11.));
#8454=CARTESIAN_POINT('',(-155.777188950519,38.1428584832577,11.));
#8455=CARTESIAN_POINT('Origin',(-156.678576798152,38.1428584832577,11.));
#8456=CARTESIAN_POINT('',(-161.562903236233,38.1428584832577,11.));
#8457=CARTESIAN_POINT('Origin',(-162.464291083866,38.1428584832577,11.));
#8458=CARTESIAN_POINT('',(-167.348617521947,36.2142870546862,11.));
#8459=CARTESIAN_POINT('Origin',(-168.250005369581,36.2142870546862,11.));
#8460=CARTESIAN_POINT('',(-163.491474664805,40.0714299118291,11.));
#8461=CARTESIAN_POINT('Origin',(-164.392862512438,40.0714299118291,11.));
#8462=CARTESIAN_POINT('',(-159.634331807662,38.1428584832577,11.));
#8463=CARTESIAN_POINT('Origin',(-160.535719655295,38.1428584832577,11.));
#8464=CARTESIAN_POINT('',(-155.777188950519,28.5000013404005,11.));
#8465=CARTESIAN_POINT('Origin',(-156.678576798152,28.5000013404005,11.));
#8466=CARTESIAN_POINT('',(-163.491474664805,32.3571441975434,11.));
#8467=CARTESIAN_POINT('Origin',(-164.392862512438,32.3571441975434,11.));
#8468=CARTESIAN_POINT('',(-153.848617521947,40.0714299118291,11.));
#8469=CARTESIAN_POINT('Origin',(-154.750005369581,40.0714299118291,11.));
#8470=CARTESIAN_POINT('',(-157.70576037909,42.0000013404005,11.));
#8471=CARTESIAN_POINT('Origin',(-158.607148226723,42.0000013404005,11.));
#8472=CARTESIAN_POINT('Origin',(-160.535719655295,34.2857156261148,11.));
#8473=CARTESIAN_POINT('',(-159.634331807662,34.2857156261148,11.5));
#8474=CARTESIAN_POINT('Origin',(-160.535719655295,34.2857156261148,11.5));
#8475=CARTESIAN_POINT('',(-159.634331807662,34.2857156261148,11.));
#8476=CARTESIAN_POINT('Origin',(-168.250005369581,28.5000013404005,11.));
#8477=CARTESIAN_POINT('',(-167.348617521947,28.5000013404005,11.5));
#8478=CARTESIAN_POINT('Origin',(-168.250005369581,28.5000013404005,11.5));
#8479=CARTESIAN_POINT('',(-167.348617521947,28.5000013404005,11.));
#8480=CARTESIAN_POINT('Origin',(-164.392862512438,34.2857156261148,11.));
#8481=CARTESIAN_POINT('',(-163.491474664805,34.2857156261148,11.5));
#8482=CARTESIAN_POINT('Origin',(-164.392862512438,34.2857156261148,11.5));
#8483=CARTESIAN_POINT('',(-163.491474664805,34.2857156261148,11.));
#8484=CARTESIAN_POINT('Origin',(-160.535719655295,28.5000013404005,11.));
#8485=CARTESIAN_POINT('',(-159.634331807662,28.5000013404005,11.5));
#8486=CARTESIAN_POINT('Origin',(-160.535719655295,28.5000013404005,11.5));
#8487=CARTESIAN_POINT('',(-159.634331807662,28.5000013404005,11.));
#8488=CARTESIAN_POINT('Origin',(-158.607148226723,28.5000013404005,11.));
#8489=CARTESIAN_POINT('',(-157.70576037909,28.5000013404005,11.5));
#8490=CARTESIAN_POINT('Origin',(-158.607148226723,28.5000013404005,11.5));
#8491=CARTESIAN_POINT('',(-157.70576037909,28.5000013404005,11.));
#8492=CARTESIAN_POINT('Origin',(-154.750005369581,32.3571441975434,11.));
#8493=CARTESIAN_POINT('',(-153.848617521947,32.3571441975434,11.5));
#8494=CARTESIAN_POINT('Origin',(-154.750005369581,32.3571441975434,11.5));
#8495=CARTESIAN_POINT('',(-153.848617521947,32.3571441975434,11.));
#8496=CARTESIAN_POINT('Origin',(-162.464291083866,30.4285727689719,11.));
#8497=CARTESIAN_POINT('',(-161.562903236233,30.4285727689719,11.5));
#8498=CARTESIAN_POINT('Origin',(-162.464291083866,30.4285727689719,11.5));
#8499=CARTESIAN_POINT('',(-161.562903236233,30.4285727689719,11.));
#8500=CARTESIAN_POINT('Origin',(-166.321433941009,36.2142870546862,11.));
#8501=CARTESIAN_POINT('',(-165.420046093376,36.2142870546862,11.5));
#8502=CARTESIAN_POINT('Origin',(-166.321433941009,36.2142870546862,11.5));
#8503=CARTESIAN_POINT('',(-165.420046093376,36.2142870546862,11.));
#8504=CARTESIAN_POINT('Origin',(-168.250005369581,30.4285727689719,11.));
#8505=CARTESIAN_POINT('',(-167.348617521947,30.4285727689719,11.5));
#8506=CARTESIAN_POINT('Origin',(-168.250005369581,30.4285727689719,11.5));
#8507=CARTESIAN_POINT('',(-167.348617521947,30.4285727689719,11.));
#8508=CARTESIAN_POINT('Origin',(-166.321433941009,34.2857156261148,11.));
#8509=CARTESIAN_POINT('',(-165.420046093376,34.2857156261148,11.5));
#8510=CARTESIAN_POINT('Origin',(-166.321433941009,34.2857156261148,11.5));
#8511=CARTESIAN_POINT('',(-165.420046093376,34.2857156261148,11.));
#8512=CARTESIAN_POINT('Origin',(-154.750005369581,30.4285727689719,11.));
#8513=CARTESIAN_POINT('',(-153.848617521947,30.4285727689719,11.5));
#8514=CARTESIAN_POINT('Origin',(-154.750005369581,30.4285727689719,11.5));
#8515=CARTESIAN_POINT('',(-153.848617521947,30.4285727689719,11.));
#8516=CARTESIAN_POINT('Origin',(-162.464291083866,28.5000013404005,11.));
#8517=CARTESIAN_POINT('',(-161.562903236233,28.5000013404005,11.5));
#8518=CARTESIAN_POINT('Origin',(-162.464291083866,28.5000013404005,11.5));
#8519=CARTESIAN_POINT('',(-161.562903236233,28.5000013404005,11.));
#8520=CARTESIAN_POINT('Origin',(-156.678576798152,30.4285727689719,11.));
#8521=CARTESIAN_POINT('',(-155.777188950519,30.4285727689719,11.5));
#8522=CARTESIAN_POINT('Origin',(-156.678576798152,30.4285727689719,11.5));
#8523=CARTESIAN_POINT('',(-155.777188950519,30.4285727689719,11.));
#8524=CARTESIAN_POINT('Origin',(-162.464291083866,34.2857156261148,11.));
#8525=CARTESIAN_POINT('',(-161.562903236233,34.2857156261148,11.5));
#8526=CARTESIAN_POINT('Origin',(-162.464291083866,34.2857156261148,11.5));
#8527=CARTESIAN_POINT('',(-161.562903236233,34.2857156261148,11.));
#8528=CARTESIAN_POINT('Origin',(-162.464291083866,36.2142870546862,11.));
#8529=CARTESIAN_POINT('',(-161.562903236233,36.2142870546862,11.5));
#8530=CARTESIAN_POINT('Origin',(-162.464291083866,36.2142870546862,11.5));
#8531=CARTESIAN_POINT('',(-161.562903236233,36.2142870546862,11.));
#8532=CARTESIAN_POINT('Origin',(-156.678576798152,32.3571441975434,11.));
#8533=CARTESIAN_POINT('',(-155.777188950519,32.3571441975434,11.5));
#8534=CARTESIAN_POINT('Origin',(-156.678576798152,32.3571441975434,11.5));
#8535=CARTESIAN_POINT('',(-155.777188950519,32.3571441975434,11.));
#8536=CARTESIAN_POINT('Origin',(-156.678576798152,34.2857156261148,11.));
#8537=CARTESIAN_POINT('',(-155.777188950519,34.2857156261148,11.5));
#8538=CARTESIAN_POINT('Origin',(-156.678576798152,34.2857156261148,11.5));
#8539=CARTESIAN_POINT('',(-155.777188950519,34.2857156261148,11.));
#8540=CARTESIAN_POINT('Origin',(-154.750005369581,28.5000013404005,11.));
#8541=CARTESIAN_POINT('',(-153.848617521947,28.5000013404005,11.5));
#8542=CARTESIAN_POINT('Origin',(-154.750005369581,28.5000013404005,11.5));
#8543=CARTESIAN_POINT('',(-153.848617521947,28.5000013404005,11.));
#8544=CARTESIAN_POINT('Origin',(-168.250005369581,42.0000013404005,11.));
#8545=CARTESIAN_POINT('',(-167.348617521947,42.0000013404005,11.5));
#8546=CARTESIAN_POINT('Origin',(-168.250005369581,42.0000013404005,11.5));
#8547=CARTESIAN_POINT('',(-167.348617521947,42.0000013404005,11.));
#8548=CARTESIAN_POINT('Origin',(-160.535719655295,32.3571441975434,11.));
#8549=CARTESIAN_POINT('',(-159.634331807662,32.3571441975434,11.5));
#8550=CARTESIAN_POINT('Origin',(-160.535719655295,32.3571441975434,11.5));
#8551=CARTESIAN_POINT('',(-159.634331807662,32.3571441975434,11.));
#8552=CARTESIAN_POINT('Origin',(-154.750005369581,34.2857156261148,11.));
#8553=CARTESIAN_POINT('',(-153.848617521947,34.2857156261148,11.5));
#8554=CARTESIAN_POINT('Origin',(-154.750005369581,34.2857156261148,11.5));
#8555=CARTESIAN_POINT('',(-153.848617521947,34.2857156261148,11.));
#8556=CARTESIAN_POINT('Origin',(-162.464291083866,42.0000013404005,11.));
#8557=CARTESIAN_POINT('',(-161.562903236233,42.0000013404005,11.5));
#8558=CARTESIAN_POINT('Origin',(-162.464291083866,42.0000013404005,11.5));
#8559=CARTESIAN_POINT('',(-161.562903236233,42.0000013404005,11.));
#8560=CARTESIAN_POINT('Origin',(-158.607148226723,40.0714299118291,11.));
#8561=CARTESIAN_POINT('',(-157.70576037909,40.0714299118291,11.5));
#8562=CARTESIAN_POINT('Origin',(-158.607148226723,40.0714299118291,11.5));
#8563=CARTESIAN_POINT('',(-157.70576037909,40.0714299118291,11.));
#8564=CARTESIAN_POINT('Origin',(-158.607148226723,34.2857156261148,11.));
#8565=CARTESIAN_POINT('',(-157.70576037909,34.2857156261148,11.5));
#8566=CARTESIAN_POINT('Origin',(-158.607148226723,34.2857156261148,11.5));
#8567=CARTESIAN_POINT('',(-157.70576037909,34.2857156261148,11.));
#8568=CARTESIAN_POINT('Origin',(-156.678576798152,42.0000013404005,11.));
#8569=CARTESIAN_POINT('',(-155.777188950519,42.0000013404005,11.5));
#8570=CARTESIAN_POINT('Origin',(-156.678576798152,42.0000013404005,11.5));
#8571=CARTESIAN_POINT('',(-155.777188950519,42.0000013404005,11.));
#8572=CARTESIAN_POINT('Origin',(-160.535719655295,30.4285727689719,11.));
#8573=CARTESIAN_POINT('',(-159.634331807662,30.4285727689719,11.5));
#8574=CARTESIAN_POINT('Origin',(-160.535719655295,30.4285727689719,11.5));
#8575=CARTESIAN_POINT('',(-159.634331807662,30.4285727689719,11.));
#8576=CARTESIAN_POINT('Origin',(-168.250005369581,38.1428584832577,11.));
#8577=CARTESIAN_POINT('',(-167.348617521947,38.1428584832577,11.5));
#8578=CARTESIAN_POINT('Origin',(-168.250005369581,38.1428584832577,11.5));
#8579=CARTESIAN_POINT('',(-167.348617521947,38.1428584832577,11.));
#8580=CARTESIAN_POINT('Origin',(-164.392862512438,30.4285727689719,11.));
#8581=CARTESIAN_POINT('',(-163.491474664805,30.4285727689719,11.5));
#8582=CARTESIAN_POINT('Origin',(-164.392862512438,30.4285727689719,11.5));
#8583=CARTESIAN_POINT('',(-163.491474664805,30.4285727689719,11.));
#8584=CARTESIAN_POINT('Origin',(-160.535719655295,42.0000013404005,11.));
#8585=CARTESIAN_POINT('',(-159.634331807662,42.0000013404005,11.5));
#8586=CARTESIAN_POINT('Origin',(-160.535719655295,42.0000013404005,11.5));
#8587=CARTESIAN_POINT('',(-159.634331807662,42.0000013404005,11.));
#8588=CARTESIAN_POINT('Origin',(-164.392862512438,38.1428584832577,11.));
#8589=CARTESIAN_POINT('',(-163.491474664805,38.1428584832577,11.5));
#8590=CARTESIAN_POINT('Origin',(-164.392862512438,38.1428584832577,11.5));
#8591=CARTESIAN_POINT('',(-163.491474664805,38.1428584832577,11.));
#8592=CARTESIAN_POINT('Origin',(-166.321433941009,38.1428584832577,11.));
#8593=CARTESIAN_POINT('',(-165.420046093376,38.1428584832577,11.5));
#8594=CARTESIAN_POINT('Origin',(-166.321433941009,38.1428584832577,11.5));
#8595=CARTESIAN_POINT('',(-165.420046093376,38.1428584832577,11.));
#8596=CARTESIAN_POINT('Origin',(-158.607148226723,38.1428584832577,11.));
#8597=CARTESIAN_POINT('',(-157.70576037909,38.1428584832577,11.5));
#8598=CARTESIAN_POINT('Origin',(-158.607148226723,38.1428584832577,11.5));
#8599=CARTESIAN_POINT('',(-157.70576037909,38.1428584832577,11.));
#8600=CARTESIAN_POINT('Origin',(-154.750005369581,38.1428584832577,11.));
#8601=CARTESIAN_POINT('',(-153.848617521947,38.1428584832577,11.5));
#8602=CARTESIAN_POINT('Origin',(-154.750005369581,38.1428584832577,11.5));
#8603=CARTESIAN_POINT('',(-153.848617521947,38.1428584832577,11.));
#8604=CARTESIAN_POINT('Origin',(-168.250005369581,40.0714299118291,11.));
#8605=CARTESIAN_POINT('',(-167.348617521947,40.0714299118291,11.5));
#8606=CARTESIAN_POINT('Origin',(-168.250005369581,40.0714299118291,11.5));
#8607=CARTESIAN_POINT('',(-167.348617521947,40.0714299118291,11.));
#8608=CARTESIAN_POINT('Origin',(-158.607148226723,36.2142870546862,11.));
#8609=CARTESIAN_POINT('',(-157.70576037909,36.2142870546862,11.5));
#8610=CARTESIAN_POINT('Origin',(-158.607148226723,36.2142870546862,11.5));
#8611=CARTESIAN_POINT('',(-157.70576037909,36.2142870546862,11.));
#8612=CARTESIAN_POINT('Origin',(-158.607148226723,30.4285727689719,11.));
#8613=CARTESIAN_POINT('',(-157.70576037909,30.4285727689719,11.5));
#8614=CARTESIAN_POINT('Origin',(-158.607148226723,30.4285727689719,11.5));
#8615=CARTESIAN_POINT('',(-157.70576037909,30.4285727689719,11.));
#8616=CARTESIAN_POINT('Origin',(-164.392862512438,42.0000013404005,11.));
#8617=CARTESIAN_POINT('',(-163.491474664805,42.0000013404005,11.5));
#8618=CARTESIAN_POINT('Origin',(-164.392862512438,42.0000013404005,11.5));
#8619=CARTESIAN_POINT('',(-163.491474664805,42.0000013404005,11.));
#8620=CARTESIAN_POINT('Origin',(-166.321433941009,40.0714299118291,11.));
#8621=CARTESIAN_POINT('',(-165.420046093376,40.0714299118291,11.5));
#8622=CARTESIAN_POINT('Origin',(-166.321433941009,40.0714299118291,11.5));
#8623=CARTESIAN_POINT('',(-165.420046093376,40.0714299118291,11.));
#8624=CARTESIAN_POINT('Origin',(-162.464291083866,32.3571441975434,11.));
#8625=CARTESIAN_POINT('',(-161.562903236233,32.3571441975434,11.5));
#8626=CARTESIAN_POINT('Origin',(-162.464291083866,32.3571441975434,11.5));
#8627=CARTESIAN_POINT('',(-161.562903236233,32.3571441975434,11.));
#8628=CARTESIAN_POINT('Origin',(-166.321433941009,28.5000013404005,11.));
#8629=CARTESIAN_POINT('',(-165.420046093376,28.5000013404005,11.5));
#8630=CARTESIAN_POINT('Origin',(-166.321433941009,28.5000013404005,11.5));
#8631=CARTESIAN_POINT('',(-165.420046093376,28.5000013404005,11.));
#8632=CARTESIAN_POINT('Origin',(-164.392862512438,36.2142870546862,11.));
#8633=CARTESIAN_POINT('',(-163.491474664805,36.2142870546862,11.5));
#8634=CARTESIAN_POINT('Origin',(-164.392862512438,36.2142870546862,11.5));
#8635=CARTESIAN_POINT('',(-163.491474664805,36.2142870546862,11.));
#8636=CARTESIAN_POINT('Origin',(-158.607148226723,32.3571441975434,11.));
#8637=CARTESIAN_POINT('',(-157.70576037909,32.3571441975434,11.5));
#8638=CARTESIAN_POINT('Origin',(-158.607148226723,32.3571441975434,11.5));
#8639=CARTESIAN_POINT('',(-157.70576037909,32.3571441975434,11.));
#8640=CARTESIAN_POINT('Origin',(-154.750005369581,42.0000013404005,11.));
#8641=CARTESIAN_POINT('',(-153.848617521947,42.0000013404005,11.5));
#8642=CARTESIAN_POINT('Origin',(-154.750005369581,42.0000013404005,11.5));
#8643=CARTESIAN_POINT('',(-153.848617521947,42.0000013404005,11.));
#8644=CARTESIAN_POINT('Origin',(-166.321433941009,42.0000013404005,11.));
#8645=CARTESIAN_POINT('',(-165.420046093376,42.0000013404005,11.5));
#8646=CARTESIAN_POINT('Origin',(-166.321433941009,42.0000013404005,11.5));
#8647=CARTESIAN_POINT('',(-165.420046093376,42.0000013404005,11.));
#8648=CARTESIAN_POINT('Origin',(-164.392862512438,28.5000013404005,11.));
#8649=CARTESIAN_POINT('',(-163.491474664805,28.5000013404005,11.5));
#8650=CARTESIAN_POINT('Origin',(-164.392862512438,28.5000013404005,11.5));
#8651=CARTESIAN_POINT('',(-163.491474664805,28.5000013404005,11.));
#8652=CARTESIAN_POINT('Origin',(-160.535719655295,36.2142870546862,11.));
#8653=CARTESIAN_POINT('',(-159.634331807662,36.2142870546862,11.5));
#8654=CARTESIAN_POINT('Origin',(-160.535719655295,36.2142870546862,11.5));
#8655=CARTESIAN_POINT('',(-159.634331807662,36.2142870546862,11.));
#8656=CARTESIAN_POINT('Origin',(-168.250005369581,34.2857156261148,11.));
#8657=CARTESIAN_POINT('',(-167.348617521947,34.2857156261148,11.5));
#8658=CARTESIAN_POINT('Origin',(-168.250005369581,34.2857156261148,11.5));
#8659=CARTESIAN_POINT('',(-167.348617521947,34.2857156261148,11.));
#8660=CARTESIAN_POINT('Origin',(-166.321433941009,32.3571441975434,11.));
#8661=CARTESIAN_POINT('',(-165.420046093376,32.3571441975434,11.5));
#8662=CARTESIAN_POINT('Origin',(-166.321433941009,32.3571441975434,11.5));
#8663=CARTESIAN_POINT('',(-165.420046093376,32.3571441975434,11.));
#8664=CARTESIAN_POINT('Origin',(-156.678576798152,40.0714299118291,11.));
#8665=CARTESIAN_POINT('',(-155.777188950519,40.0714299118291,11.5));
#8666=CARTESIAN_POINT('Origin',(-156.678576798152,40.0714299118291,11.5));
#8667=CARTESIAN_POINT('',(-155.777188950519,40.0714299118291,11.));
#8668=CARTESIAN_POINT('Origin',(-156.678576798152,36.2142870546862,11.));
#8669=CARTESIAN_POINT('',(-155.777188950519,36.2142870546862,11.5));
#8670=CARTESIAN_POINT('Origin',(-156.678576798152,36.2142870546862,11.5));
#8671=CARTESIAN_POINT('',(-155.777188950519,36.2142870546862,11.));
#8672=CARTESIAN_POINT('Origin',(-154.750005369581,36.2142870546862,11.));
#8673=CARTESIAN_POINT('',(-153.848617521947,36.2142870546862,11.5));
#8674=CARTESIAN_POINT('Origin',(-154.750005369581,36.2142870546862,11.5));
#8675=CARTESIAN_POINT('',(-153.848617521947,36.2142870546862,11.));
#8676=CARTESIAN_POINT('Origin',(-162.464291083866,40.0714299118291,11.));
#8677=CARTESIAN_POINT('',(-161.562903236233,40.0714299118291,11.5));
#8678=CARTESIAN_POINT('Origin',(-162.464291083866,40.0714299118291,11.5));
#8679=CARTESIAN_POINT('',(-161.562903236233,40.0714299118291,11.));
#8680=CARTESIAN_POINT('Origin',(-166.321433941009,30.4285727689719,11.));
#8681=CARTESIAN_POINT('',(-165.420046093376,30.4285727689719,11.5));
#8682=CARTESIAN_POINT('Origin',(-166.321433941009,30.4285727689719,11.5));
#8683=CARTESIAN_POINT('',(-165.420046093376,30.4285727689719,11.));
#8684=CARTESIAN_POINT('Origin',(-168.250005369581,32.3571441975434,11.));
#8685=CARTESIAN_POINT('',(-167.348617521947,32.3571441975434,11.5));
#8686=CARTESIAN_POINT('Origin',(-168.250005369581,32.3571441975434,11.5));
#8687=CARTESIAN_POINT('',(-167.348617521947,32.3571441975434,11.));
#8688=CARTESIAN_POINT('Origin',(-160.535719655295,40.0714299118291,11.));
#8689=CARTESIAN_POINT('',(-159.634331807662,40.0714299118291,11.5));
#8690=CARTESIAN_POINT('Origin',(-160.535719655295,40.0714299118291,11.5));
#8691=CARTESIAN_POINT('',(-159.634331807662,40.0714299118291,11.));
#8692=CARTESIAN_POINT('Origin',(-156.678576798152,38.1428584832577,11.));
#8693=CARTESIAN_POINT('',(-155.777188950519,38.1428584832577,11.5));
#8694=CARTESIAN_POINT('Origin',(-156.678576798152,38.1428584832577,11.5));
#8695=CARTESIAN_POINT('',(-155.777188950519,38.1428584832577,11.));
#8696=CARTESIAN_POINT('Origin',(-162.464291083866,38.1428584832577,11.));
#8697=CARTESIAN_POINT('',(-161.562903236233,38.1428584832577,11.5));
#8698=CARTESIAN_POINT('Origin',(-162.464291083866,38.1428584832577,11.5));
#8699=CARTESIAN_POINT('',(-161.562903236233,38.1428584832577,11.));
#8700=CARTESIAN_POINT('Origin',(-168.250005369581,36.2142870546862,11.));
#8701=CARTESIAN_POINT('',(-167.348617521947,36.2142870546862,11.5));
#8702=CARTESIAN_POINT('Origin',(-168.250005369581,36.2142870546862,11.5));
#8703=CARTESIAN_POINT('',(-167.348617521947,36.2142870546862,11.));
#8704=CARTESIAN_POINT('Origin',(-164.392862512438,40.0714299118291,11.));
#8705=CARTESIAN_POINT('',(-163.491474664805,40.0714299118291,11.5));
#8706=CARTESIAN_POINT('Origin',(-164.392862512438,40.0714299118291,11.5));
#8707=CARTESIAN_POINT('',(-163.491474664805,40.0714299118291,11.));
#8708=CARTESIAN_POINT('Origin',(-160.535719655295,38.1428584832577,11.));
#8709=CARTESIAN_POINT('',(-159.634331807662,38.1428584832577,11.5));
#8710=CARTESIAN_POINT('Origin',(-160.535719655295,38.1428584832577,11.5));
#8711=CARTESIAN_POINT('',(-159.634331807662,38.1428584832577,11.));
#8712=CARTESIAN_POINT('Origin',(-156.678576798152,28.5000013404005,11.));
#8713=CARTESIAN_POINT('',(-155.777188950519,28.5000013404005,11.5));
#8714=CARTESIAN_POINT('Origin',(-156.678576798152,28.5000013404005,11.5));
#8715=CARTESIAN_POINT('',(-155.777188950519,28.5000013404005,11.));
#8716=CARTESIAN_POINT('Origin',(-164.392862512438,32.3571441975434,11.));
#8717=CARTESIAN_POINT('',(-163.491474664805,32.3571441975434,11.5));
#8718=CARTESIAN_POINT('Origin',(-164.392862512438,32.3571441975434,11.5));
#8719=CARTESIAN_POINT('',(-163.491474664805,32.3571441975434,11.));
#8720=CARTESIAN_POINT('Origin',(-154.750005369581,40.0714299118291,11.));
#8721=CARTESIAN_POINT('',(-153.848617521947,40.0714299118291,11.5));
#8722=CARTESIAN_POINT('Origin',(-154.750005369581,40.0714299118291,11.5));
#8723=CARTESIAN_POINT('',(-153.848617521947,40.0714299118291,11.));
#8724=CARTESIAN_POINT('Origin',(-158.607148226723,42.0000013404005,11.));
#8725=CARTESIAN_POINT('',(-157.70576037909,42.0000013404005,11.5));
#8726=CARTESIAN_POINT('Origin',(-158.607148226723,42.0000013404005,11.5));
#8727=CARTESIAN_POINT('',(-157.70576037909,42.0000013404005,11.));
#8728=CARTESIAN_POINT('Origin',(-161.499997574513,35.2499994705981,11.5));
#8729=CARTESIAN_POINT('',(-170.499997439347,26.9999995945007,11.5));
#8730=CARTESIAN_POINT('',(-152.49999770968,26.9999995945007,11.5));
#8731=CARTESIAN_POINT('',(-152.49999770968,26.9999995945007,11.5));
#8732=CARTESIAN_POINT('',(-152.49999770968,43.4999993466955,11.5));
#8733=CARTESIAN_POINT('',(-152.49999770968,43.4999993466955,11.5));
#8734=CARTESIAN_POINT('',(-170.499997439347,43.4999993466955,11.5));
#8735=CARTESIAN_POINT('',(-170.499997439347,43.4999993466955,11.5));
#8736=CARTESIAN_POINT('',(-170.499997439347,26.9999995945007,11.5));
#8737=CARTESIAN_POINT('Origin',(-153.499997694661,27.4999995869914,1.));
#8738=CARTESIAN_POINT('',(-153.499997694661,27.4999995869914,1.));
#8739=CARTESIAN_POINT('',(-169.499997454365,27.4999995869914,1.));
#8740=CARTESIAN_POINT('',(-153.499997694661,27.4999995869914,1.));
#8741=CARTESIAN_POINT('',(-169.499997454365,27.4999995869914,1.));
#8742=CARTESIAN_POINT('',(-153.499997694661,27.4999995869914,1.));
#8743=CARTESIAN_POINT('Origin',(-153.499997694661,42.9999993542048,1.));
#8744=CARTESIAN_POINT('',(-153.499997694661,42.9999993542048,1.));
#8745=CARTESIAN_POINT('',(-153.499997694661,27.9999995794822,1.));
#8746=CARTESIAN_POINT('',(-153.499997694661,42.9999993542048,1.));
#8747=CARTESIAN_POINT('Origin',(-169.499997454365,42.9999993542048,1.));
#8748=CARTESIAN_POINT('',(-169.499997454365,42.9999993542048,1.));
#8749=CARTESIAN_POINT('',(-169.499997454365,42.9999993542048,1.));
#8750=CARTESIAN_POINT('',(-169.499997454365,42.9999993542048,1.));
#8751=CARTESIAN_POINT('Origin',(-169.499997454365,27.4999995869914,1.));
#8752=CARTESIAN_POINT('',(-169.499997454365,42.499999361714,1.));
#8753=CARTESIAN_POINT('Origin',(-170.499997439347,26.9999995945007,1.));
#8754=CARTESIAN_POINT('',(-152.49999770968,26.9999995945007,1.));
#8755=CARTESIAN_POINT('',(-170.499997439347,26.9999995945007,1.));
#8756=CARTESIAN_POINT('',(-169.499997454365,26.9999995945007,1.));
#8757=CARTESIAN_POINT('',(-152.49999770968,26.9999995945007,1.));
#8758=CARTESIAN_POINT('',(-170.499997439347,26.9999995945007,1.));
#8759=CARTESIAN_POINT('Origin',(-170.499997439347,43.4999993466955,1.));
#8760=CARTESIAN_POINT('',(-170.499997439347,43.4999993466955,1.));
#8761=CARTESIAN_POINT('',(-170.499997439347,42.499999361714,1.));
#8762=CARTESIAN_POINT('',(-170.499997439347,43.4999993466955,1.));
#8763=CARTESIAN_POINT('Origin',(-152.49999770968,43.4999993466955,1.));
#8764=CARTESIAN_POINT('',(-152.49999770968,43.4999993466955,1.));
#8765=CARTESIAN_POINT('',(-152.49999770968,43.4999993466955,1.));
#8766=CARTESIAN_POINT('',(-152.49999770968,43.4999993466955,1.));
#8767=CARTESIAN_POINT('Origin',(-152.49999770968,26.9999995945007,1.));
#8768=CARTESIAN_POINT('',(-152.49999770968,26.9999995945007,1.));
#8769=CARTESIAN_POINT('Origin',(-161.499997574513,35.2499994705981,1.));
#8770=CARTESIAN_POINT('Origin',(-116.129372990896,61.1974893237756,6.));
#8771=CARTESIAN_POINT('',(-128.216011828733,47.1086166060974,1.));
#8772=CARTESIAN_POINT('',(-118.142545291861,68.7112353079397,1.));
#8773=CARTESIAN_POINT('',(-128.216011828733,47.1086166060974,1.));
#8774=CARTESIAN_POINT('',(-119.152933958366,42.8824339886904,11.));
#8775=CARTESIAN_POINT('',(-125.950242361141,46.0520709517457,3.5));
#8776=CARTESIAN_POINT('',(-113.305650038902,55.4219748201662,11.));
#8777=CARTESIAN_POINT('',(-111.597834055713,59.0843980150721,11.));
#8778=CARTESIAN_POINT('',(-113.305650038902,55.4219748201662,11.));
#8779=CARTESIAN_POINT('Origin',(-110.191591880717,59.4867552478771,6.));
#8780=CARTESIAN_POINT('',(-108.950001616138,53.3909026044008,11.));
#8781=CARTESIAN_POINT('',(-112.304683189421,54.9552163126939,11.));
#8782=CARTESIAN_POINT('',(-104.723818998731,62.4539804747673,1.));
#8783=CARTESIAN_POINT('',(-108.298731287301,54.7875563317151,9.45896311684474));
#8784=CARTESIAN_POINT('',(-118.142545291861,68.7112353079397,1.));
#8785=CARTESIAN_POINT('Origin',(-116.469915413732,54.7812985404323,11.));
#8786=CARTESIAN_POINT('',(-114.797285535603,40.851361772925,11.));
#8787=CARTESIAN_POINT('',(-114.797285535603,40.851361772925,11.));
#8788=CARTESIAN_POINT('',(-104.723818998731,62.4539804747673,11.));
#8789=CARTESIAN_POINT('Origin',(-128.216011828733,47.1086166060974,1.));
#8790=CARTESIAN_POINT('',(-114.797285535603,40.851361772925,1.));
#8791=CARTESIAN_POINT('',(-114.797285535603,40.851361772925,1.));
#8792=CARTESIAN_POINT('',(-114.797285535603,40.851361772925,1.));
#8793=CARTESIAN_POINT('Origin',(-114.797285535603,40.851361772925,1.));
#8794=CARTESIAN_POINT('',(-104.723818998731,62.4539804747673,1.));
#8795=CARTESIAN_POINT('Origin',(-116.469915413732,54.7812985404323,1.));
#8796=CARTESIAN_POINT('',(0.,0.,0.));
#8797=UNCERTAINTY_MEASURE_WITH_UNIT(LENGTH_MEASURE(0.000393700787401575),
#8804,'DISTANCE_ACCURACY_VALUE',
'Maximum model space distance between geometric entities at asserted c
onnectivities');
#8798=UNCERTAINTY_MEASURE_WITH_UNIT(LENGTH_MEASURE(0.000393700787401575),
#8804,'DISTANCE_ACCURACY_VALUE',
'Maximum model space distance between geometric entities at asserted c
onnectivities');
#8799=UNCERTAINTY_MEASURE_WITH_UNIT(LENGTH_MEASURE(0.000393700787401575),
#8804,'DISTANCE_ACCURACY_VALUE',
'Maximum model space distance between geometric entities at asserted c
onnectivities');
#8800=(
GEOMETRIC_REPRESENTATION_CONTEXT(3)
GLOBAL_UNCERTAINTY_ASSIGNED_CONTEXT((#8797))
GLOBAL_UNIT_ASSIGNED_CONTEXT((#8804,#8808,#8809))
REPRESENTATION_CONTEXT('','3D')
);
#8801=(
GEOMETRIC_REPRESENTATION_CONTEXT(3)
GLOBAL_UNCERTAINTY_ASSIGNED_CONTEXT((#8798))
GLOBAL_UNIT_ASSIGNED_CONTEXT((#8804,#8808,#8809))
REPRESENTATION_CONTEXT('','3D')
);
#8802=(
GEOMETRIC_REPRESENTATION_CONTEXT(3)
GLOBAL_UNCERTAINTY_ASSIGNED_CONTEXT((#8799))
GLOBAL_UNIT_ASSIGNED_CONTEXT((#8804,#8808,#8809))
REPRESENTATION_CONTEXT('','3D')
);
#8803=DIMENSIONAL_EXPONENTS(1.,0.,0.,0.,0.,0.,0.);
#8804=(
CONVERSION_BASED_UNIT('inch',#8807)
LENGTH_UNIT()
NAMED_UNIT(#8803)
);
#8805=(
LENGTH_UNIT()
NAMED_UNIT(*)
SI_UNIT(.MILLI.,.METRE.)
);
#8806=(
LENGTH_UNIT()
NAMED_UNIT(*)
SI_UNIT($,.METRE.)
);
#8807=LENGTH_MEASURE_WITH_UNIT(LENGTH_MEASURE(25.4),#8805);
#8808=(
NAMED_UNIT(*)
PLANE_ANGLE_UNIT()
SI_UNIT($,.RADIAN.)
);
#8809=(
NAMED_UNIT(*)
SI_UNIT($,.STERADIAN.)
SOLID_ANGLE_UNIT()
);
#8810=SHAPE_DEFINITION_REPRESENTATION(#8812,#8815);
#8811=SHAPE_DEFINITION_REPRESENTATION(#8813,#8816);
#8812=PRODUCT_DEFINITION_SHAPE('',$,#8818);
#8813=PRODUCT_DEFINITION_SHAPE('',$,#8819);
#8814=PRODUCT_DEFINITION_SHAPE($,$,#14);
#8815=SHAPE_REPRESENTATION('',(#5280,#5751),#8800);
#8816=SHAPE_REPRESENTATION('',(#5281),#8801);
#8817=PRODUCT_DEFINITION_CONTEXT('part definition',#8825,'design');
#8818=PRODUCT_DEFINITION('Field Outline','Field Outline v12',#8820,#8817);
#8819=PRODUCT_DEFINITION('Component43','Component43',#8821,#8817);
#8820=PRODUCT_DEFINITION_FORMATION('',$,#8827);
#8821=PRODUCT_DEFINITION_FORMATION('',$,#8828);
#8822=PRODUCT_RELATED_PRODUCT_CATEGORY('Field Outline v12',
'Field Outline v12',(#8827));
#8823=PRODUCT_RELATED_PRODUCT_CATEGORY('Component43','Component43',(#8828));
#8824=APPLICATION_PROTOCOL_DEFINITION('international standard',
'automotive_design',2009,#8825);
#8825=APPLICATION_CONTEXT(
'Core Data for Automotive Mechanical Design Process');
#8826=PRODUCT_CONTEXT('part definition',#8825,'mechanical');
#8827=PRODUCT('Field Outline','Field Outline v12',$,(#8826));
#8828=PRODUCT('Component43','Component43',$,(#8826));
#8829=PRESENTATION_STYLE_ASSIGNMENT((#8835));
#8830=PRESENTATION_STYLE_ASSIGNMENT((#8836));
#8831=PRESENTATION_STYLE_ASSIGNMENT((#8837));
#8832=PRESENTATION_STYLE_ASSIGNMENT((#8838));
#8833=PRESENTATION_STYLE_ASSIGNMENT((#8839));
#8834=PRESENTATION_STYLE_ASSIGNMENT((#8840));
#8835=SURFACE_STYLE_USAGE(.BOTH.,#8841);
#8836=SURFACE_STYLE_USAGE(.BOTH.,#8842);
#8837=SURFACE_STYLE_USAGE(.BOTH.,#8843);
#8838=SURFACE_STYLE_USAGE(.BOTH.,#8844);
#8839=SURFACE_STYLE_USAGE(.BOTH.,#8845);
#8840=SURFACE_STYLE_USAGE(.BOTH.,#8846);
#8841=SURFACE_SIDE_STYLE('',(#8847));
#8842=SURFACE_SIDE_STYLE('',(#8848));
#8843=SURFACE_SIDE_STYLE('',(#8849));
#8844=SURFACE_SIDE_STYLE('',(#8850));
#8845=SURFACE_SIDE_STYLE('',(#8851));
#8846=SURFACE_SIDE_STYLE('',(#8852));
#8847=SURFACE_STYLE_FILL_AREA(#8853);
#8848=SURFACE_STYLE_FILL_AREA(#8854);
#8849=SURFACE_STYLE_FILL_AREA(#8855);
#8850=SURFACE_STYLE_FILL_AREA(#8856);
#8851=SURFACE_STYLE_FILL_AREA(#8857);
#8852=SURFACE_STYLE_FILL_AREA(#8858);
#8853=FILL_AREA_STYLE('Steel - Satin',(#8859));
#8854=FILL_AREA_STYLE('Powder Coat - Rough (Grey)',(#8860));
#8855=FILL_AREA_STYLE(
'EPX 150 - Air Baked (with Carbon M2 M3 L1 3D Printers)',(#8861));
#8856=FILL_AREA_STYLE('Tough 2000 (with Formlabs SLA 3D Printers)',(#8862));
#8857=FILL_AREA_STYLE('ABS (White)',(#8863));
#8858=FILL_AREA_STYLE('Glass - Light Color',(#8864));
#8859=FILL_AREA_STYLE_COLOUR('Steel - Satin',#8865);
#8860=FILL_AREA_STYLE_COLOUR('Powder Coat - Rough (Grey)',#8866);
#8861=FILL_AREA_STYLE_COLOUR(
'EPX 150 - Air Baked (with Carbon M2 M3 L1 3D Printers)',#8867);
#8862=FILL_AREA_STYLE_COLOUR(
'Tough 2000 (with Formlabs SLA 3D Printers)',#8868);
#8863=FILL_AREA_STYLE_COLOUR('ABS (White)',#8869);
#8864=FILL_AREA_STYLE_COLOUR('Glass - Light Color',#8870);
#8865=COLOUR_RGB('Steel - Satin',0.627450980392157,0.627450980392157,0.627450980392157);
#8866=COLOUR_RGB('Powder Coat - Rough (Grey)',0.701960784313725,0.701960784313725,
0.701960784313725);
#8867=COLOUR_RGB(
'EPX 150 - Air Baked (with Carbon M2 M3 L1 3D Printers)',0.247058823529412,
0.247058823529412,0.247058823529412);
#8868=COLOUR_RGB('Tough 2000 (with Formlabs SLA 3D Printers)',0.247058823529412,
0.247058823529412,0.247058823529412);
#8869=COLOUR_RGB('ABS (White)',0.964705882352941,0.964705882352941,0.952941176470588);
#8870=COLOUR_RGB('Glass - Light Color',0.0980392156862745,0.0980392156862745,
0.0980392156862745);
ENDSEC;
END-ISO-10303-21;
